x,,,,,,
1,1,,,,Ashley Williams,314
2,2,,,,Steve Cook,298
3,3,,,,Toby Alderweireld,285
4,4,,,,Virgil van Dijk,260
5,5,,,,Robert Huth,258
6,6,,,,Sebastien Bassong,256
7,7,,,,Chancel Mbemba,231
8,8,,,,José Fonte,224
9,9,,,,Federico Fernández,217
10,9,,,,Ramiro Funes Mori,217
11,11,,,,Wes Morgan,216
12,12,,,,Nicolás Otamendi,209
13,13,,,,Simon Francis,206
14,14,,,,Damien Delaney,204
15,15,,,,Russell Martin,201
16,16,,,,Younes Kaboul,196
17,17,,,,Laurent Koscielny,186
18,17,,,,Joleon Lescott,186
19,19,,,,John O'Shea,183
20,20,,,,Chris Smalling,180
21,1,,,,Ashley Williams,314
22,2,,,,Steve Cook,298
23,3,,,,Toby Alderweireld,285
24,4,,,,Virgil van Dijk,260
25,5,,,,Robert Huth,258
26,6,,,,Sebastien Bassong,256
27,7,,,,Chancel Mbemba,231
28,8,,,,José Fonte,224
29,9,,,,Federico Fernández,217
30,9,,,,Ramiro Funes Mori,217
31,11,,,,Wes Morgan,216
32,12,,,,Nicolás Otamendi,209
33,13,,,,Simon Francis,206
34,14,,,,Damien Delaney,204
35,15,,,,Russell Martin,201
36,16,,,,Younes Kaboul,196
37,17,,,,Laurent Koscielny,186
38,17,,,,Joleon Lescott,186
39,19,,,,John O'Shea,183
40,20,,,,Chris Smalling,180
41,21,,,,Scott Dann,179
42,22,,,,Jan Vertonghen,174
43,23,,,,Ryan Bennett,172
44,23,,,,Gareth McAuley,172
45,25,,,,Craig Cathcart,171
46,26,,,,Phil Jagielka,170
47,27,,,,Philipp Wollscheid,164
48,28,,,,Craig Dawson,162
49,29,,,,Angelo Ogbonna,161
50,30,,,,Winston Reid,154
51,31,,,,Dejan Lovren,153
52,32,,,,James Collins,151
53,33,,,,Martin Skrtel,147
54,34,,,,Micah Richards,142
55,35,,,,Lamine Koné,138
56,36,,,,Mamadou Sakho,137
57,37,,,,Ciaran Clark,127
58,37,,,,Jonas Olsson,127
59,37,,,,John Stones,127
60,40,,,,Miguel Britos,126
61,41,,,,Danny Simpson,125
62,42,,,,Kurt Zouma,123
63,43,,,,Christian Fuchs,122
64,43,,,,Pape Souaré,122
65,45,,,,Eliaquim Mangala,120
66,46,,,,Daley Blind,119
67,47,,,,Gary Cahill,114
68,47,,,,Nacho Monreal,114
69,49,,,,Gabriel Paulista,112
70,50,,,,Yann M'Vila,110
71,51,,,,Joel Ward,109
72,52,,,,Per Mertesacker,108
73,53,,,,Kyle Walker,106
74,54,,,,Jonny Evans,104
75,55,,,,César Azpilicueta,102
76,55,,,,Timm Klose,102
77,55,,,,Patrick van Aanholt,102
78,58,,,,James Tomkins,101
79,59,,,,Bacary Sagna,99
80,59,,,,Glenn Whelan,99
81,61,,,,Geoff Cameron,98
82,62,,,,Fabricio Coloccini,97
83,63,,,,Ryan Shawcross,94
84,64,,,,Erik Pieters,93
85,64,,,,Sebastian Prödl,93
86,66,,,,Sebastián Coates,90
87,67,,,,Robbie Brady,89
88,67,,,,DeAndre Yedlin,89
89,69,,,,Ryan Bertrand,88
90,69,,,,Aaron Cresswell,88
91,69,,,,Paul Dummett,88
92,69,,,,John Terry,88
93,73,,,,Branislav Ivanovic,87
94,74,,,,Héctor Bellerín,85
95,75,,,,Daryl Janmaat,83
96,75,,,,Jores Okore,83
97,77,,,,Gareth Barry,79
98,77,,,,Danny Rose,79
99,79,,,,Vincent Kompany,78
100,80,,,,Jamaal Lascelles,77
101,81,,,,Heurelho Gomes,76
102,81,,,,Charlie Daniels,76
103,81,,,,Martín Demichelis,76
104,84,,,,Aly Cissokho,75
105,85,,,,Nathan Aké,72
106,85,,,,Angel Rangel,72
107,87,,,,Séamus Coleman,71
108,87,,,,Aleksandar Kolarov,71
109,89,,,,Eric Dier,70
110,89,,,,Allan-Roméo Nyom,70
111,91,,,,Neil Taylor,69
112,92,,,,Chris Brunt,68
113,92,,,,Daniel Drinkwater,68
114,94,,,,Cédric Soares,67
115,94,,,,Jack Cork,67
116,94,,,,Maya Yoshida,67
117,97,,,,Jonny Howson,66
118,97,,,,Martin Olsson,66
119,97,,,,Claudio Yacob,66
120,100,,,,Wes Brown,65
121,100,,,,Kyle Naughton,65
122,102,,,,Billy Jones,64
123,103,,,,Andrew Surman,63
124,104,,,,Victor Wanyama,62
125,104,,,,Ben Watson,62
126,106,,,,Ben Davies,61
127,107,,,,Brede Hangeland,60
128,108,,,,Mile Jedinak,58
129,109,,,,Nathaniel Clyne,57
130,109,,,,N'Golo Kanté,57
131,109,,,,Cheikhou Kouyaté,57
132,112,,,,Carl Jenkinson,54
133,113,,,,Leandro Bacuna,53
134,113,,,,Matteo Darmian,53
135,113,,,,James McClean,53
136,116,,,,Tommy Elphick,52
137,116,,,,Alan Hutton,52
138,118,,,,Alexander Tettey,51
139,119,,,,James Chester,50
140,120,,,,Jan Kirchhoff,49
141,120,,,,Adam Smith,49
142,120,,,,Kevin Wimmer,49
143,123,,,,Troy Deeney,48
144,123,,,,James McCarthy,48
145,123,,,,Alberto Moreno,48
146,123,,,,Morgan Schneiderlin,48
147,127,,,,Sylvain Distin,47
148,127,,,,Nemanja Matic,47
149,129,,,,Michail Antonio,45
150,129,,,,Etienne Capoue,45
151,129,,,,Hugo Lloris,45
152,129,,,,Salomón Rondón,45
153,129,,,,Kolo Touré,45
154,134,,,,Fernandinho,44
155,134,,,,Marc Muniesa,44
156,136,,,,Emre Can,43
157,136,,,,Joe Hart,43
158,138,,,,Leighton Baines,42
159,139,,,,Vurnon Anita,40
160,139,,,,Gaël Clichy,40
161,139,,,,Lukasz Fabianski,40
162,142,,,,Jack Colback,39
163,143,,,,Steven Davis,38
164,143,,,,Martin Kelly,38
165,145,,,,Steven Taylor,37
166,145,,,,James Ward-Prowse,37
167,147,,,,Michael Carrick,36
168,147,,,,Darren Fletcher,36
169,147,,,,Fernando,36
170,147,,,,Moussa Sissoko,36
171,151,,,,Adam Lallana,35
172,151,,,,Yaya Touré,35
173,151,,,,Pablo Zabaleta,35
174,154,,,,José Holebas,34
175,154,,,,Cuco Martina,34
176,154,,,,John Obi Mikel,34
177,154,,,,Bryan Oviedo,34
178,154,,,,Adrián,34
179,159,,,,Ikechi Anya,33
180,159,,,,Petr Cech,33
181,159,,,,Mousa Dembélé,33
182,159,,,,Matt Targett,33
183,163,,,,Dele Alli,32
184,163,,,,Jordan Amavi,32
185,163,,,,Abdul Rahman Baba,32
186,163,,,,Phil Bardsley,32
187,163,,,,Aleksandar Mitrovic,32
188,163,,,,Matt Ritchie,32
189,163,,,,Marcos Rojo,32
190,163,,,,Kasper Schmeichel,32
191,171,,,,Lee Cattermole,31
192,171,,,,Harry Kane,31
193,171,,,,Oriol Romeu,31
194,174,,,,Fabio Borini,30
195,174,,,,Brendan Galloway,30
196,174,,,,Idrissa Gueye,30
197,174,,,,Gary O'Neil,30
198,174,,,,Graziano Pellè,30
199,179,,,,Kyle Bartley,29
200,179,,,,Rudy Gestede,29
201,179,,,,Cheick Tioté,29
202,182,,,,Jordi Amat,28
203,182,,,,Andy Carroll,28
204,182,,,,Jordy Clasie,28
205,182,,,,Ivo Pinto,28
206,186,,,,Yannick Bolasie,27
207,186,,,,Odion Ighalo,27
208,186,,,,Glen Johnson,27
209,189,,,,Thibaut Courtois,26
210,189,,,,Olivier Giroud,26
211,189,,,,Brad Guzan,26
212,189,,,,Joe Ledley,26
213,189,,,,Lucas Leiva,26
214,189,,,,Simon Mignolet,26
215,189,,,,Jonathan Walters,26
216,196,,,,Diego Costa,25
217,196,,,,Ritchie de Laet,25
218,196,,,,Christian Eriksen,25
219,196,,,,Mathieu Flamini,25
220,196,,,,Carlos Sánchez,25
221,196,,,,Jonjo Shelvey,25
222,202,,,,Almen Abdi,24
223,202,,,,Robert Elliot,24
224,202,,,,Craig Gardner,24
225,202,,,,Phil Jones,24
226,202,,,,Andy King,24
227,207,,,,Vito Mannone,23
228,207,,,,James Milner,23
229,207,,,,Ashley Westwood,23
230,207,,,,Steven Whittaker,23
231,207,,,,Andre Wisdom,23
232,212,,,,Francis Coquelin,22
233,212,,,,Marouane Fellaini,22
234,212,,,,Dieudonne Mbokani Bezua,22
235,215,,,,Calum Chambers,21
236,215,,,,David de Gea,21
237,215,,,,Oscar,21
238,215,,,,Dan Gosling,21
239,215,,,,Shane Long,21
240,215,,,,Pedro Obiang,21
241,215,,,,John Ruddy,21
242,215,,,,Jeffrey Schlupp,21
243,215,,,,Leonardo Ulloa,21
244,224,,,,Jack Butland,20
245,224,,,,Stephen Kingsley,20
246,224,,,,James McArthur,20
247,224,,,,Aaron Ramsey,20
248,224,,,,Kieran Richardson,20
249,224,,,,Connor Wickham,20
250,230,,,,Marc Albrighton,19
251,230,,,,Asmir Begovic,19
252,230,,,,Cesc Fàbregas,19
253,230,,,,Bafétimbi Gomis,19
254,230,,,,Juan Mata,19
255,230,,,,Boaz Myhill,19
256,230,,,,Mark Noble,19
257,230,,,,Diafra Sakho,19
258,230,,,,Luke Shaw,19
259,239,,,,Ross Barkley,18
260,239,,,,Mame Biram Diouf,18
261,239,,,,Joseph Gomez,18
262,239,,,,Massadio Haidara,18
263,239,,,,Ki Sung-yueng,18
264,239,,,,Anthony Martial,18
265,239,,,,Dusan Tadic,18
266,239,,,,Kevin Toner,18
267,239,,,,Antonio Valencia,18
268,239,,,,Ashley Young,18
269,249,,,,Cameron Borthwick-Jackson,17
270,249,,,,Artur Boruc,17
271,249,,,,Leon Britton,17
272,249,,,,Yohan Cabaye,17
273,249,,,,Tom Cleverley,17
274,249,,,,Jon Flanagan,17
275,249,,,,Jordan Henderson,17
276,249,,,,Ander Herrera,17
277,249,,,,Matthew Pennington,17
278,249,,,,Jack Rodwell,17
279,249,,,,Marcin Wasilewski,17
280,260,,,,Muhamed Besic,16
281,260,,,,Nacer Chadli,16
282,260,,,,Mohamed Elneny,16
283,260,,,,Bastian Schweinsteiger,16
284,260,,,,Enner Valencia,16
285,260,,,,Marco van Ginkel,16
286,260,,,,Georginio Wijnaldum,16
287,267,,,,Santi Cazorla,15
288,267,,,,Leroy Fer,15
289,267,,,,Darron Gibson,15
290,267,,,,Aaron Lennon,15
291,267,,,,Wayne Rooney,15
292,267,,,,Gylfi Sigurdsson,15
293,267,,,,Jordan Veretout,15
294,267,,,,Marc Wilson,15
295,275,,,,Charlie Adam,14
296,275,,,,Marko Arnautovic,14
297,275,,,,Steven Caulker,14
298,275,,,,Karl Darlow,14
299,275,,,,Tim Howard,14
300,275,,,,Riyad Mahrez,14
301,275,,,,Sadio Mané,14
302,275,,,,Jason Puncheon,14
303,275,,,,Kevin Stewart,14
304,284,,,,André Ayew,13
305,284,,,,Christian Benteke,13
306,284,,,,Kevin De Bruyne,13
307,284,,,,Timothy Fosu-Mensah,13
308,284,,,,Patrick McNair,13
309,284,,,,Eunan O'Kane,13
310,284,,,,Juan Carlos Paredes,13
311,284,,,,Ayoze Pérez,13
312,284,,,,Marc Pugh,13
313,293,,,,Ibrahim Afellay,12
314,293,,,,Roberto Firmino,12
315,293,,,,Tyias Browning,12
316,293,,,,Graham Dorrans,12
317,293,,,,Fraser Forster,12
318,293,,,,Sandro,12
319,293,,,,Joshua King,12
320,293,,,,Adrian Mariappa,12
321,293,,,,Brad Smith,12
322,293,,,,Kieran Trippier,12
323,303,,,,Sam Byram,11
324,303,,,,Cameron Jerome,11
325,303,,,,Sebastian Larsson,11
326,303,,,,Jesse Lingard,11
327,303,,,,Joselu,11
328,303,,,,James Morrison,11
329,303,,,,Jesús Navas,11
330,303,,,,Costel Pantilimon,11
331,303,,,,Junior Stanislas,11
332,303,,,,Mario Suárez,11
333,313,,,,Rolando Aarons,10
334,313,,,,Valon Behrami,10
335,313,,,,Papiss Demba Cissé,10
336,313,,,,Kieran Gibbs,10
337,313,,,,Jeremain Lens,10
338,313,,,,Mesut Özil,10
339,313,,,,Nathan Redmond,10
340,313,,,,Joel Robles,10
341,313,,,,Maarten Stekelenburg,10
342,313,,,,Andros Townsend,10
343,323,,,,Benik Afobe,9
344,323,,,,Gabriel Agbonlahor,9
345,323,,,,Harry Arter,9
346,323,,,,Mark Bunn,9
347,323,,,,Peter Crouch,9
348,323,,,,Wayne Hennessey,9
349,323,,,,Tim Krul,9
350,323,,,,Ryan Mason,9
351,323,,,,Matt Miazga,9
352,323,,,,Glenn Murray,9
353,323,,,,Alex Oxlade-Chamberlain,9
354,323,,,,Marcus Rashford,9
355,323,,,,Wayne Routledge,9
356,323,,,,Declan Rudd,9
357,337,,,,Joe Allen,8
358,337,,,,Victor Anichebe,8
359,337,,,,Mikel Arteta,8
360,337,,,,Jordan Ayew,8
361,337,,,,Wilfried Bony,8
362,337,,,,Fabian Delph,8
363,337,,,,Memphis Depay,8
364,337,,,,Wahbi Khazri,8
365,337,,,,Jordon Mutch,8
366,337,,,,Steven Naismith,8
367,337,,,,Reece Oxford,8
368,337,,,,Theo Walcott,8
369,337,,,,Mauro Zárate,8
370,350,,,,Emmanuel Adebayor,7
371,350,,,,Charlie Austin,7
372,350,,,,Philippe Coutinho,7
373,350,,,,Jordi Gómez,7
374,350,,,,Adam Johnson,7
375,350,,,,José Manuel Jurado,7
376,350,,,,Arouna Koné,7
377,350,,,,Éder,7
378,350,,,,Bakary Sako,7
379,350,,,,Ramires,7
380,350,,,,Son Heung-Min,7
381,350,,,,Jamie Vardy,7
382,350,,,,Wilfried Zaha,7
383,363,,,,Steven Fletcher,6
384,363,,,,Ben Foster,6
385,363,,,,Danny Graham,6
386,363,,,,Kelechi Iheanacho,6
387,363,,,,Rickie Lambert,6
388,363,,,,Jordan Lyden,6
389,363,,,,Kevin Mirallas,6
390,363,,,,Dame N'Doye,6
391,363,,,,Kenedy,6
392,363,,,,Shinji Okazaki,6
393,363,,,,Alexis Sánchez,6
394,363,,,,Stéphane Sessegnon,6
395,363,,,,Alexandre Song,6
396,363,,,,Ola Toivonen,6
397,363,,,,Guillermo Varela,6
398,363,,,,Danny Welbeck,6
399,379,,,,Modou Barrow,5
400,379,,,,Willian,5
401,379,,,,Gerard Deulofeu,5
402,379,,,,Adam Federici,5
403,379,,,,Carles Gil,5
404,379,,,,Max-Alain Gradel,5
405,379,,,,Giannelli Imbula,5
406,379,,,,Libor Kozák,5
407,379,,,,Erik Lamela,5
408,379,,,,Manuel Lanzini,5
409,379,,,,Romelu Lukaku,5
410,379,,,,Alex McCarthy,5
411,379,,,,Vadis Odjidja-Ofoe,5
412,379,,,,Pedro,5
413,393,,,,Yohan Benalouane,4
414,393,,,,Tom Carroll,4
415,393,,,,Emmanuel Emenike,4
416,393,,,,Eden Hazard,4
417,393,,,,Matthew Jarvis,4
418,393,,,,Nikica Jelavic,4
419,393,,,,Jonjoe Kenny,4
420,393,,,,Ruben Loftus-Cheek,4
421,393,,,,Youssouf Mulumbu,4
422,393,,,,Gabriel Obertan,4
423,393,,,,Alberto Paloschi,4
424,393,,,,Loïc Rémy,4
425,393,,,,Scott Sinclair,4
426,393,,,,Daniel Sturridge,4
427,393,,,,Duncan Watmore,4
428,408,,,,Patrick Bamford,3
429,408,,,,Joel Campbell,3
430,408,,,,Marouane Chamakh,3
431,408,,,,Callum Connolly,3
432,408,,,,Dwight Gayle,3
433,408,,,,Shay Given,3
434,408,,,,Yoan Gouffran,3
435,408,,,,Jakob Haugaard,3
436,408,,,,Bradley Johnson,3
437,408,,,,Chung-Yong Lee,3
438,408,,,,Jonathan Leko,3
439,408,,,,Victor Moses,3
440,408,,,,Steven Pienaar,3
441,408,,,,Sébastien Pocognoli,3
442,408,,,,Thomas Robson,3
443,408,,,,Xherdan Shaqiri,3
444,408,,,,David Silva,3
445,408,,,,Raheem Sterling,3
446,408,,,,Dionatan Teixeira,3
447,408,,,,Fikayo Tomori,3
448,408,,,,Bertrand Traoré,3
449,408,,,,Jack Wilshere,3
450,430,,,,Daniel Amartey,2
451,430,,,,Adam Bogdan,2
452,430,,,,Willy Caballero,2
453,430,,,,Fraizer Campbell,2
454,430,,,,Siem de Jong,2
455,430,,,,Jermain Defoe,2
456,430,,,,Paulo Gazzaniga,2
457,430,,,,Demarai Gray,2
458,430,,,,Víctor Ibarbo,2
459,430,,,,Danny Ings,2
460,430,,,,Miguel Layún,2
461,430,,,,Kevin Mbabu,2
462,430,,,,Jefferson Montero,2
463,430,,,,Dimitri Payet,2
464,430,,,,Darren Randolph,2
465,430,,,,Jay Rodriguez,2
466,430,,,,Sergio Romero,2
467,430,,,,Henri Saivet,2
468,430,,,,Florian Thauvin,2
469,449,,,,Nordin Amrabat,1
470,449,,,,Giedrius Arlauskis,1
471,449,,,,Nabil Bentaleb,1
472,449,,,,Saido Berahino,1
473,449,,,,Steven Berghuis,1
474,449,,,,Pedro Chirivella,1
475,449,,,,Juan Cuadrado,1
476,449,,,,Josh Cullen,1
477,449,,,,Alexandre Pato,1
478,449,,,,Tom Davies,1
479,449,,,,Kelvin Davis,1
480,449,,,,Mathieu Debuchy,1
481,449,,,,Alessandro Diamanti,1
482,449,,,,Radamel Falcao,1
483,449,,,,Lewis Grabban,1
484,449,,,,Jack Grealish,1
485,449,,,,Adlène Guédioura,1
486,449,,,,George Honeyman,1
487,449,,,,Wes Hoolahan,1
488,449,,,,Stephen Ireland,1
489,449,,,,Alex Iwobi,1
490,449,,,,Adnan Januzaj,1
491,449,,,,Yann Kermorgant,1
492,449,,,,Bojan,1
493,449,,,,Kyle Lafferty,1
494,449,,,,Adam Matthews,1
495,449,,,,Kevin Nolan,1
496,449,,,,Kristoffer Nordfeldt,1
497,449,,,,Peter Odemwingie,1
498,449,,,,Sheyi Ojo,1
499,449,,,,Divock Origi,1
500,449,,,,Leon Osman,1
x,,,,,,
1,,,,,,
2,,,,,,
3,,,,,,
4,,,,,,
5,,,,,,
6,,,,,,
7,,,,,,
8,,,,,,
9,,,,,,
10,,,,,,
11,,,,,,
12,,,,,,
13,,,,,,
14,,,,,,
15,,,,,,
16,,,,,,
17,,,,,,
18,,,,,,
19,,,,,,
20,,,,,,
21,,,,,,
22,,,,,,
23,,,,,,
24,,,,,,
25,,,,,,
26,,,,,,
27,,,,,,
28,,,,,,
29,,,,,,
30,,,,,,
31,,,,,,
32,,,,,,
33,,,,,,
34,,,,,,
35,,,,,,
36,,,,,,
37,,,,,,
38,,,,,,
39,,,,,,
40,,,,,,
41,,,,,,
42,,,,,,
43,,,,,,
44,,,,,,
45,,,,,,
46,,,,,,
47,,,,,,
48,,,,,,
49,,,,,,
50,,,,,,
51,,,,,,
52,,,,,,
53,,,,,,
54,,,,,,
55,,,,,,
56,,,,,,
57,,,,,,
58,,,,,,
59,,,,,,
60,,,,,,
61,,,,,,
62,,,,,,
63,,,,,,
64,,,,,,
65,,,,,,
66,,,,,,
67,,,,,,
68,,,,,,
69,,,,,,
70,,,,,,
71,,,,,,
72,,,,,,
73,,,,,,
74,,,,,,
75,,,,,,
76,,,,,,
77,,,,,,
78,,,,,,
79,,,,,,
80,,,,,,
81,,,,,,
82,,,,,,
83,,,,,,
84,,,,,,
85,,,,,,
86,,,,,,
87,,,,,,
88,,,,,,
89,,,,,,
90,,,,,,
91,,,,,,
92,,,,,,
93,,,,,,
94,,,,,,
95,,,,,,
96,,,,,,
97,,,,,,
98,,,,,,
99,,,,,,
100,,,,,,
101,,,,,,
102,,,,,,
103,,,,,,
104,,,,,,
105,,,,,,
106,,,,,,
107,,,,,,
108,,,,,,
109,,,,,,
110,,,,,,
111,,,,,,
112,,,,,,
113,,,,,,
114,,,,,,
115,,,,,,
116,,,,,,
117,,,,,,
118,,,,,,
119,,,,,,
120,,,,,,
121,,,,,,
122,,,,,,
123,,,,,,
124,,,,,,
125,,,,,,
126,,,,,,
127,,,,,,
128,,,,,,
129,,,,,,
130,,,,,,
131,,,,,,
132,,,,,,
133,,,,,,
134,,,,,,
135,,,,,,
136,,,,,,
137,,,,,,
138,,,,,,
139,,,,,,
140,,,,,,
141,,,,,,
142,,,,,,
143,,,,,,
144,,,,,,
145,,,,,,
146,,,,,,
147,,,,,,
148,,,,,,
149,,,,,,
150,,,,,,
151,,,,,,
152,,,,,,
153,,,,,,
154,,,,,,
155,,,,,,
156,,,,,,
157,,,,,,
158,,,,,,
159,,,,,,
160,,,,,,
161,,,,,,
162,,,,,,
163,,,,,,
164,,,,,,
165,,,,,,
166,,,,,,
167,,,,,,
168,,,,,,
169,,,,,,
170,,,,,,
171,,,,,,
172,,,,,,
173,,,,,,
174,,,,,,
175,,,,,,
176,,,,,,
177,,,,,,
178,,,,,,
179,,,,,,
180,,,,,,
181,,,,,,
182,,,,,,
183,,,,,,
184,,,,,,
185,,,,,,
186,,,,,,
187,,,,,,
188,,,,,,
189,,,,,,
190,,,,,,
191,,,,,,
192,,,,,,
193,,,,,,
194,,,,,,
195,,,,,,
196,,,,,,
197,,,,,,
198,,,,,,
199,,,,,,
200,,,,,,
201,,,,,,
202,,,,,,
203,,,,,,
204,,,,,,
205,,,,,,
206,,,,,,
207,,,,,,
208,,,,,,
209,,,,,,
210,,,,,,
211,,,,,,
212,,,,,,
213,,,,,,
214,,,,,,
215,,,,,,
216,,,,,,
217,,,,,,
218,,,,,,
219,,,,,,
220,,,,,,
221,,,,,,
222,,,,,,
223,,,,,,
224,,,,,,
225,,,,,,
226,,,,,,
227,,,,,,
228,,,,,,
229,,,,,,
230,,,,,,
231,,,,,,
232,,,,,,
233,,,,,,
234,,,,,,
235,,,,,,
236,,,,,,
237,,,,,,
238,,,,,,
239,,,,,,
240,,,,,,
241,,,,,,
242,,,,,,
243,,,,,,
244,,,,,,
245,,,,,,
246,,,,,,
247,,,,,,
248,,,,,,
249,,,,,,
250,,,,,,
251,,,,,,
252,,,,,,
253,,,,,,
254,,,,,,
255,,,,,,
256,,,,,,
257,,,,,,
258,,,,,,
259,,,,,,
260,,,,,,
261,,,,,,
262,,,,,,
263,,,,,,
264,,,,,,
265,,,,,,
266,,,,,,
267,,,,,,
268,,,,,,
269,,,,,,
270,,,,,,
271,,,,,,
272,,,,,,
273,,,,,,
274,,,,,,
275,,,,,,
276,,,,,,
277,,,,,,
278,,,,,,
279,,,,,,
280,,,,,,
281,,,,,,
282,,,,,,
283,,,,,,
284,,,,,,
285,,,,,,
286,,,,,,
287,,,,,,
288,,,,,,
289,,,,,,
290,,,,,,
291,,,,,,
292,,,,,,
293,,,,,,
294,,,,,,
295,,,,,,
296,,,,,,
297,,,,,,
298,,,,,,
299,,,,,,
300,,,,,,
301,,,,,,
302,,,,,,
303,,,,,,
304,,,,,,
305,,,,,,
306,,,,,,
307,,,,,,
308,,,,,,
309,,,,,,
310,,,,,,
311,,,,,,
312,,,,,,
313,,,,,,
314,,,,,,
315,,,,,,
316,,,,,,
317,,,,,,
318,,,,,,
319,,,,,,
320,,,,,,
321,,,,,,
322,,,,,,
323,,,,,,
324,,,,,,
325,,,,,,
326,,,,,,
327,,,,,,
328,,,,,,
329,,,,,,
330,,,,,,
331,,,,,,
332,,,,,,
333,,,,,,
334,,,,,,
335,,,,,,
336,,,,,,
337,,,,,,
338,,,,,,
339,,,,,,
340,,,,,,
341,,,,,,
342,,,,,,
343,,,,,,
344,,,,,,
345,,,,,,
346,,,,,,
347,,,,,,
348,,,,,,
349,,,,,,
350,,,,,,
351,,,,,,
352,,,,,,
353,,,,,,
354,,,,,,
355,,,,,,
356,,,,,,
357,,,,,,
358,,,,,,
359,,,,,,
360,,,,,,
361,,,,,,
362,,,,,,
363,,,,,,
364,,,,,,
365,,,,,,
366,,,,,,
367,,,,,,
368,,,,,,
369,,,,,,
370,,,,,,
371,,,,,,
372,,,,,,
373,,,,,,
374,,,,,,
375,,,,,,
376,,,,,,
377,,,,,,
378,,,,,,
379,,,,,,
380,,,,,,
381,,,,,,
382,,,,,,
383,,,,,,
384,,,,,,
385,,,,,,
386,,,,,,
387,,,,,,
388,,,,,,
389,,,,,,
390,,,,,,
391,,,,,,
392,,,,,,
393,,,,,,
394,,,,,,
395,,,,,,
396,,,,,,
397,,,,,,
398,,,,,,
399,,,,,,
400,,,,,,
401,,,,,,
402,,,,,,
403,,,,,,
404,,,,,,
405,,,,,,
406,,,,,,
407,,,,,,
408,,,,,,
409,,,,,,
410,,,,,,
411,,,,,,
412,,,,,,
413,,,,,,
414,,,,,,
415,,,,,,
416,,,,,,
417,,,,,,
418,,,,,,
419,,,,,,
420,,,,,,
421,,,,,,
422,,,,,,
423,,,,,,
424,,,,,,
425,,,,,,
426,,,,,,
427,,,,,,
428,,,,,,
429,,,,,,
430,,,,,,
431,,,,,,
432,,,,,,
433,,,,,,
434,,,,,,
435,,,,,,
436,,,,,,
437,,,,,,
438,,,,,,
439,,,,,,
440,,,,,,
441,,,,,,
442,,,,,,
443,,,,,,
444,,,,,,
445,,,,,,
446,,,,,,
447,,,,,,
448,,,,,,
449,,,,,,
450,,,,,,
451,,,,,,
452,,,,,,
453,,,,,,
454,,,,,,
455,,,,,,
456,,,,,,
457,,,,,,
458,,,,,,
459,,,,,,
460,,,,,,
461,,,,,,
462,,,,,,
463,,,,,,
464,,,,,,
465,,,,,,
466,,,,,,
467,,,,,,
468,,,,,,
469,,,,,,
470,,,,,,
471,,,,,,
472,,,,,,
473,,,,,,
474,,,,,,
475,,,,,,
476,,,,,,
477,,,,,,
478,,,,,,
479,,,,,,
480,,,,,,
481,,,,,,
482,,,,,,
483,,,,,,
484,,,,,,
485,,,,,,
486,,,,,,
487,,,,,,
488,,,,,,
489,,,,,,
490,,,,,,
491,,,,,,
492,,,,,,
493,,,,,,
494,,,,,,
495,,,,,,
496,,,,,,
497,,,,,,
498,,,,,,
499,,,,,,
500,,,,,,
x,,,,,,
1,-,,,,,
2,AFC Bournemouth,,,,,
3,Tottenham Hotspur,,,,,
4,-,,,,,
5,-,,,,,
6,-,,,,,
7,-,,,,,
8,-,,,,,
9,-,,,,,
10,-,,,,,
11,Leicester City,,,,,
12,Manchester City,,,,,
13,AFC Bournemouth,,,,,
14,-,,,,,
15,-,,,,,
16,-,,,,,
17,-,,,,,
18,-,,,,,
19,-,,,,,
20,-,,,,,
21,-,,,,,
22,AFC Bournemouth,,,,,
23,Tottenham Hotspur,,,,,
24,-,,,,,
25,-,,,,,
26,-,,,,,
27,-,,,,,
28,-,,,,,
29,-,,,,,
30,-,,,,,
31,Leicester City,,,,,
32,Manchester City,,,,,
33,AFC Bournemouth,,,,,
34,-,,,,,
35,-,,,,,
36,-,,,,,
37,-,,,,,
38,-,,,,,
39,-,,,,,
40,-,,,,,
41,-,,,,,
42,Tottenham Hotspur,,,,,
43,-,,,,,
44,-,,,,,
45,Watford,,,,,
46,-,,,,,
47,Stoke City,,,,,
48,-,,,,,
49,West Ham United,,,,,
50,West Ham United,,,,,
51,-,,,,,
52,-,,,,,
53,-,,,,,
54,-,,,,,
55,Sunderland,,,,,
56,-,,,,,
57,-,,,,,
58,-,,,,,
59,-,,,,,
60,-,,,,,
61,-,,,,,
62,-,,,,,
63,Leicester City,,,,,
64,-,,,,,
65,-,,,,,
66,-,,,,,
67,-,,,,,
68,-,,,,,
69,-,,,,,
70,-,,,,,
71,Crystal Palace,,,,,
72,-,,,,,
73,-,,,,,
74,-,,,,,
75,Chelsea,,,,,
76,-,,,,,
77,-,,,,,
78,-,,,,,
79,-,,,,,
80,-,,,,,
81,-,,,,,
82,-,,,,,
83,Stoke City,,,,,
84,-,,,,,
85,Watford,,,,,
86,-,,,,,
87,-,,,,,
88,-,,,,,
89,-,,,,,
90,West Ham United,,,,,
91,Newcastle United,,,,,
92,-,,,,,
93,-,,,,,
94,Arsenal,,,,,
95,-,,,,,
96,-,,,,,
97,-,,,,,
98,Tottenham Hotspur,,,,,
99,-,,,,,
100,-,,,,,
101,-,,,,,
102,AFC Bournemouth,,,,,
103,-,,,,,
104,Aston Villa,,,,,
105,-,,,,,
106,-,,,,,
107,-,,,,,
108,-,,,,,
109,Tottenham Hotspur,,,,,
110,-,,,,,
111,-,,,,,
112,West Bromwich Albion,,,,,
113,-,,,,,
114,-,,,,,
115,-,,,,,
116,-,,,,,
117,-,,,,,
118,-,,,,,
119,-,,,,,
120,-,,,,,
121,-,,,,,
122,-,,,,,
123,AFC Bournemouth,,,,,
124,-,,,,,
125,-,,,,,
126,Tottenham Hotspur,,,,,
127,Crystal Palace,,,,,
128,-,,,,,
129,-,,,,,
130,-,,,,,
131,-,,,,,
132,-,,,,,
133,-,,,,,
134,-,,,,,
135,-,,,,,
136,-,,,,,
137,-,,,,,
138,Norwich City,,,,,
139,-,,,,,
140,-,,,,,
141,AFC Bournemouth,,,,,
142,-,,,,,
143,Watford,,,,,
144,-,,,,,
145,-,,,,,
146,-,,,,,
147,AFC Bournemouth,,,,,
148,-,,,,,
149,-,,,,,
150,Watford,,,,,
151,Tottenham Hotspur,,,,,
152,-,,,,,
153,-,,,,,
154,Manchester City,,,,,
155,-,,,,,
156,-,,,,,
157,-,,,,,
158,Everton,,,,,
159,-,,,,,
160,-,,,,,
161,-,,,,,
162,-,,,,,
163,-,,,,,
164,Crystal Palace,,,,,
165,-,,,,,
166,Southampton,,,,,
167,-,,,,,
168,-,,,,,
169,-,,,,,
170,-,,,,,
171,-,,,,,
172,-,,,,,
173,-,,,,,
174,Watford,,,,,
175,-,,,,,
176,-,,,,,
177,-,,,,,
178,-,,,,,
179,-,,,,,
180,-,,,,,
181,-,,,,,
182,-,,,,,
183,Tottenham Hotspur,,,,,
184,-,,,,,
185,-,,,,,
186,-,,,,,
187,-,,,,,
188,-,,,,,
189,-,,,,,
190,Leicester City,,,,,
191,Sunderland,,,,,
192,Tottenham Hotspur,,,,,
193,-,,,,,
194,-,,,,,
195,-,,,,,
196,-,,,,,
197,-,,,,,
198,-,,,,,
199,-,,,,,
200,-,,,,,
201,Newcastle United,,,,,
202,-,,,,,
203,-,,,,,
204,-,,,,,
205,-,,,,,
206,-,,,,,
207,-,,,,,
208,Stoke City,,,,,
209,-,,,,,
210,-,,,,,
211,-,,,,,
212,-,,,,,
213,-,,,,,
214,-,,,,,
215,-,,,,,
216,-,,,,,
217,-,,,,,
218,Tottenham Hotspur,,,,,
219,-,,,,,
220,-,,,,,
221,Newcastle United,,,,,
222,-,,,,,
223,Newcastle United,,,,,
224,-,,,,,
225,Manchester United,,,,,
226,-,,,,,
227,-,,,,,
228,Liverpool,,,,,
229,-,,,,,
230,Norwich City,,,,,
231,-,,,,,
232,-,,,,,
233,-,,,,,
234,Norwich City,,,,,
235,-,,,,,
236,Manchester United,,,,,
237,-,,,,,
238,AFC Bournemouth,,,,,
239,-,,,,,
240,-,,,,,
241,-,,,,,
242,-,,,,,
243,-,,,,,
244,-,,,,,
245,-,,,,,
246,Crystal Palace,,,,,
247,-,,,,,
248,-,,,,,
249,Crystal Palace,,,,,
250,Leicester City,,,,,
251,-,,,,,
252,-,,,,,
253,-,,,,,
254,Manchester United,,,,,
255,-,,,,,
256,West Ham United,,,,,
257,-,,,,,
258,Manchester United,,,,,
259,-,,,,,
260,Stoke City,,,,,
261,-,,,,,
262,-,,,,,
263,-,,,,,
264,Manchester United,,,,,
265,-,,,,,
266,Aston Villa,,,,,
267,-,,,,,
268,Manchester United,,,,,
269,Manchester United,,,,,
270,AFC Bournemouth,,,,,
271,Swansea City,,,,,
272,-,,,,,
273,-,,,,,
274,-,,,,,
275,Liverpool,,,,,
276,-,,,,,
277,-,,,,,
278,-,,,,,
279,Leicester City,,,,,
280,-,,,,,
281,-,,,,,
282,-,,,,,
283,-,,,,,
284,-,,,,,
285,-,,,,,
286,-,,,,,
287,-,,,,,
288,-,,,,,
289,-,,,,,
290,-,,,,,
291,-,,,,,
292,-,,,,,
293,-,,,,,
294,-,,,,,
295,-,,,,,
296,-,,,,,
297,Liverpool,,,,,
298,Newcastle United,,,,,
299,-,,,,,
300,-,,,,,
301,-,,,,,
302,-,,,,,
303,-,,,,,
304,Swansea City,,,,,
305,-,,,,,
306,Manchester City,,,,,
307,-,,,,,
308,-,,,,,
309,-,,,,,
310,Watford,,,,,
311,-,,,,,
312,-,,,,,
313,-,,,,,
314,Liverpool,,,,,
315,-,,,,,
316,-,,,,,
317,-,,,,,
318,West Bromwich Albion,,,,,
319,AFC Bournemouth,,,,,
320,-,,,,,
321,-,,,,,
322,-,,,,,
323,-,,,,,
324,-,,,,,
325,-,,,,,
326,Manchester United,,,,,
327,-,,,,,
328,West Bromwich Albion,,,,,
329,-,,,,,
330,-,,,,,
331,AFC Bournemouth,,,,,
332,-,,,,,
333,-,,,,,
334,-,,,,,
335,Newcastle United,,,,,
336,-,,,,,
337,-,,,,,
338,Arsenal,,,,,
339,-,,,,,
340,-,,,,,
341,-,,,,,
342,-,,,,,
343,-,,,,,
344,Aston Villa,,,,,
345,-,,,,,
346,-,,,,,
347,-,,,,,
348,-,,,,,
349,-,,,,,
350,-,,,,,
351,-,,,,,
352,-,,,,,
353,-,,,,,
354,Manchester United,,,,,
355,Swansea City,,,,,
356,-,,,,,
357,-,,,,,
358,-,,,,,
359,Arsenal,,,,,
360,-,,,,,
361,-,,,,,
362,-,,,,,
363,-,,,,,
364,-,,,,,
365,-,,,,,
366,-,,,,,
367,-,,,,,
368,-,,,,,
369,-,,,,,
370,-,,,,,
371,-,,,,,
372,-,,,,,
373,-,,,,,
374,-,,,,,
375,-,,,,,
376,Everton,,,,,
377,-,,,,,
378,-,,,,,
379,-,,,,,
380,Tottenham Hotspur,,,,,
381,Leicester City,,,,,
382,Crystal Palace,,,,,
383,-,,,,,
384,-,,,,,
385,-,,,,,
386,-,,,,,
387,-,,,,,
388,-,,,,,
389,-,,,,,
390,-,,,,,
391,-,,,,,
392,-,,,,,
393,-,,,,,
394,West Bromwich Albion,,,,,
395,-,,,,,
396,Sunderland,,,,,
397,-,,,,,
398,-,,,,,
399,-,,,,,
400,Chelsea,,,,,
401,-,,,,,
402,-,,,,,
403,-,,,,,
404,-,,,,,
405,-,,,,,
406,Aston Villa,,,,,
407,Tottenham Hotspur,,,,,
408,-,,,,,
409,-,,,,,
410,-,,,,,
411,-,,,,,
412,Chelsea,,,,,
413,-,,,,,
414,-,,,,,
415,-,,,,,
416,-,,,,,
417,Norwich City,,,,,
418,-,,,,,
419,-,,,,,
420,Chelsea,,,,,
421,-,,,,,
422,-,,,,,
423,-,,,,,
424,-,,,,,
425,-,,,,,
426,-,,,,,
427,Sunderland,,,,,
428,-,,,,,
429,-,,,,,
430,-,,,,,
431,-,,,,,
432,-,,,,,
433,Stoke City,,,,,
434,Newcastle United,,,,,
435,Stoke City,,,,,
436,-,,,,,
437,-,,,,,
438,-,,,,,
439,West Ham United,,,,,
440,-,,,,,
441,-,,,,,
442,-,,,,,
443,-,,,,,
444,Manchester City,,,,,
445,Manchester City,,,,,
446,-,,,,,
447,-,,,,,
448,-,,,,,
449,-,,,,,
450,-,,,,,
451,-,,,,,
452,-,,,,,
453,-,,,,,
454,-,,,,,
455,-,,,,,
456,-,,,,,
457,-,,,,,
458,-,,,,,
459,-,,,,,
460,-,,,,,
461,-,,,,,
462,-,,,,,
463,-,,,,,
464,-,,,,,
465,-,,,,,
466,Manchester United,,,,,
467,-,,,,,
468,-,,,,,
469,-,,,,,
470,-,,,,,
471,-,,,,,
472,-,,,,,
473,-,,,,,
474,-,,,,,
475,-,,,,,
476,-,,,,,
477,-,,,,,
478,Everton,,,,,
479,Southampton,,,,,
480,-,,,,,
481,-,,,,,
482,-,,,,,
483,-,,,,,
484,Aston Villa,,,,,
485,-,,,,,
486,-,,,,,
487,-,,,,,
488,-,,,,,
489,-,,,,,
490,-,,,,,
491,-,,,,,
492,Stoke City,,,,,
493,-,,,,,
494,-,,,,,
495,-,,,,,
496,-,,,,,
497,-,,,,,
498,-,,,,,
499,Liverpool,,,,,
500,Everton,,,,,
x,,,,,,
1,Wales,,,,,
2,England,,,,,
3,Belgium,,,,,
4,Netherlands,,,,,
5,Germany,,,,,
6,Cameroon,,,,,
7,The Democratic Republic Of Congo,,,,,
8,Portugal,,,,,
9,Argentina,,,,,
10,Argentina,,,,,
11,Jamaica,,,,,
12,Argentina,,,,,
13,England,,,,,
14,Ireland,,,,,
15,Scotland,,,,,
16,France,,,,,
17,France,,,,,
18,England,,,,,
19,Ireland,,,,,
20,England,,,,,
21,Wales,,,,,
22,England,,,,,
23,Belgium,,,,,
24,Netherlands,,,,,
25,Germany,,,,,
26,Cameroon,,,,,
27,The Democratic Republic Of Congo,,,,,
28,Portugal,,,,,
29,Argentina,,,,,
30,Argentina,,,,,
31,Jamaica,,,,,
32,Argentina,,,,,
33,England,,,,,
34,Ireland,,,,,
35,Scotland,,,,,
36,France,,,,,
37,France,,,,,
38,England,,,,,
39,Ireland,,,,,
40,England,,,,,
41,England,,,,,
42,Belgium,,,,,
43,England,,,,,
44,Northern Ireland,,,,,
45,Northern Ireland,,,,,
46,England,,,,,
47,Germany,,,,,
48,England,,,,,
49,Italy,,,,,
50,New Zealand,,,,,
51,Croatia,,,,,
52,Wales,,,,,
53,Slovakia,,,,,
54,England,,,,,
55,Cote D'Ivoire,,,,,
56,France,,,,,
57,Ireland,,,,,
58,Sweden,,,,,
59,England,,,,,
60,Uruguay,,,,,
61,England,,,,,
62,France,,,,,
63,Austria,,,,,
64,Senegal,,,,,
65,France,,,,,
66,Netherlands,,,,,
67,England,,,,,
68,Spain,,,,,
69,Brazil,,,,,
70,France,,,,,
71,England,,,,,
72,Germany,,,,,
73,England,,,,,
74,Northern Ireland,,,,,
75,Spain,,,,,
76,Switzerland,,,,,
77,Netherlands,,,,,
78,England,,,,,
79,France,,,,,
80,Ireland,,,,,
81,United States,,,,,
82,Argentina,,,,,
83,England,,,,,
84,Netherlands,,,,,
85,Austria,,,,,
86,Uruguay,,,,,
87,Ireland,,,,,
88,United States,,,,,
89,England,,,,,
90,England,,,,,
91,Wales,,,,,
92,England,,,,,
93,Serbia,,,,,
94,Spain,,,,,
95,Netherlands,,,,,
96,Denmark,,,,,
97,England,,,,,
98,England,,,,,
99,Belgium,,,,,
100,England,,,,,
101,Brazil,,,,,
102,England,,,,,
103,Argentina,,,,,
104,France,,,,,
105,Netherlands,,,,,
106,Spain,,,,,
107,Ireland,,,,,
108,Serbia,,,,,
109,England,,,,,
110,Cameroon,,,,,
111,Wales,,,,,
112,Northern Ireland,,,,,
113,England,,,,,
114,Portugal,,,,,
115,England,,,,,
116,Japan,,,,,
117,England,,,,,
118,Sweden,,,,,
119,Argentina,,,,,
120,England,,,,,
121,England,,,,,
122,England,,,,,
123,England,,,,,
124,Kenya,,,,,
125,England,,,,,
126,Wales,,,,,
127,Norway,,,,,
128,Australia,,,,,
129,England,,,,,
130,France,,,,,
131,Senegal,,,,,
132,England,,,,,
133,Curacao,,,,,
134,Italy,,,,,
135,Ireland,,,,,
136,England,,,,,
137,Scotland,,,,,
138,Norway,,,,,
139,Wales,,,,,
140,Germany,,,,,
141,England,,,,,
142,Austria,,,,,
143,England,,,,,
144,Ireland,,,,,
145,Spain,,,,,
146,France,,,,,
147,France,,,,,
148,Serbia,,,,,
149,England,,,,,
150,France,,,,,
151,France,,,,,
152,Venezuela,,,,,
153,Cote D'Ivoire,,,,,
154,Brazil,,,,,
155,Spain,,,,,
156,Germany,,,,,
157,England,,,,,
158,England,,,,,
159,Netherlands,,,,,
160,France,,,,,
161,Poland,,,,,
162,England,,,,,
163,Northern Ireland,,,,,
164,England,,,,,
165,England,,,,,
166,England,,,,,
167,England,,,,,
168,Scotland,,,,,
169,Brazil,,,,,
170,France,,,,,
171,England,,,,,
172,Cote D'Ivoire,,,,,
173,Argentina,,,,,
174,Greece,,,,,
175,Curacao,,,,,
176,Nigeria,,,,,
177,Costa Rica,,,,,
178,Spain,,,,,
179,Scotland,,,,,
180,Czech Republic,,,,,
181,Belgium,,,,,
182,England,,,,,
183,England,,,,,
184,France,,,,,
185,Ghana,,,,,
186,Scotland,,,,,
187,Serbia,,,,,
188,Scotland,,,,,
189,Argentina,,,,,
190,Denmark,,,,,
191,England,,,,,
192,England,,,,,
193,Spain,,,,,
194,Italy,,,,,
195,England,,,,,
196,Senegal,,,,,
197,England,,,,,
198,Italy,,,,,
199,England,,,,,
200,Benin,,,,,
201,Cote D'Ivoire,,,,,
202,Spain,,,,,
203,England,,,,,
204,Netherlands,,,,,
205,Portugal,,,,,
206,The Democratic Republic Of Congo,,,,,
207,Nigeria,,,,,
208,England,,,,,
209,Belgium,,,,,
210,France,,,,,
211,United States,,,,,
212,Wales,,,,,
213,Brazil,,,,,
214,Belgium,,,,,
215,Ireland,,,,,
216,Spain,,,,,
217,Belgium,,,,,
218,Denmark,,,,,
219,France,,,,,
220,Colombia,,,,,
221,England,,,,,
222,Switzerland,,,,,
223,Ireland,,,,,
224,England,,,,,
225,England,,,,,
226,Wales,,,,,
227,Italy,,,,,
228,England,,,,,
229,England,,,,,
230,Scotland,,,,,
231,England,,,,,
232,France,,,,,
233,Belgium,,,,,
234,The Democratic Republic Of Congo,,,,,
235,England,,,,,
236,Spain,,,,,
237,Brazil,,,,,
238,England,,,,,
239,Ireland,,,,,
240,Equatorial Guinea,,,,,
241,England,,,,,
242,Ghana,,,,,
243,Argentina,,,,,
244,England,,,,,
245,Scotland,,,,,
246,Scotland,,,,,
247,Wales,,,,,
248,England,,,,,
249,England,,,,,
250,England,,,,,
251,Bosnia And Herzegovina,,,,,
252,Spain,,,,,
253,France,,,,,
254,Spain,,,,,
255,Wales,,,,,
256,England,,,,,
257,Senegal,,,,,
258,England,,,,,
259,England,,,,,
260,Senegal,,,,,
261,England,,,,,
262,Mali,,,,,
263,South Korea,,,,,
264,France,,,,,
265,Serbia,,,,,
266,Ireland,,,,,
267,Ecuador,,,,,
268,England,,,,,
269,England,,,,,
270,Poland,,,,,
271,England,,,,,
272,France,,,,,
273,England,,,,,
274,England,,,,,
275,England,,,,,
276,Spain,,,,,
277,England,,,,,
278,England,,,,,
279,Poland,,,,,
280,Bosnia And Herzegovina,,,,,
281,Belgium,,,,,
282,Egypt,,,,,
283,Germany,,,,,
284,Ecuador,,,,,
285,Netherlands,,,,,
286,Netherlands,,,,,
287,Spain,,,,,
288,Netherlands,,,,,
289,Ireland,,,,,
290,England,,,,,
291,England,,,,,
292,Iceland,,,,,
293,France,,,,,
294,Ireland,,,,,
295,Scotland,,,,,
296,Austria,,,,,
297,England,,,,,
298,England,,,,,
299,United States,,,,,
300,Algeria,,,,,
301,Senegal,,,,,
302,England,,,,,
303,England,,,,,
304,Ghana,,,,,
305,Belgium,,,,,
306,Belgium,,,,,
307,Netherlands,,,,,
308,Northern Ireland,,,,,
309,Ireland,,,,,
310,Ecuador,,,,,
311,Spain,,,,,
312,England,,,,,
313,Netherlands,,,,,
314,Brazil,,,,,
315,England,,,,,
316,Scotland,,,,,
317,England,,,,,
318,Brazil,,,,,
319,Norway,,,,,
320,Jamaica,,,,,
321,Australia,,,,,
322,England,,,,,
323,England,,,,,
324,England,,,,,
325,Sweden,,,,,
326,England,,,,,
327,Spain,,,,,
328,Scotland,,,,,
329,Spain,,,,,
330,Romania,,,,,
331,England,,,,,
332,Spain,,,,,
333,England,,,,,
334,Switzerland,,,,,
335,Senegal,,,,,
336,England,,,,,
337,Netherlands,,,,,
338,Germany,,,,,
339,England,,,,,
340,Spain,,,,,
341,Netherlands,,,,,
342,England,,,,,
343,The Democratic Republic Of Congo,,,,,
344,England,,,,,
345,Ireland,,,,,
346,England,,,,,
347,England,,,,,
348,Wales,,,,,
349,Netherlands,,,,,
350,England,,,,,
351,United States,,,,,
352,England,,,,,
353,England,,,,,
354,England,,,,,
355,England,,,,,
356,England,,,,,
357,Wales,,,,,
358,Nigeria,,,,,
359,Spain,,,,,
360,Ghana,,,,,
361,Cote D'Ivoire,,,,,
362,England,,,,,
363,Netherlands,,,,,
364,Tunisia,,,,,
365,England,,,,,
366,Scotland,,,,,
367,England,,,,,
368,England,,,,,
369,Argentina,,,,,
370,Togo,,,,,
371,England,,,,,
372,Brazil,,,,,
373,Spain,,,,,
374,England,,,,,
375,Spain,,,,,
376,Cote D'Ivoire,,,,,
377,Portugal,,,,,
378,Mali,,,,,
379,Brazil,,,,,
380,South Korea,,,,,
381,England,,,,,
382,Cote D'Ivoire,,,,,
383,Scotland,,,,,
384,England,,,,,
385,England,,,,,
386,Nigeria,,,,,
387,England,,,,,
388,Australia,,,,,
389,Belgium,,,,,
390,Senegal,,,,,
391,Brazil,,,,,
392,Japan,,,,,
393,Chile,,,,,
394,Benin,,,,,
395,Cameroon,,,,,
396,Sweden,,,,,
397,Uruguay,,,,,
398,England,,,,,
399,Gambia,,,,,
400,Brazil,,,,,
401,Spain,,,,,
402,Australia,,,,,
403,Spain,,,,,
404,Cote D'Ivoire,,,,,
405,The Democratic Republic Of Congo,,,,,
406,Czech Republic,,,,,
407,Argentina,,,,,
408,Argentina,,,,,
409,Belgium,,,,,
410,England,,,,,
411,Belgium,,,,,
412,Spain,,,,,
413,Tunisia,,,,,
414,England,,,,,
415,Nigeria,,,,,
416,Belgium,,,,,
417,England,,,,,
418,Croatia,,,,,
419,England,,,,,
420,England,,,,,
421,The Democratic Republic Of Congo,,,,,
422,France,,,,,
423,Italy,,,,,
424,France,,,,,
425,England,,,,,
426,England,,,,,
427,England,,,,,
428,England,,,,,
429,Costa Rica,,,,,
430,Morocco,,,,,
431,England,,,,,
432,England,,,,,
433,Ireland,,,,,
434,France,,,,,
435,Denmark,,,,,
436,England,,,,,
437,South Korea,,,,,
438,England,,,,,
439,Nigeria,,,,,
440,South Africa,,,,,
441,Belgium,,,,,
442,England,,,,,
443,Switzerland,,,,,
444,Spain,,,,,
445,England,,,,,
446,Slovakia,,,,,
447,England,,,,,
448,Burkina Faso,,,,,
449,England,,,,,
450,Ghana,,,,,
451,Hungary,,,,,
452,Argentina,,,,,
453,England,,,,,
454,Netherlands,,,,,
455,England,,,,,
456,Argentina,,,,,
457,England,,,,,
458,Colombia,,,,,
459,England,,,,,
460,Mexico,,,,,
461,Switzerland,,,,,
462,Ecuador,,,,,
463,France,,,,,
464,Ireland,,,,,
465,England,,,,,
466,Argentina,,,,,
467,Senegal,,,,,
468,France,,,,,
469,Morocco,,,,,
470,Lithuania,,,,,
471,Algeria,,,,,
472,Burundi,,,,,
473,Netherlands,,,,,
474,Spain,,,,,
475,Colombia,,,,,
476,Ireland,,,,,
477,Brazil,,,,,
478,England,,,,,
479,England,,,,,
480,France,,,,,
481,Italy,,,,,
482,Colombia,,,,,
483,England,,,,,
484,England,,,,,
485,Algeria,,,,,
486,England,,,,,
487,Ireland,,,,,
488,Ireland,,,,,
489,Nigeria,,,,,
490,Belgium,,,,,
491,France,,,,,
492,Spain,,,,,
493,Northern Ireland,,,,,
494,Wales,,,,,
495,England,,,,,
496,Sweden,,,,,
497,Nigeria,,,,,
498,England,,,,,
499,Belgium,,,,,
500,England,,,,,
x,,,,,,
1,,,,,,
2,,,,,,
3,,,,,,
4,,,,,,
5,,,,,,
6,,,,,,
7,,,,,,
8,,,,,,
9,,,,,,
10,,,,,,
11,,,,,,
12,,,,,,
13,,,,,,
14,,,,,,
15,,,,,,
16,,,,,,
17,,,,,,
18,,,,,,
19,,,,,,
20,,,,,,
21,,,,,,
22,,,,,,
23,,,,,,
24,,,,,,
25,,,,,,
26,,,,,,
27,,,,,,
28,,,,,,
29,,,,,,
30,,,,,,
31,,,,,,
32,,,,,,
33,,,,,,
34,,,,,,
35,,,,,,
36,,,,,,
37,,,,,,
38,,,,,,
39,,,,,,
40,,,,,,
41,,,,,,
42,,,,,,
43,,,,,,
44,,,,,,
45,,,,,,
46,,,,,,
47,,,,,,
48,,,,,,
49,,,,,,
50,,,,,,
51,,,,,,
52,,,,,,
53,,,,,,
54,,,,,,
55,,,,,,
56,,,,,,
57,,,,,,
58,,,,,,
59,,,,,,
60,,,,,,
61,,,,,,
62,,,,,,
63,,,,,,
64,,,,,,
65,,,,,,
66,,,,,,
67,,,,,,
68,,,,,,
69,,,,,,
70,,,,,,
71,,,,,,
72,,,,,,
73,,,,,,
74,,,,,,
75,,,,,,
76,,,,,,
77,,,,,,
78,,,,,,
79,,,,,,
80,,,,,,
81,,,,,,
82,,,,,,
83,,,,,,
84,,,,,,
85,,,,,,
86,,,,,,
87,,,,,,
88,,,,,,
89,,,,,,
90,,,,,,
91,,,,,,
92,,,,,,
93,,,,,,
94,,,,,,
95,,,,,,
96,,,,,,
97,,,,,,
98,,,,,,
99,,,,,,
100,,,,,,
101,,,,,,
102,,,,,,
103,,,,,,
104,,,,,,
105,,,,,,
106,,,,,,
107,,,,,,
108,,,,,,
109,,,,,,
110,,,,,,
111,,,,,,
112,,,,,,
113,,,,,,
114,,,,,,
115,,,,,,
116,,,,,,
117,,,,,,
118,,,,,,
119,,,,,,
120,,,,,,
121,,,,,,
122,,,,,,
123,,,,,,
124,,,,,,
125,,,,,,
126,,,,,,
127,,,,,,
128,,,,,,
129,,,,,,
130,,,,,,
131,,,,,,
132,,,,,,
133,,,,,,
134,,,,,,
135,,,,,,
136,,,,,,
137,,,,,,
138,,,,,,
139,,,,,,
140,,,,,,
141,,,,,,
142,,,,,,
143,,,,,,
144,,,,,,
145,,,,,,
146,,,,,,
147,,,,,,
148,,,,,,
149,,,,,,
150,,,,,,
151,,,,,,
152,,,,,,
153,,,,,,
154,,,,,,
155,,,,,,
156,,,,,,
157,,,,,,
158,,,,,,
159,,,,,,
160,,,,,,
161,,,,,,
162,,,,,,
163,,,,,,
164,,,,,,
165,,,,,,
166,,,,,,
167,,,,,,
168,,,,,,
169,,,,,,
170,,,,,,
171,,,,,,
172,,,,,,
173,,,,,,
174,,,,,,
175,,,,,,
176,,,,,,
177,,,,,,
178,,,,,,
179,,,,,,
180,,,,,,
181,,,,,,
182,,,,,,
183,,,,,,
184,,,,,,
185,,,,,,
186,,,,,,
187,,,,,,
188,,,,,,
189,,,,,,
190,,,,,,
191,,,,,,
192,,,,,,
193,,,,,,
194,,,,,,
195,,,,,,
196,,,,,,
197,,,,,,
198,,,,,,
199,,,,,,
200,,,,,,
201,,,,,,
202,,,,,,
203,,,,,,
204,,,,,,
205,,,,,,
206,,,,,,
207,,,,,,
208,,,,,,
209,,,,,,
210,,,,,,
211,,,,,,
212,,,,,,
213,,,,,,
214,,,,,,
215,,,,,,
216,,,,,,
217,,,,,,
218,,,,,,
219,,,,,,
220,,,,,,
221,,,,,,
222,,,,,,
223,,,,,,
224,,,,,,
225,,,,,,
226,,,,,,
227,,,,,,
228,,,,,,
229,,,,,,
230,,,,,,
231,,,,,,
232,,,,,,
233,,,,,,
234,,,,,,
235,,,,,,
236,,,,,,
237,,,,,,
238,,,,,,
239,,,,,,
240,,,,,,
241,,,,,,
242,,,,,,
243,,,,,,
244,,,,,,
245,,,,,,
246,,,,,,
247,,,,,,
248,,,,,,
249,,,,,,
250,,,,,,
251,,,,,,
252,,,,,,
253,,,,,,
254,,,,,,
255,,,,,,
256,,,,,,
257,,,,,,
258,,,,,,
259,,,,,,
260,,,,,,
261,,,,,,
262,,,,,,
263,,,,,,
264,,,,,,
265,,,,,,
266,,,,,,
267,,,,,,
268,,,,,,
269,,,,,,
270,,,,,,
271,,,,,,
272,,,,,,
273,,,,,,
274,,,,,,
275,,,,,,
276,,,,,,
277,,,,,,
278,,,,,,
279,,,,,,
280,,,,,,
281,,,,,,
282,,,,,,
283,,,,,,
284,,,,,,
285,,,,,,
286,,,,,,
287,,,,,,
288,,,,,,
289,,,,,,
290,,,,,,
291,,,,,,
292,,,,,,
293,,,,,,
294,,,,,,
295,,,,,,
296,,,,,,
297,,,,,,
298,,,,,,
299,,,,,,
300,,,,,,
301,,,,,,
302,,,,,,
303,,,,,,
304,,,,,,
305,,,,,,
306,,,,,,
307,,,,,,
308,,,,,,
309,,,,,,
310,,,,,,
311,,,,,,
312,,,,,,
313,,,,,,
314,,,,,,
315,,,,,,
316,,,,,,
317,,,,,,
318,,,,,,
319,,,,,,
320,,,,,,
321,,,,,,
322,,,,,,
323,,,,,,
324,,,,,,
325,,,,,,
326,,,,,,
327,,,,,,
328,,,,,,
329,,,,,,
330,,,,,,
331,,,,,,
332,,,,,,
333,,,,,,
334,,,,,,
335,,,,,,
336,,,,,,
337,,,,,,
338,,,,,,
339,,,,,,
340,,,,,,
341,,,,,,
342,,,,,,
343,,,,,,
344,,,,,,
345,,,,,,
346,,,,,,
347,,,,,,
348,,,,,,
349,,,,,,
350,,,,,,
351,,,,,,
352,,,,,,
353,,,,,,
354,,,,,,
355,,,,,,
356,,,,,,
357,,,,,,
358,,,,,,
359,,,,,,
360,,,,,,
361,,,,,,
362,,,,,,
363,,,,,,
364,,,,,,
365,,,,,,
366,,,,,,
367,,,,,,
368,,,,,,
369,,,,,,
370,,,,,,
371,,,,,,
372,,,,,,
373,,,,,,
374,,,,,,
375,,,,,,
376,,,,,,
377,,,,,,
378,,,,,,
379,,,,,,
380,,,,,,
381,,,,,,
382,,,,,,
383,,,,,,
384,,,,,,
385,,,,,,
386,,,,,,
387,,,,,,
388,,,,,,
389,,,,,,
390,,,,,,
391,,,,,,
392,,,,,,
393,,,,,,
394,,,,,,
395,,,,,,
396,,,,,,
397,,,,,,
398,,,,,,
399,,,,,,
400,,,,,,
401,,,,,,
402,,,,,,
403,,,,,,
404,,,,,,
405,,,,,,
406,,,,,,
407,,,,,,
408,,,,,,
409,,,,,,
410,,,,,,
411,,,,,,
412,,,,,,
413,,,,,,
414,,,,,,
415,,,,,,
416,,,,,,
417,,,,,,
418,,,,,,
419,,,,,,
420,,,,,,
421,,,,,,
422,,,,,,
423,,,,,,
424,,,,,,
425,,,,,,
426,,,,,,
427,,,,,,
428,,,,,,
429,,,,,,
430,,,,,,
431,,,,,,
432,,,,,,
433,,,,,,
434,,,,,,
435,,,,,,
436,,,,,,
437,,,,,,
438,,,,,,
439,,,,,,
440,,,,,,
441,,,,,,
442,,,,,,
443,,,,,,
444,,,,,,
445,,,,,,
446,,,,,,
447,,,,,,
448,,,,,,
449,,,,,,
450,,,,,,
451,,,,,,
452,,,,,,
453,,,,,,
454,,,,,,
455,,,,,,
456,,,,,,
457,,,,,,
458,,,,,,
459,,,,,,
460,,,,,,
461,,,,,,
462,,,,,,
463,,,,,,
464,,,,,,
465,,,,,,
466,,,,,,
467,,,,,,
468,,,,,,
469,,,,,,
470,,,,,,
471,,,,,,
472,,,,,,
473,,,,,,
474,,,,,,
475,,,,,,
476,,,,,,
477,,,,,,
478,,,,,,
479,,,,,,
480,,,,,,
481,,,,,,
482,,,,,,
483,,,,,,
484,,,,,,
485,,,,,,
486,,,,,,
487,,,,,,
488,,,,,,
489,,,,,,
490,,,,,,
491,,,,,,
492,,,,,,
493,,,,,,
494,,,,,,
495,,,,,,
496,,,,,,
497,,,,,,
498,,,,,,
499,,,,,,
500,,,,,,