x,,
1,1,
2,2,
3,2,
4,2,
5,2,
6,2,
7,7,
8,7,
9,7,
10,7,
11,7,
12,7,
13,7,
14,7,
15,7,
16,7,
17,7,
18,7,
19,7,
20,7,
21,1,
22,2,
23,2,
24,2,
25,2,
26,2,
27,7,
28,7,
29,7,
30,7,
31,7,
32,7,
33,7,
34,7,
35,7,
36,7,
37,7,
38,7,
39,7,
40,7,
41,7,
42,7,
43,7,
44,7,
45,7,
46,7,
47,7,
48,7,
49,7,
50,7,
51,7,
52,7,
53,7,
54,7,
55,7,
56,7,
57,7,
58,7,
59,7,
60,7,
x,,
1,Victor Wanyama,3
2,Thibaut Courtois,2
3,Sadio Mané,2
4,Kevin Mirallas,2
5,Aleksandar Mitrovic,2
6,John Terry,2
7,Charlie Adam,1
8,Ibrahim Afellay,1
9,Nathan Aké,1
10,Nordin Amrabat,1
11,Jordan Ayew,1
12,Gareth Barry,1
13,Valon Behrami,1
14,Geoff Cameron,1
15,Santi Cazorla,1
16,Aly Cissokho,1
17,James Collins,1
18,Fabricio Coloccini,1
19,Francis Coquelin,1
20,Philippe Coutinho,1
21,Victor Wanyama,3
22,Thibaut Courtois,2
23,Sadio Mané,2
24,Kevin Mirallas,2
25,Aleksandar Mitrovic,2
26,John Terry,2
27,Charlie Adam,1
28,Ibrahim Afellay,1
29,Nathan Aké,1
30,Nordin Amrabat,1
31,Jordan Ayew,1
32,Gareth Barry,1
33,Valon Behrami,1
34,Geoff Cameron,1
35,Santi Cazorla,1
36,Aly Cissokho,1
37,James Collins,1
38,Fabricio Coloccini,1
39,Francis Coquelin,1
40,Philippe Coutinho,1
41,José Fonte,1
42,Gabriel Paulista,1
43,Daniel Drinkwater,1
44,Simon Francis,1
45,Ramiro Funes Mori,1
46,Dwight Gayle,1
47,Alan Hutton,1
48,Daryl Janmaat,1
49,Carl Jenkinson,1
50,Younes Kaboul,1
51,Cheikhou Kouyaté,1
52,Jamaal Lascelles,1
53,Jeremain Lens,1
54,Russell Martin,1
55,Juan Mata,1
56,Nemanja Matic,1
57,Gareth McAuley,1
58,James McCarthy,1
59,James McClean,1
60,Per Mertesacker,1
x,,
1,-,
2,-,
3,-,
4,-,
5,-,
6,-,
7,-,
8,-,
9,-,
10,-,
11,-,
12,-,
13,-,
14,-,
15,-,
16,Aston Villa,
17,-,
18,-,
19,-,
20,-,
21,-,
22,-,
23,-,
24,-,
25,-,
26,-,
27,-,
28,-,
29,-,
30,-,
31,-,
32,-,
33,-,
34,-,
35,-,
36,Aston Villa,
37,-,
38,-,
39,-,
40,-,
41,-,
42,-,
43,-,
44,AFC Bournemouth,
45,-,
46,-,
47,-,
48,-,
49,-,
50,-,
51,-,
52,-,
53,-,
54,-,
55,Manchester United,
56,-,
57,-,
58,-,
59,-,
60,-,
x,,
1,Kenya,
2,Belgium,
3,Senegal,
4,Belgium,
5,Serbia,
6,England,
7,Scotland,
8,Netherlands,
9,Netherlands,
10,Morocco,
11,Ghana,
12,England,
13,Switzerland,
14,United States,
15,Spain,
16,France,
17,Wales,
18,Argentina,
19,France,
20,Brazil,
21,Kenya,
22,Belgium,
23,Senegal,
24,Belgium,
25,Serbia,
26,England,
27,Scotland,
28,Netherlands,
29,Netherlands,
30,Morocco,
31,Ghana,
32,England,
33,Switzerland,
34,United States,
35,Spain,
36,France,
37,Wales,
38,Argentina,
39,France,
40,Brazil,
41,Portugal,
42,Brazil,
43,England,
44,England,
45,Argentina,
46,England,
47,Scotland,
48,Netherlands,
49,England,
50,France,
51,Senegal,
52,England,
53,Netherlands,
54,Scotland,
55,Spain,
56,Serbia,
57,Northern Ireland,
58,Ireland,
59,Ireland,
60,Germany,
x,,
1,,
2,,
3,,
4,,
5,,
6,,
7,,
8,,
9,,
10,,
11,,
12,,
13,,
14,,
15,,
16,,
17,,
18,,
19,,
20,,
21,,
22,,
23,,
24,,
25,,
26,,
27,,
28,,
29,,
30,,
31,,
32,,
33,,
34,,
35,,
36,,
37,,
38,,
39,,
40,,
41,,
42,,
43,,
44,,
45,,
46,,
47,,
48,,
49,,
50,,
51,,
52,,
53,,
54,,
55,,
56,,
57,,
58,,
59,,
60,,