Player,Squad,Nation,Minutes
Wes Morgan,Leicester City,Jamaica,"3,420"
Kasper Schmeichel,Leicester City,Denmark,"3,420"
Andrew Surman,AFC Bournemouth,England,"3,420"
Toby Alderweireld,Tottenham Hotspur,Belgium,"3,419"
Heurelho Gomes,-,Brazil,"3,397"
Simon Francis,AFC Bournemouth,England,"3,387"
Craig Dawson,-,England,"3,385"
Darren Fletcher,-,Scotland,"3,374"
Harry Kane,Tottenham Hotspur,England,"3,368"
Lukasz Fabianski,-,Poland,"3,330"
Hugo Lloris,-,France,"3,330"
Aaron Cresswell,West Ham United,England,"3,315"
Troy Deeney,Watford,England,"3,291"
Charlie Daniels,AFC Bournemouth,England,"3,285"
Eric Dier,Tottenham Hotspur,England,"3,266"
Nacho Monreal,-,Spain,"3,248"
Héctor Bellerín,Arsenal,Spain,"3,240"
Ashley Williams,-,Wales,"3,240"
Moussa Sissoko,-,France,"3,221"
Mark Noble,West Ham United,England,"3,204"
César Azpilicueta,Chelsea,Spain,"3,202"
Steve Cook,AFC Bournemouth,England,"3,195"
Yann M'Vila,-,France,"3,188"
Romelu Lukaku,-,Belgium,"3,174"
Glenn Whelan,-,Ireland,"3,173"
José Fonte,-,Portugal,"3,168"
Georginio Wijnaldum,-,Netherlands,"3,168"
Odion Ighalo,-,Nigeria,"3,151"
Scott Dann,-,England,"3,150"
Robert Huth,-,Germany,"3,150"
Chris Smalling,-,England,"3,150"
Jamie Vardy,Leicester City,England,"3,139"
Daley Blind,-,Netherlands,"3,117"
Joe Hart,-,England,"3,110"
Erik Pieters,-,Netherlands,"3,096"
Ross Barkley,-,England,"3,085"
Idrissa Gueye,-,Senegal,"3,075"
Petr Cech,-,Czech Republic,"3,060"
David de Gea,Manchester United,Spain,"3,060"
Simon Mignolet,-,Belgium,"3,060"
Virgil van Dijk,-,Netherlands,"3,060"
Gareth McAuley,-,Northern Ireland,"3,059"
Riyad Mahrez,-,Algeria,"3,052"
Mesut Özil,Arsenal,Germany,"3,047"
Daniel Drinkwater,-,England,"3,038"
Craig Cathcart,Watford,Northern Ireland,"3,033"
N'Golo Kanté,-,France,"3,020"
Pape Souaré,-,Senegal,"3,014"
Cheikhou Kouyaté,-,Senegal,"3,009"
Robbie Brady,-,Ireland,"2,987"
Matt Ritchie,-,Scotland,"2,976"
Nathaniel Clyne,-,England,"2,970"
Patrick van Aanholt,-,Netherlands,"2,970"
Jonny Howson,-,England,"2,953"
Neil Taylor,-,Wales,"2,947"
Kyle Walker,-,England,"2,943"
Christian Eriksen,Tottenham Hotspur,Denmark,"2,938"
André Ayew,Swansea City,Ghana,"2,937"
Chancel Mbemba,-,The Democratic Republic Of Congo,"2,924"
Branislav Ivanovic,-,Serbia,"2,918"
Gylfi Sigurdsson,-,Iceland,"2,917"
Juan Mata,Manchester United,Spain,"2,898"
Cesc Fàbregas,-,Spain,"2,896"
Ryan Bertrand,-,England,"2,880"
Artur Boruc,AFC Bournemouth,Poland,"2,880"
Damien Delaney,-,Ireland,"2,880"
Federico Fernández,-,Argentina,"2,880"
Adrián,-,Spain,"2,879"
Claudio Yacob,-,Argentina,"2,854"
Laurent Koscielny,-,France,"2,846"
Gareth Barry,-,England,"2,835"
Etienne Capoue,Watford,France,"2,822"
Marko Arnautovic,-,Austria,"2,818"
Ben Watson,-,England,"2,815"
Joleon Lescott,-,England,"2,810"
Jack Butland,-,England,"2,790"
Sebastien Bassong,-,Cameroon,"2,789"
John Stones,-,England,"2,779"
Marc Albrighton,Leicester City,England,"2,765"
Daryl Janmaat,-,Netherlands,"2,755"
Willian,Chelsea,Brazil,"2,749"
Fernandinho,Manchester City,Brazil,"2,732"
Ashley Westwood,-,England,"2,719"
Christian Fuchs,Leicester City,Austria,"2,710"
Yohan Cabaye,-,France,"2,703"
Russell Martin,-,Scotland,"2,698"
Joel Ward,Crystal Palace,England,"2,692"
Philipp Wollscheid,Stoke City,Germany,"2,685"
Nicolás Otamendi,Manchester City,Argentina,"2,672"
Anthony Martial,Manchester United,France,"2,632"
Jason Puncheon,-,England,"2,624"
Aaron Ramsey,-,Wales,"2,623"
Danny Simpson,-,England,"2,613"
Steven Davis,-,Northern Ireland,"2,611"
Wayne Hennessey,-,Wales,"2,610"
Sadio Mané,-,Senegal,"2,604"
Jan Vertonghen,Tottenham Hotspur,Belgium,"2,595"
Jonny Evans,-,Northern Ireland,"2,593"
Dimitri Payet,-,France,"2,571"
Salomón Rondón,-,Venezuela,"2,564"
Jermain Defoe,-,England,"2,550"
Alberto Moreno,-,Spain,"2,547"
Jack Cork,-,England,"2,544"
Brad Guzan,-,United States,"2,520"
Victor Wanyama,-,Kenya,"2,500"
Emre Can,-,Germany,"2,492"
Wilfried Zaha,Crystal Palace,Cote D'Ivoire,"2,492"
Dele Alli,Tottenham Hotspur,England,"2,479"
Allan-Roméo Nyom,-,Cameroon,"2,474"
Bacary Sagna,-,France,"2,448"
Alexis Sánchez,-,Chile,"2,446"
Dan Gosling,AFC Bournemouth,England,"2,441"
James McCarthy,-,Ireland,"2,434"
John Ruddy,-,England,"2,430"
Olivier Giroud,-,France,"2,424"
Nemanja Matic,-,Serbia,"2,421"
Leandro Bacuna,-,Curacao,"2,418"
James Milner,Liverpool,England,"2,414"
James McClean,-,Ireland,"2,412"
Wayne Rooney,-,England,"2,410"
Jack Colback,-,England,"2,396"
Séamus Coleman,-,Ireland,"2,386"
Erik Lamela,Tottenham Hotspur,Argentina,"2,383"
Diego Costa,-,Spain,"2,379"
Sergio Agüero,Manchester City,Argentina,"2,373"
Geoff Cameron,-,United States,"2,361"
Jordan Ayew,-,Ghana,"2,352"
Nathan Redmond,-,England,"2,337"
Yaya Touré,-,Cote D'Ivoire,"2,331"
Alan Hutton,-,Scotland,"2,330"
Angelo Ogbonna,West Ham United,Italy,"2,328"
Fabricio Coloccini,-,Argentina,"2,293"
Dusan Tadic,-,Serbia,"2,290"
Aleksandar Kolarov,-,Serbia,"2,281"
Jesús Navas,-,Spain,"2,279"
Mousa Dembélé,-,Belgium,"2,273"
Jonjo Shelvey,Newcastle United,England,"2,268"
Tim Howard,-,United States,"2,250"
Lee Cattermole,Sunderland,England,"2,216"
Morgan Schneiderlin,-,France,"2,204"
James McArthur,Crystal Palace,Scotland,"2,192"
Ramiro Funes Mori,-,Argentina,"2,191"
Eden Hazard,-,Belgium,"2,190"
Glen Johnson,Stoke City,England,"2,186"
Graziano Pellè,-,Italy,"2,173"
Winston Reid,West Ham United,New Zealand,"2,136"
Danny Rose,Tottenham Hotspur,England,"2,132"
Aleksandar Mitrovic,-,Serbia,"2,113"
Shane Long,-,Ireland,"2,111"
Adam Lallana,-,England,"2,110"
Vurnon Anita,-,Netherlands,"2,106"
Ibrahim Afellay,-,Netherlands,"2,105"
Adam Smith,AFC Bournemouth,England,"2,096"
Yannick Bolasie,-,The Democratic Republic Of Congo,"2,076"
Miguel Britos,-,Uruguay,"2,076"
Boaz Myhill,-,Wales,"2,070"
Shinji Okazaki,-,Japan,"2,070"
Michail Antonio,-,England,"2,062"
Per Mertesacker,-,Germany,"2,049"
Ayoze Pérez,-,Spain,"2,045"
Micah Richards,-,England,"2,044"
Pedro,Chelsea,Spain,"2,040"
Craig Gardner,-,England,"2,033"
Billy Jones,-,England,"2,033"
Xherdan Shaqiri,-,Switzerland,"2,028"
José Manuel Jurado,-,Spain,"2,025"
Thibaut Courtois,-,Belgium,"2,020"
Jonas Olsson,-,Sweden,"2,016"
Eliaquim Mangala,-,France,"2,010"
Younes Kaboul,-,France,"2,009"
John O'Shea,-,Ireland,"2,008"
Wes Hoolahan,-,Ireland,"2,005"
Philippe Coutinho,-,Brazil,"2,003"
Kevin De Bruyne,Manchester City,Belgium,"2,003"
John Terry,-,England,"1,989"
Almen Abdi,-,Switzerland,"1,984"
Roberto Firmino,Liverpool,Brazil,"1,981"
Michael Carrick,-,England,"1,975"
Cédric Soares,-,Portugal,"1,970"
James Tomkins,-,England,"1,963"
Gary Cahill,-,England,"1,955"
Lucas Leiva,-,Brazil,"1,953"
Alexander Tettey,Norwich City,Norway,"1,952"
Matteo Darmian,-,Italy,"1,930"
Raheem Sterling,Manchester City,England,"1,925"
Joshua King,AFC Bournemouth,Norway,"1,924"
Manuel Lanzini,-,Argentina,"1,920"
Kurt Zouma,-,France,"1,918"
Fabio Borini,-,Italy,"1,899"
Dejan Lovren,-,Croatia,"1,897"
Paul Dummett,Newcastle United,Wales,"1,896"
Robert Elliot,Newcastle United,Ireland,"1,890"
Martin Skrtel,-,Slovakia,"1,886"
Nathan Aké,-,Netherlands,"1,874"
Mamadou Sakho,-,France,"1,855"
Phil Jagielka,-,England,"1,851"
Ki Sung-yueng,-,South Korea,"1,849"
Ryan Bennett,-,England,"1,838"
Jordan Veretout,-,France,"1,824"
Angel Rangel,-,Spain,"1,821"
DeAndre Yedlin,-,United States,"1,812"
Chris Brunt,West Bromwich Albion,Northern Ireland,"1,803"
David Silva,Manchester City,Spain,"1,800"
John Obi Mikel,-,Nigeria,"1,783"
Sebastian Prödl,Watford,Austria,"1,776"
Cameron Jerome,-,England,"1,774"
Oscar,-,Brazil,"1,773"
Martin Olsson,-,Sweden,"1,773"
Kyle Naughton,-,England,"1,763"
Gabriel Paulista,-,Brazil,"1,761"
Stéphane Sessegnon,West Bromwich Albion,Benin,"1,758"
Gary O'Neil,-,England,"1,749"
Saido Berahino,-,Burundi,"1,741"
Jonathan Walters,-,Ireland,"1,724"
Vito Mannone,-,Italy,"1,710"
Bojan,Stoke City,Spain,"1,709"
Fernando,-,Brazil,"1,697"
Ryan Shawcross,Stoke City,England,"1,697"
Bafétimbi Gomis,-,France,"1,694"
Ikechi Anya,-,Scotland,"1,680"
Wayne Routledge,Swansea City,England,"1,680"
Harry Arter,-,Ireland,"1,670"
Rudy Gestede,-,Benin,"1,657"
Francis Coquelin,-,France,"1,646"
Jesse Lingard,Manchester United,England,"1,635"
Fraser Forster,-,England,"1,620"
Tom Cleverley,-,England,"1,613"
Oriol Romeu,-,Spain,"1,606"
Aly Cissokho,Aston Villa,France,"1,603"
Scott Sinclair,-,England,"1,596"
Dieudonne Mbokani Bezua,Norwich City,The Democratic Republic Of Congo,"1,588"
Jordy Clasie,-,Netherlands,"1,551"
Aaron Lennon,-,England,"1,539"
James Ward-Prowse,Southampton,England,"1,533"
Ander Herrera,-,Spain,"1,532"
Mile Jedinak,-,Australia,"1,530"
Costel Pantilimon,-,Romania,"1,530"
Maarten Stekelenburg,-,Netherlands,"1,530"
Leon Britton,Swansea City,England,"1,526"
Diafra Sakho,-,Senegal,"1,525"
Christian Benteke,-,Belgium,"1,518"
Leighton Baines,Everton,England,"1,477"
Memphis Depay,-,Netherlands,"1,474"
Arouna Koné,Everton,Cote D'Ivoire,"1,458"
Ciaran Clark,-,Ireland,"1,442"
James Collins,-,Wales,"1,440"
Carles Gil,-,Spain,"1,440"
Junior Stanislas,AFC Bournemouth,England,"1,440"
Andy Carroll,-,England,"1,434"
Asmir Begovic,-,Bosnia And Herzegovina,"1,397"
Gerard Deulofeu,-,Spain,"1,384"
Jeffrey Schlupp,-,Ghana,"1,383"
Theo Walcott,-,England,"1,374"
Carlos Sánchez,-,Colombia,"1,370"
Jefferson Montero,-,Ecuador,"1,357"
Ben Foster,-,England,"1,350"
James Morrison,West Bromwich Albion,Scotland,"1,343"
Marc Pugh,-,England,"1,334"
Steven Naismith,-,Scotland,"1,330"
Connor Wickham,Crystal Palace,England,"1,324"
Lamine Koné,Sunderland,Cote D'Ivoire,"1,315"
Jordan Henderson,Liverpool,England,"1,293"
Jeremain Lens,-,Netherlands,"1,293"
Santi Cazorla,-,Spain,"1,292"
Ben Davies,Tottenham Hotspur,Wales,"1,288"
Graham Dorrans,-,Scotland,"1,287"
Valon Behrami,-,Switzerland,"1,280"
Mame Biram Diouf,Stoke City,Senegal,"1,269"
Giannelli Imbula,-,The Democratic Republic Of Congo,"1,260"
Marcos Rojo,-,Argentina,"1,253"
Sebastián Coates,-,Uruguay,"1,229"
Carl Jenkinson,-,England,"1,225"
Cheick Tioté,Newcastle United,Cote D'Ivoire,"1,225"
Wilfried Bony,-,Cote D'Ivoire,"1,223"
Brendan Galloway,-,England,"1,223"
Bastian Schweinsteiger,-,Germany,"1,202"
Vincent Kompany,-,Belgium,"1,179"
Jordon Ibe,-,England,"1,172"
Joel Robles,-,Spain,"1,170"
Jack Rodwell,-,England,"1,158"
Andros Townsend,-,England,"1,153"
Jamaal Lascelles,-,England,"1,148"
Adam Johnson,-,England,"1,142"
Marc Muniesa,-,Spain,"1,111"
Son Heung-Min,Tottenham Hotspur,South Korea,"1,105"
Matthew Jarvis,Norwich City,England,"1,093"
Joselu,-,Spain,"1,090"
Mathieu Flamini,-,France,"1,089"
Gaël Clichy,-,France,"1,088"
Cuco Martina,-,Curacao,"1,084"
Jan Kirchhoff,-,Germany,"1,083"
Jores Okore,-,Denmark,"1,080"
Pedro Obiang,-,Equatorial Guinea,"1,079"
Wahbi Khazri,-,Tunisia,"1,077"
Bakary Sako,-,Mali,"1,074"
Papiss Demba Cissé,Newcastle United,Senegal,"1,070"
Matt Targett,-,England,"1,069"
Marouane Fellaini,-,Belgium,"1,068"
Ashley Young,Manchester United,England,"1,063"
Pablo Zabaleta,-,Argentina,"1,062"
Andy King,-,Wales,"1,049"
Martin Kelly,Crystal Palace,England,"1,043"
Charlie Adam,-,Scotland,"1,042"
Gabriel Agbonlahor,Aston Villa,England,"1,036"
Abdul Rahman Baba,-,Ghana,"1,016"
Steven Fletcher,-,Scotland,"1,016"
Martín Demichelis,-,Argentina,"1,015"
Maya Yoshida,-,Japan,"1,014"
Tommy Elphick,-,England,"1,012"
Enner Valencia,-,Ecuador,"1,009"
Kevin Mirallas,-,Belgium,"1,003"
Bryan Oviedo,-,Costa Rica,998
Declan Rudd,-,England,990
Victor Moses,West Ham United,Nigeria,981
Joe Ledley,-,Wales,980
Daniel Sturridge,-,England,979
Leonardo Ulloa,-,Argentina,968
James Chester,-,Wales,962
José Holebas,Watford,Greece,945
Nacer Chadli,-,Belgium,938
Benik Afobe,-,The Democratic Republic Of Congo,936
Alex Oxlade-Chamberlain,-,England,919
Duncan Watmore,Sunderland,England,907
Mark Bunn,-,England,900
Max-Alain Gradel,-,Cote D'Ivoire,899
Joel Campbell,-,Costa Rica,887
Marcus Rashford,Manchester United,England,861
Kolo Touré,-,Cote D'Ivoire,859
Antonio Valencia,-,Ecuador,855
Timm Klose,-,Switzerland,849
Sylvain Distin,AFC Bournemouth,France,842
Jordan Amavi,-,France,836
Jack Grealish,Aston Villa,England,832
Andre Wisdom,-,England,823
Lewis Grabban,-,England,820
Phil Bardsley,-,Scotland,816
Kevin Wimmer,-,Austria,812
Ivo Pinto,-,Portugal,811
Karl Darlow,Newcastle United,England,810
Steven Taylor,-,England,810
Ryan Mason,-,England,798
Glenn Murray,-,England,795
Jordon Mutch,-,England,795
Mohamed Elneny,-,Egypt,794
Mauro Zárate,-,Argentina,790
Modou Barrow,-,Gambia,781
Callum Wilson,AFC Bournemouth,England,772
Dwight Gayle,-,England,768
Juan Carlos Paredes,Watford,Ecuador,766
Leroy Fer,-,Netherlands,757
Fabian Delph,-,England,753
Eunan O'Kane,-,Ireland,752
Marco van Ginkel,-,Netherlands,752
Kelechi Iheanacho,-,Nigeria,751
Mario Suárez,-,Spain,744
Joe Allen,-,Wales,731
Kieran Richardson,-,England,723
Tim Krul,-,Netherlands,720
Cameron Borthwick-Jackson,Manchester United,England,692
Alberto Paloschi,-,Italy,669
Divock Origi,Liverpool,Belgium,666
Ola Toivonen,Sunderland,Sweden,663
Steven Whittaker,Norwich City,Scotland,661
Alexandre Song,-,Cameroon,658
Ritchie de Laet,-,Belgium,655
Alex Iwobi,-,Nigeria,632
Brede Hangeland,Crystal Palace,Norway,630
Alex McCarthy,-,England,630
Rickie Lambert,-,England,617
Emmanuel Adebayor,-,Togo,616
Ramires,-,Brazil,607
Danny Welbeck,-,England,578
Dame N'Doye,-,Senegal,567
Kevin Stewart,-,England,564
Muhamed Besic,-,Bosnia And Herzegovina,557
Massadio Haidara,-,Mali,555
Kenedy,-,Brazil,550
Sebastian Larsson,-,Sweden,547
Wes Brown,-,England,540
Darren Randolph,-,Ireland,540
Samir Nasri,-,France,535
Phil Jones,Manchester United,England,528
Emmanuel Emenike,-,Nigeria,509
Tom Carroll,-,England,506
Nordin Amrabat,-,Morocco,501
Adam Federici,-,Australia,495
Jordi Amat,-,Spain,461
Kieran Trippier,-,England,458
Peter Crouch,-,England,457
Luke Shaw,Manchester United,England,450
Siem de Jong,-,Netherlands,446
Joseph Gomez,-,England,438
Jon Flanagan,-,England,421
Adlène Guédioura,-,Algeria,421
Florian Thauvin,-,France,420
Ruben Loftus-Cheek,Chelsea,England,407
Jakob Haugaard,Stoke City,Denmark,405
Sheyi Ojo,-,England,396
Chung-Yong Lee,-,South Korea,385
Kieran Gibbs,-,England,381
Sandro,West Bromwich Albion,Brazil,379
Rolando Aarons,-,England,377
Bertrand Traoré,-,Burkina Faso,373
Youssouf Mulumbu,-,The Democratic Republic Of Congo,371
Victor Anichebe,-,Nigeria,365
Fraizer Campbell,-,England,360
David Ospina,-,Colombia,360
Sergio Romero,Manchester United,Argentina,360
Danny Graham,-,England,358
Stephen Kingsley,-,Scotland,356
Patrick Bamford,-,England,355
Jordi Gómez,-,Spain,355
Jay Rodriguez,-,England,346
Danny Ings,-,England,340
Nikica Jelavic,-,Croatia,339
Calum Chambers,-,England,315
Kevin Toner,Aston Villa,Ireland,315
Guillermo Varela,-,Uruguay,315
Willy Caballero,-,Argentina,310
Patrick McNair,-,Northern Ireland,309
Marcin Wasilewski,Leicester City,Poland,302
Tyias Browning,-,England,299
Matthew Pennington,-,England,299
Lee Tomlin,-,England,289
Sam Byram,-,England,286
Loïc Rémy,-,France,285
Brad Smith,-,Australia,285
Kyle Bartley,-,England,284
Gabriel Obertan,-,France,279
Callum McManaman,-,England,276
Vadis Odjidja-Ofoe,-,Belgium,275
Jonathan Leko,-,England,271
Éder,-,Portugal,269
Libor Kozák,Aston Villa,Czech Republic,258
Marc Wilson,-,Ireland,258
Adrian Mariappa,-,Jamaica,256
Timothy Fosu-Mensah,-,Netherlands,254
Marouane Chamakh,-,Morocco,250
Darron Gibson,-,Ireland,239
Nathan Dyer,Leicester City,England,231
Stephen Ireland,-,Ireland,231
Radamel Falcao,-,Colombia,228
Shay Given,Stoke City,Ireland,225
Yoan Gouffran,Newcastle United,France,224
Steven Berghuis,-,Netherlands,222
Leon Osman,Everton,England,218
Reece Oxford,-,England,209
Charlie Austin,-,England,208
Gökhan Inler,-,Switzerland,194
Clinton N'Jie,-,Cameroon,184
Adama Traoré,-,Spain,184
Adam Bogdan,-,Hungary,180
Paulo Gazzaniga,-,Argentina,180
Jordan Pickford,-,England,180
Julian Speroni,-,Argentina,180
Danny Ward,-,Wales,180
Demarai Gray,-,England,177
Nabil Bentaleb,-,Algeria,168
Connor Randall,-,England,163
Mikel Arteta,Arsenal,Spain,161
Juanmi,-,Spain,161
Jordan Lyden,-,Australia,152
Bradley Johnson,-,England,151
Steven Caulker,Liverpool,England,149
Henri Saivet,-,Senegal,148
Mathieu Debuchy,-,France,144
Adnan Januzaj,-,Belgium,144
Kevin Mbabu,-,Switzerland,144
Oumar Niasse,-,Senegal,142
Jack Wilshere,-,England,141
Matt Miazga,-,United States,135
Miguel Layún,-,Mexico,132
Alexandre Pato,-,Brazil,131
Yann Kermorgant,-,France,125
Steven Pienaar,-,South Africa,118
Cameron Brannagan,-,England,112
Daniel Amartey,-,Ghana,102
Peter Odemwingie,-,Nigeria,101
Tom Davies,Everton,England,97
José Crespo,-,Spain,90
Kelvin Davis,Southampton,England,90
Matt Grimes,-,England,90
Kristoffer Nordfeldt,-,Sweden,90
Thomas Robson,-,England,90
Michel Vorm,-,Netherlands,90
Andreas Pereira,Manchester United,Brazil,80
Josh Onomah,-,England,78
Kieran Dowell,-,England,72
Alex Pritchard,-,England,67
Marvin Emnes,-,Netherlands,66
Yohan Benalouane,-,Tunisia,65
Alessandro Diamanti,-,Italy,65
Víctor Ibarbo,-,Colombia,64
Emmanuel Rivière,Newcastle United,France,63
Jonjoe Kenny,-,England,61
Andre Green,-,England,57
Kevin Nolan,-,England,56
Juan Iturbe,AFC Bournemouth,Paraguay,55
Tammy Abraham,-,England,53
Donald Love,-,Scotland,53
Rees Greenwood,-,England,52
Ryan Allsop,-,England,45
Pedro Chirivella,-,Spain,45
Tony Hibbert,Everton,England,45
Sullay Kaikai,-,England,45
Dionatan Teixeira,-,Slovakia,45
Charles N'Zogbia,Aston Villa,France,41
George Honeyman,-,England,38
Tokelo Rantie,AFC Bournemouth,South Africa,38
Callum Connolly,-,England,36
Adam Matthews,-,Wales,36
Sébastien Pocognoli,-,Belgium,35
Fikayo Tomori,-,England,30
Seydou Doumbia,-,Cote D'Ivoire,29
Shaun MacDonald,-,Wales,29
Gastón Ramírez,-,Uruguay,28
Cristian Gamboa,-,Costa Rica,27
Juan Cuadrado,-,Colombia,26
Modibo Maiga,-,Mali,25
Giedrius Arlauskis,-,Lithuania,23
Chicharito,-,Mexico,23
Andrej Kramaric,-,Croatia,22
Jay Fulton,Swansea City,Scotland,20
Joseph Dodoo,-,England,19
Hiram Boateng,-,England,18
Tyler Roberts,-,Wales,17
Jake Clarke-Salter,Chelsea,England,16
Nick Powell,-,England,16
Jordan Rossiter,-,England,14
Bersant Celina,-,Kosovo,13
Kyle Lafferty,-,Northern Ireland,13
Serge Gnabry,-,Germany,12
Tyrone Mings,-,England,12
Steve Sidwell,-,England,12
Gary Hooper,-,England,11
Manu García,-,Spain,10
Harrison Reed,-,England,10
Ivan Toney,-,England,10
Jonathan Williams,-,Wales,10
Sergi Canós,-,Spain,9