Mesut Özil,Arsenal,Germany,19
Christian Eriksen,Tottenham Hotspur,Denmark,13
Dimitri Payet,-,France,12
Dusan Tadic,-,Serbia,12
Riyad Mahrez,-,Algeria,11
James Milner,Liverpool,England,11
David Silva,Manchester City,Spain,11
Dele Alli,Tottenham Hotspur,England,9
Kevin De Bruyne,Manchester City,Belgium,9
Erik Lamela,Tottenham Hotspur,Argentina,9
Ross Barkley,-,England,8
Gerard Deulofeu,-,Spain,8
Wes Hoolahan,-,Ireland,8
Roberto Firmino,Liverpool,Brazil,7
Troy Deeney,Watford,England,7
Daniel Drinkwater,-,England,7
Cesc Fàbregas,-,Spain,7
Jesús Navas,-,Spain,7
Moussa Sissoko,-,France,7
Marc Albrighton,Leicester City,England,6
Mesut Özil,Arsenal,Germany,19
Christian Eriksen,Tottenham Hotspur,Denmark,13
Dimitri Payet,-,France,12
Dusan Tadic,-,Serbia,12
Riyad Mahrez,-,Algeria,11
James Milner,Liverpool,England,11
David Silva,Manchester City,Spain,11
Dele Alli,Tottenham Hotspur,England,9
Kevin De Bruyne,Manchester City,Belgium,9
Erik Lamela,Tottenham Hotspur,Argentina,9
Ross Barkley,-,England,8
Gerard Deulofeu,-,Spain,8
Wes Hoolahan,-,Ireland,8
Roberto Firmino,Liverpool,Brazil,7
Troy Deeney,Watford,England,7
Daniel Drinkwater,-,England,7
Cesc Fàbregas,-,Spain,7
Jesús Navas,-,Spain,7
Moussa Sissoko,-,France,7
Marc Albrighton,Leicester City,England,6
Marko Arnautovic,-,Austria,6
Willian,Chelsea,Brazil,6
Diego Costa,-,Spain,6
Olivier Giroud,-,France,6
Adam Lallana,-,England,6
Romelu Lukaku,-,Belgium,6
Sadio Mané,-,Senegal,6
Graziano Pellè,-,Italy,6
Matt Ritchie,-,Scotland,6
Wayne Rooney,-,England,6
Xherdan Shaqiri,-,Switzerland,6
Jamie Vardy,Leicester City,England,6
Héctor Bellerín,Arsenal,Spain,5
Philippe Coutinho,-,Brazil,5
Charlie Daniels,AFC Bournemouth,England,5
Adam Johnson,-,England,5
Juan Mata,Manchester United,Spain,5
Jonjo Shelvey,Newcastle United,England,5
Yaya Touré,-,Cote D'Ivoire,5
Jordan Veretout,-,France,5
Georginio Wijnaldum,-,Netherlands,5
Tom Cleverley,-,England,4
Aaron Cresswell,West Ham United,England,4
Simon Francis,AFC Bournemouth,England,4
Christian Fuchs,Leicester City,Austria,4
Jonny Howson,-,England,4
Daryl Janmaat,-,Netherlands,4
N'Golo Kanté,-,France,4
Arouna Koné,Everton,Cote D'Ivoire,4
Shane Long,-,Ireland,4
Yann M'Vila,-,France,4
Anthony Martial,Manchester United,France,4
Aleksandar Mitrovic,-,Serbia,4
Alberto Moreno,-,Spain,4
Mark Noble,West Ham United,England,4
Aaron Ramsey,-,Wales,4
Alexis Sánchez,-,Chile,4
James Ward-Prowse,Southampton,England,4
Vurnon Anita,-,Netherlands,3
Michail Antonio,-,England,3
César Azpilicueta,Chelsea,Spain,3
Christian Benteke,-,Belgium,3
Ryan Bertrand,-,England,3
Yannick Bolasie,-,The Democratic Republic Of Congo,3
Wilfried Bony,-,Cote D'Ivoire,3
Chris Brunt,West Bromwich Albion,Northern Ireland,3
Santi Cazorla,-,Spain,3
Séamus Coleman,-,Ireland,3
Steven Davis,-,Northern Ireland,3
Damien Delaney,-,Ireland,3
Oscar,-,Brazil,3
Darren Fletcher,-,Scotland,3
Craig Gardner,-,England,3
Eden Hazard,-,Belgium,3
Jordan Henderson,Liverpool,England,3
Odion Ighalo,-,Nigeria,3
Glen Johnson,Stoke City,England,3
Aleksandar Kolarov,-,Serbia,3
Jeremain Lens,-,Netherlands,3
Nacho Monreal,-,Spain,3
James Morrison,West Bromwich Albion,Scotland,3
Kyle Naughton,-,England,3
Sheyi Ojo,-,England,3
Jason Puncheon,-,England,3
Nathan Redmond,-,England,3
Danny Rose,Tottenham Hotspur,England,3
Bacary Sagna,-,France,3
Gylfi Sigurdsson,-,Iceland,3
Andrew Surman,AFC Bournemouth,England,3
Antonio Valencia,-,Ecuador,3
Patrick van Aanholt,-,Netherlands,3
Kyle Walker,-,England,3
Jonathan Walters,-,Ireland,3
Connor Wickham,Crystal Palace,England,3
Ibrahim Afellay,-,Netherlands,2
Gabriel Agbonlahor,Aston Villa,England,2
Sergio Agüero,Manchester City,Argentina,2
Toby Alderweireld,Tottenham Hotspur,Belgium,2
Cédric Soares,-,Portugal,2
Jordan Amavi,-,France,2
Cameron Jerome,-,England,2
Joshua King,AFC Bournemouth,Norway,2
Cheikhou Kouyaté,-,Senegal,2
Manuel Lanzini,-,Argentina,2
Fernandinho,Manchester City,Brazil,2
Nemanja Matic,-,Serbia,2
James McArthur,Crystal Palace,Scotland,2
James McCarthy,-,Ireland,2
James McClean,-,Ireland,2
Kevin Mirallas,-,Belgium,2
Jefferson Montero,-,Ecuador,2
Victor Moses,West Ham United,Nigeria,2
Samir Nasri,-,France,2
Vadis Odjidja-Ofoe,-,Belgium,2
Martin Olsson,-,Sweden,2
Ayoze Pérez,-,Spain,2
Marc Pugh,-,England,2
Marcus Rashford,Manchester United,England,2
Pedro,Chelsea,Spain,2
Salomón Rondón,-,Venezuela,2
Cameron Jerome,-,England,2
Joshua King,AFC Bournemouth,Norway,2
Cheikhou Kouyaté,-,Senegal,2
Manuel Lanzini,-,Argentina,2
Fernandinho,Manchester City,Brazil,2
Nemanja Matic,-,Serbia,2
James McArthur,Crystal Palace,Scotland,2
James McCarthy,-,Ireland,2
James McClean,-,Ireland,2
Kevin Mirallas,-,Belgium,2
Jefferson Montero,-,Ecuador,2
Victor Moses,West Ham United,Nigeria,2
Samir Nasri,-,France,2
Vadis Odjidja-Ofoe,-,Belgium,2
Martin Olsson,-,Sweden,2
Ayoze Pérez,-,Spain,2
Marc Pugh,-,England,2
Marcus Rashford,Manchester United,England,2
Pedro,Chelsea,Spain,2
Salomón Rondón,-,Venezuela,2
Jeffrey Schlupp,-,Ghana,2
Stéphane Sessegnon,West Bromwich Albion,Benin,2
Junior Stanislas,AFC Bournemouth,England,2
Raheem Sterling,Manchester City,England,2
Ola Toivonen,Sunderland,Sweden,2
Andros Townsend,-,England,2
Leonardo Ulloa,-,Argentina,2
Enner Valencia,-,Ecuador,2
Theo Walcott,-,England,2
Danny Welbeck,-,England,2
Ashley Westwood,-,England,2
Ashley Young,Manchester United,England,2
Rolando Aarons,-,England,1
Charlie Adam,-,Scotland,1
Emmanuel Adebayor,-,Togo,1
Joe Allen,-,Wales,1
Ikechi Anya,-,Scotland,1
Abdul Rahman Baba,-,Ghana,1
Leighton Baines,Everton,England,1
Phil Bardsley,-,Scotland,1
Mohamed Elneny,-,Egypt,1
Jonny Evans,-,Northern Ireland,1
Lukasz Fabianski,-,Poland,1
Federico Fernández,-,Argentina,1
Jon Flanagan,-,England,1
Timothy Fosu-Mensah,-,Netherlands,1
Ramiro Funes Mori,-,Argentina,1
Brendan Galloway,-,England,1
Darron Gibson,-,Ireland,1
Joseph Gomez,-,England,1
Dan Gosling,AFC Bournemouth,England,1
Demarai Gray,-,England,1
Idrissa Gueye,-,Senegal,1
Alan Hutton,-,Scotland,1
Kelechi Iheanacho,-,Nigeria,1
Stephen Ireland,-,Ireland,1
Matthew Jarvis,Norwich City,England,1
Billy Jones,-,England,1
Younes Kaboul,-,France,1
Harry Kane,Tottenham Hotspur,England,1
Mohamed Elneny,-,Egypt,1
Jonny Evans,-,Northern Ireland,1
Lukasz Fabianski,-,Poland,1
Federico Fernández,-,Argentina,1
Jon Flanagan,-,England,1
Timothy Fosu-Mensah,-,Netherlands,1
Ramiro Funes Mori,-,Argentina,1
Brendan Galloway,-,England,1
Darron Gibson,-,Ireland,1
Joseph Gomez,-,England,1
Dan Gosling,AFC Bournemouth,England,1
Demarai Gray,-,England,1
Idrissa Gueye,-,Senegal,1
Alan Hutton,-,Scotland,1
Kelechi Iheanacho,-,Nigeria,1
Stephen Ireland,-,Ireland,1
Matthew Jarvis,Norwich City,England,1
Billy Jones,-,England,1
Younes Kaboul,-,France,1
Harry Kane,Tottenham Hotspur,England,1
Wahbi Khazri,-,Tunisia,1
Ki Sung-yueng,-,South Korea,1
Andy King,-,Wales,1
Stephen Kingsley,-,Scotland,1
Lamine Koné,Sunderland,Cote D'Ivoire,1
Bojan,Stoke City,Spain,1
Rickie Lambert,-,England,1
Sebastian Larsson,-,Sweden,1
Lucas Leiva,-,Brazil,1
Jonathan Leko,-,England,1
Jesse Lingard,Manchester United,England,1
Cuco Martina,-,Curacao,1
Joselu,-,Spain,1
Dieudonne Mbokani Bezua,Norwich City,The Democratic Republic Of Congo,1
Callum McManaman,-,England,1
John Obi Mikel,-,Nigeria,1
Clinton N'Jie,-,Cameroon,1
Steven Naismith,-,Scotland,1
Allan-Roméo Nyom,-,Cameroon,1
Eunan O'Kane,-,Ireland,1
Gabriel Obertan,-,France,1
Pedro Obiang,-,Equatorial Guinea,1
Jonas Olsson,-,Sweden,1
Divock Origi,Liverpool,Belgium,1
Bryan Oviedo,-,Costa Rica,1
Erik Pieters,-,Netherlands,1
Sébastien Pocognoli,-,Belgium,1
Gastón Ramírez,-,Uruguay,1
Winston Reid,West Ham United,New Zealand,1
Micah Richards,-,England,1
Kieran Richardson,-,England,1
Marcos Rojo,-,Argentina,1
Wayne Routledge,Swansea City,England,1
Diafra Sakho,-,Senegal,1
Bakary Sako,-,Mali,1
Luke Shaw,Manchester United,England,1
Chris Smalling,-,England,1
Son Heung-Min,Tottenham Hotspur,South Korea,1
Pape Souaré,-,Senegal,1
Daniel Sturridge,-,England,1