Troy Deeney,Watford,England,212
Jamie Vardy,Leicester City,England,198
Salomón Rondón,-,Venezuela,163
Rudy Gestede,-,Benin,147
Romelu Lukaku,-,Belgium,144
Harry Kane,Tottenham Hotspur,England,142
Dieudonne Mbokani Bezua,Norwich City,The Democratic Republic Of Congo,141
Shinji Okazaki,-,Japan,132
Aleksandar Mitrovic,-,Serbia,112
Leonardo Ulloa,-,Argentina,103
Jonathan Walters,-,Ireland,103
Connor Wickham,Crystal Palace,England,103
Diafra Sakho,-,Senegal,100
Christian Benteke,-,Belgium,96
Diego Costa,-,Spain,92
Olivier Giroud,-,France,92
Steven Fletcher,-,Scotland,91
Anthony Martial,Manchester United,France,91
André Ayew,Swansea City,Ghana,89
Shane Long,-,Ireland,89
Troy Deeney,Watford,England,212
Jamie Vardy,Leicester City,England,198
Salomón Rondón,-,Venezuela,163
Rudy Gestede,-,Benin,147
Romelu Lukaku,-,Belgium,144
Harry Kane,Tottenham Hotspur,England,142
Dieudonne Mbokani Bezua,Norwich City,The Democratic Republic Of Congo,141
Shinji Okazaki,-,Japan,132
Aleksandar Mitrovic,-,Serbia,112
Leonardo Ulloa,-,Argentina,103
Jonathan Walters,-,Ireland,103
Connor Wickham,Crystal Palace,England,103
Diafra Sakho,-,Senegal,100
Christian Benteke,-,Belgium,96
Diego Costa,-,Spain,92
Olivier Giroud,-,France,92
Steven Fletcher,-,Scotland,91
Anthony Martial,Manchester United,France,91
André Ayew,Swansea City,Ghana,89
Shane Long,-,Ireland,89
Andy Carroll,-,England,88
Cameron Jerome,-,England,87
Jordan Ayew,-,Ghana,85
Graziano Pellè,-,Italy,82
Jonny Howson,-,England,77
Scott Dann,-,England,75
Odion Ighalo,-,Nigeria,74
Craig Dawson,-,England,73
Chris Smalling,-,England,70
Eric Dier,Tottenham Hotspur,England,68
Victor Wanyama,-,Kenya,68
Robert Huth,-,Germany,67
Riyad Mahrez,-,Algeria,65
Steve Cook,AFC Bournemouth,England,64
Wes Morgan,Leicester City,Jamaica,64
Roberto Firmino,Liverpool,Brazil,62
Simon Francis,AFC Bournemouth,England,62
Damien Delaney,-,Ireland,61
Federico Fernández,-,Argentina,60
James McClean,-,Ireland,60
Virgil van Dijk,-,Netherlands,58
N'Golo Kanté,-,France,57
Laurent Koscielny,-,France,57
Wayne Rooney,-,England,57
Bacary Sagna,-,France,57
Moussa Sissoko,-,France,57
Andrew Surman,AFC Bournemouth,England,57
Jack Cork,-,England,56
Daley Blind,-,Netherlands,55
Younes Kaboul,-,France,55
Cheikhou Kouyaté,-,Senegal,55
Chancel Mbemba,-,The Democratic Republic Of Congo,54
Nacho Monreal,-,Spain,54
Mame Biram Diouf,Stoke City,Senegal,53
Danny Simpson,-,England,53
Ashley Williams,-,Wales,53
Fabio Borini,-,Italy,52
Steven Naismith,-,Scotland,52
Joshua King,AFC Bournemouth,Norway,51
Gabriel Agbonlahor,Aston Villa,England,49
Kelechi Iheanacho,-,Nigeria,49
Nicolás Otamendi,Manchester City,Argentina,49
Papiss Demba Cissé,Newcastle United,Senegal,47
Sadio Mané,-,Senegal,47
Wilfried Bony,-,Cote D'Ivoire,46
Arouna Koné,Everton,Cote D'Ivoire,46
Gareth McAuley,-,Northern Ireland,46
Matt Ritchie,-,Scotland,46
Marouane Fellaini,-,Belgium,45
Ramiro Funes Mori,-,Argentina,45
Craig Gardner,-,England,45
Bafétimbi Gomis,-,France,45
Fernandinho,Manchester City,Brazil,45
Mamadou Sakho,-,France,45
Dele Alli,Tottenham Hotspur,England,44
Daniel Drinkwater,-,England,44
Nemanja Matic,-,Serbia,44
Erik Pieters,-,Netherlands,44
Emmanuel Adebayor,-,Togo,43
Dan Gosling,AFC Bournemouth,England,43
Lucas Leiva,-,Brazil,43
Georginio Wijnaldum,-,Netherlands,43
Craig Cathcart,Watford,Northern Ireland,42
José Fonte,-,Portugal,42
Jan Kirchhoff,-,Germany,42
James McArthur,Crystal Palace,Scotland,42
James Milner,Liverpool,England,42
Alexis Sánchez,-,Chile,42
Enner Valencia,-,Ecuador,42
Philipp Wollscheid,Stoke City,Germany,42
Sebastien Bassong,-,Cameroon,41
Branislav Ivanovic,-,Serbia,41
Mile Jedinak,-,Australia,41
Joel Ward,Crystal Palace,England,41
Geoff Cameron,-,United States,40
Emre Can,-,Germany,40
Toby Alderweireld,Tottenham Hotspur,Belgium,39
César Azpilicueta,Chelsea,Spain,39
Héctor Bellerín,Arsenal,Spain,39
Joselu,-,Spain,39
Claudio Yacob,-,Argentina,39
Marc Albrighton,Leicester City,England,38
Gary Cahill,-,England,38
Steven Davis,-,Northern Ireland,38
Darren Fletcher,-,Scotland,38
Phil Jagielka,-,England,38
Rickie Lambert,-,England,37
Miguel Britos,-,Uruguay,36
Adam Lallana,-,England,36
Jan Vertonghen,Tottenham Hotspur,Belgium,36
Dwight Gayle,-,England,35
Billy Jones,-,England,35
Michail Antonio,-,England,34
Yannick Bolasie,-,The Democratic Republic Of Congo,34
Aaron Cresswell,West Ham United,England,34
Jermain Defoe,-,England,34
Christian Fuchs,Leicester City,Austria,34
Joleon Lescott,-,England,34
Dame N'Doye,-,Senegal,34
Wayne Routledge,Swansea City,England,34
Cédric Soares,-,Portugal,33
Ryan Bennett,-,England,33
Fabricio Coloccini,-,Argentina,33
Peter Crouch,-,England,33
Jesús Navas,-,Spain,33
Ola Toivonen,Sunderland,Sweden,33
Yaya Touré,-,Cote D'Ivoire,33
Ben Watson,-,England,33
Ryan Bertrand,-,England,32
Gabriel Paulista,-,Brazil,32
Lamine Koné,Sunderland,Cote D'Ivoire,32
Russell Martin,-,Scotland,32
Nathan Redmond,-,England,32
Adam Smith,AFC Bournemouth,England,32
Almen Abdi,-,Switzerland,31
Benik Afobe,-,The Democratic Republic Of Congo,31
Ross Barkley,-,England,31
Paul Dummett,Newcastle United,Wales,31
Christian Eriksen,Tottenham Hotspur,Denmark,31
Glenn Murray,-,England,31
Angelo Ogbonna,West Ham United,Italy,31
Marc Pugh,-,England,31
Morgan Schneiderlin,-,France,31
Glenn Whelan,-,Ireland,31
Ciaran Clark,-,Ireland,30
Jonny Evans,-,Northern Ireland,30
John Stones,-,England,30
Neil Taylor,-,Wales,30
DeAndre Yedlin,-,United States,30
Kevin De Bruyne,Manchester City,Belgium,29
Emmanuel Emenike,-,Nigeria,29
John Obi Mikel,-,Nigeria,29
Divock Origi,Liverpool,Belgium,29
Ayoze Pérez,-,Spain,29
Martin Skrtel,-,Slovakia,29
Junior Stanislas,AFC Bournemouth,England,29
Mousa Dembélé,-,Belgium,28
Daryl Janmaat,-,Netherlands,28
Yann M'Vila,-,France,28
Kyle Naughton,-,England,28
Winston Reid,West Ham United,New Zealand,28
Oriol Romeu,-,Spain,28
Jeffrey Schlupp,-,Ghana,28
Stéphane Sessegnon,West Bromwich Albion,Benin,28
Kurt Zouma,-,France,28
Gareth Barry,-,England,27
James Collins,-,Wales,27
Idrissa Gueye,-,Senegal,27
Erik Lamela,Tottenham Hotspur,Argentina,27
Fernando,-,Brazil,27
Gylfi Sigurdsson,-,Iceland,27
Jordan Veretout,-,France,27
Willian,Chelsea,Brazil,26
Robbie Brady,-,Ireland,26
Aaron Ramsey,-,Wales,26
Nathan Aké,-,Netherlands,25
Valon Behrami,-,Switzerland,25
Saido Berahino,-,Burundi,25
Lee Cattermole,Sunderland,England,25
Aleksandar Kolarov,-,Serbia,25
Gary O'Neil,-,England,25
Angel Rangel,-,Spain,25
Ryan Shawcross,Stoke City,England,25
Kyle Walker,-,England,25
Leandro Bacuna,-,Curacao,24
Etienne Capoue,Watford,France,24
Nacer Chadli,-,Belgium,24
Jordy Clasie,-,Netherlands,24
Ben Davies,Tottenham Hotspur,Wales,24
Sebastian Prödl,Watford,Austria,24
Marcos Rojo,-,Argentina,24
Pape Souaré,-,Senegal,24
Daniel Sturridge,-,England,24
Alexander Tettey,Norwich City,Norway,24
Cameron Borthwick-Jackson,Manchester United,England,23
Philippe Coutinho,-,Brazil,23
Eden Hazard,-,Belgium,23
Cheick Tioté,Newcastle United,Cote D'Ivoire,23
Modou Barrow,-,Gambia,22
Séamus Coleman,-,Ireland,22
Oscar,-,Brazil,22
Jordon Mutch,-,England,22
Micah Richards,-,England,22
Bastian Schweinsteiger,-,Germany,22
Scott Sinclair,-,England,22
Raheem Sterling,Manchester City,England,22
John Terry,-,England,22
Vurnon Anita,-,Netherlands,21
Ikechi Anya,-,Scotland,21
Nathaniel Clyne,-,England,21
Charlie Daniels,AFC Bournemouth,England,21
Danny Graham,-,England,21
Nikica Jelavic,-,Croatia,21
Dejan Lovren,-,Croatia,21
Eliaquim Mangala,-,France,21
Jonas Olsson,-,Sweden,21
Martin Olsson,-,Sweden,21
Sergio Agüero,Manchester City,Argentina,20
Sebastián Coates,-,Uruguay,20
Jack Colback,-,England,20
Libor Kozák,Aston Villa,Czech Republic,20
Jesse Lingard,Manchester United,England,20
Éder,-,Portugal,20
James McCarthy,-,Ireland,20
Allan-Roméo Nyom,-,Cameroon,20
Danny Rose,Tottenham Hotspur,England,20
Carlos Sánchez,-,Colombia,20
Dusan Tadic,-,Serbia,20
James Tomkins,-,England,20
Ashley Westwood,-,England,20
Victor Anichebe,-,Nigeria,19
Tom Cleverley,-,England,19
Siem de Jong,-,Netherlands,19
Sylvain Distin,AFC Bournemouth,France,19
Cesc Fàbregas,-,Spain,19
Matthew Jarvis,Norwich City,England,19
Jeremain Lens,-,Netherlands,19
Wilfried Zaha,Crystal Palace,Cote D'Ivoire,19
Tommy Elphick,-,England,18
Andy King,-,Wales,18
Pedro Obiang,-,Equatorial Guinea,18
Marcus Rashford,Manchester United,England,18
Pedro,Chelsea,Spain,18
Jack Rodwell,-,England,18
Bakary Sako,-,Mali,18
Ramires,-,Brazil,18
James Ward-Prowse,Southampton,England,18
Jordan Amavi,-,France,17
Marko Arnautovic,-,Austria,17
Leighton Baines,Everton,England,17
Francis Coquelin,-,France,17
José Manuel Jurado,-,Spain,17
Ki Sung-yueng,-,South Korea,17
Mark Noble,West Ham United,England,17
John O'Shea,-,Ireland,17
Luke Shaw,Manchester United,England,17
Son Heung-Min,Tottenham Hotspur,South Korea,17
Duncan Watmore,Sunderland,England,17
Danny Welbeck,-,England,17
Ibrahim Afellay,-,Netherlands,16
Charlie Austin,-,England,16
Chris Brunt,West Bromwich Albion,Northern Ireland,16
Ritchie de Laet,-,Belgium,16
Memphis Depay,-,Netherlands,16
Alan Hutton,-,Scotland,16
Timm Klose,-,Switzerland,16
Per Mertesacker,-,Germany,16
Jores Okore,-,Denmark,16
Alberto Paloschi,-,Italy,16
Jason Puncheon,-,England,16
Jonjo Shelvey,Newcastle United,England,16
Patrick van Aanholt,-,Netherlands,16
Patrick Bamford,-,England,15
Adlène Guédioura,-,Algeria,15
Carl Jenkinson,-,England,15
Kevin Mirallas,-,Belgium,15
Alberto Moreno,-,Spain,15
Marc Muniesa,-,Spain,15
Mesut Özil,Arsenal,Germany,15
Marouane Chamakh,-,Morocco,14
Radamel Falcao,-,Colombia,14
Ivo Pinto,-,Portugal,14
Wes Hoolahan,-,Ireland,14
Wahbi Khazri,-,Tunisia,14
Juan Mata,Manchester United,Spain,14
Victor Moses,West Ham United,Nigeria,14
Bryan Oviedo,-,Costa Rica,14
Loïc Rémy,-,France,14
David Silva,Manchester City,Spain,14
Kolo Touré,-,Cote D'Ivoire,14
Theo Walcott,-,England,14
Pablo Zabaleta,-,Argentina,14
Abdul Rahman Baba,-,Ghana,13
Fraizer Campbell,-,England,13
James Chester,-,Wales,13
Matteo Darmian,-,Italy,13
Martín Demichelis,-,Argentina,13
Kieran Gibbs,-,England,13
Jamaal Lascelles,-,England,13
Joe Ledley,-,Wales,13
Jefferson Montero,-,Ecuador,13
Xherdan Shaqiri,-,Switzerland,13
Matt Targett,-,England,13
Marco van Ginkel,-,Netherlands,13
Callum Wilson,AFC Bournemouth,England,13
Leon Britton,Swansea City,England,12
Yohan Cabaye,-,France,12
Aly Cissokho,Aston Villa,France,12
Graham Dorrans,-,Scotland,12
Brendan Galloway,-,England,12
Brede Hangeland,Crystal Palace,Norway,12
Giannelli Imbula,-,The Democratic Republic Of Congo,12
Patrick McNair,-,Northern Ireland,12
James Morrison,West Bromwich Albion,Scotland,12
Mario Suárez,-,Spain,12
Joe Allen,-,Wales,11
Joel Campbell,-,Costa Rica,11
Calum Chambers,-,England,11
Jack Grealish,Aston Villa,England,11
Glen Johnson,Stoke City,England,11
Bojan,Stoke City,Spain,11
Manuel Lanzini,-,Argentina,11
Charlie Adam,-,Scotland,10
Michael Carrick,-,England,10
Jordan Henderson,Liverpool,England,10
Cuco Martina,-,Curacao,10
Alex Oxlade-Chamberlain,-,England,10
Dimitri Payet,-,France,10
Lee Tomlin,-,England,10
Marc Wilson,-,Ireland,10
Andre Wisdom,-,England,10
Maya Yoshida,-,Japan,10
Nordin Amrabat,-,Morocco,9
Gaël Clichy,-,France,9
Fabian Delph,-,England,9
Mohamed Elneny,-,Egypt,9
Joseph Gomez,-,England,9
Martin Kelly,Crystal Palace,England,9
Oumar Niasse,-,Senegal,9
Kieran Richardson,-,England,9
Emmanuel Rivière,Newcastle United,France,9
Florian Thauvin,-,France,9
Bertrand Traoré,-,Burkina Faso,9
Jordi Amat,-,Spain,8
Tom Carroll,-,England,8
Leroy Fer,-,Netherlands,8
Lewis Grabban,-,England,8
José Holebas,Watford,Greece,8
Gökhan Inler,-,Switzerland,8
Yann Kermorgant,-,France,8
Chung-Yong Lee,-,South Korea,8
Ruben Loftus-Cheek,Chelsea,England,8
Matt Miazga,-,United States,8
Kenedy,-,Brazil,8
Jay Rodriguez,-,England,8
Steven Taylor,-,England,8
Andros Townsend,-,England,8
Kieran Trippier,-,England,8
Antonio Valencia,-,Ecuador,8
Kevin Wimmer,-,Austria,8
Steven Caulker,Liverpool,England,7
Gerard Deulofeu,-,Spain,7
Max-Alain Gradel,-,Cote D'Ivoire,7
Sandro,West Bromwich Albion,Brazil,7
Ander Herrera,-,Spain,7
Danny Ings,-,England,7
Sebastian Larsson,-,Sweden,7
Modibo Maiga,-,Mali,7
Ryan Mason,-,England,7
Samir Nasri,-,France,7
Leon Osman,Everton,England,7
Steven Whittaker,Norwich City,Scotland,7
Mauro Zárate,-,Argentina,7
Rolando Aarons,-,England,6
Wes Brown,-,England,6
Santi Cazorla,-,Spain,6
Nathan Dyer,Leicester City,England,6
Yoan Gouffran,Newcastle United,France,6
Jordon Ibe,-,England,6
Stephen Ireland,-,Ireland,6
Alex Iwobi,-,Nigeria,6
Vincent Kompany,-,Belgium,6
Eunan O'Kane,-,Ireland,6
Vadis Odjidja-Ofoe,-,Belgium,6
Sheyi Ojo,-,England,6
Henri Saivet,-,Senegal,6
Guillermo Varela,-,Uruguay,6
Ashley Young,Manchester United,England,6
Harry Arter,-,Ireland,5
Steven Berghuis,-,Netherlands,5
Muhamed Besic,-,Bosnia And Herzegovina,5
Mathieu Flamini,-,France,5
Jon Flanagan,-,England,5
Timothy Fosu-Mensah,-,Netherlands,5
Adam Johnson,-,England,5
Adrian Mariappa,-,Jamaica,5
Youssouf Mulumbu,-,The Democratic Republic Of Congo,5
Gabriel Obertan,-,France,5
Brad Smith,-,Australia,5
Marcin Wasilewski,Leicester City,Poland,5
Mikel Arteta,Arsenal,Spain,4
Carles Gil,-,Spain,4
Jordi Gómez,-,Spain,4
Massadio Haidara,-,Mali,4
Juanmi,-,Spain,4
Phil Jones,Manchester United,England,4
Stephen Kingsley,-,Scotland,4
Aaron Lennon,-,England,4
Kevin Stewart,-,England,4
Daniel Amartey,-,Ghana,3
Phil Bardsley,-,Scotland,3
Kyle Bartley,-,England,3
Sam Byram,-,England,3
Alexandre Pato,-,Brazil,3
Joe Hart,-,England,3
Adnan Januzaj,-,Belgium,3
Juan Carlos Paredes,Watford,Ecuador,3
Nick Powell,-,England,3
Connor Randall,-,England,3
John Ruddy,-,England,3
Kasper Schmeichel,Leicester City,Denmark,3
Kevin Toner,Aston Villa,Ireland,3
Nabil Bentaleb,-,Algeria,2
Tyias Browning,-,England,2
Jack Butland,-,England,2
Mathieu Debuchy,-,France,2
Joseph Dodoo,-,England,2
Demarai Gray,-,England,2
Matt Grimes,-,England,2
Andreas Pereira,Manchester United,Brazil,2
Tim Howard,-,United States,2
Bradley Johnson,-,England,2
Kyle Lafferty,-,Northern Ireland,2
Jonathan Leko,-,England,2
Jordan Lyden,-,Australia,2
Vito Mannone,-,Italy,2
Kevin Mbabu,-,Switzerland,2
Simon Mignolet,-,Belgium,2
Clinton N'Jie,-,Cameroon,2
Reece Oxford,-,England,2
Matthew Pennington,-,England,2
Steven Pienaar,-,South Africa,2
Alexandre Song,-,Cameroon,2
Ivan Toney,-,England,2
Adama Traoré,-,Mali,2
Jack Wilshere,-,England,2
Yohan Benalouane,-,Tunisia,1
Adam Bogdan,-,Hungary,1
Cameron Brannagan,-,England,1
Jake Clarke-Salter,Chelsea,England,1
Callum Connolly,-,England,1
José Crespo,-,Spain,1
Juan Cuadrado,-,Colombia,1
Tom Davies,Everton,England,1
David de Gea,Manchester United,Spain,1
Alessandro Diamanti,-,Italy,1
Seydou Doumbia,-,Cote D'Ivoire,1
Kieran Dowell,-,England,1
Sam Field,-,England,1
Darron Gibson,-,Ireland,1