Troy Deeney,Watford,England,235
Rudy Gestede,-,Benin,208
Virgil van Dijk,-,Netherlands,163
Christian Benteke,-,Belgium,130
Chris Smalling,-,England,124
Steve Cook,AFC Bournemouth,England,123
Craig Dawson,-,England,119
Dieudonne Mbokani Bezua,Norwich City,The Democratic Republic Of Congo,119
Robert Huth,-,Germany,116
Scott Dann,-,England,115
Andy Carroll,-,England,113
Simon Francis,AFC Bournemouth,England,108
Graziano Pellè,-,Italy,108
Laurent Koscielny,-,France,104
Olivier Giroud,-,France,102
Mile Jedinak,-,Australia,102
Damien Delaney,-,Ireland,96
Sebastien Bassong,-,Cameroon,95
Romelu Lukaku,-,Belgium,93
Gareth McAuley,-,Northern Ireland,93
Troy Deeney,Watford,England,235
Rudy Gestede,-,Benin,208
Virgil van Dijk,-,Netherlands,163
Christian Benteke,-,Belgium,130
Chris Smalling,-,England,124
Steve Cook,AFC Bournemouth,England,123
Craig Dawson,-,England,119
Dieudonne Mbokani Bezua,Norwich City,The Democratic Republic Of Congo,119
Robert Huth,-,Germany,116
Scott Dann,-,England,115
Andy Carroll,-,England,113
Simon Francis,AFC Bournemouth,England,108
Graziano Pellè,-,Italy,108
Laurent Koscielny,-,France,104
Olivier Giroud,-,France,102
Mile Jedinak,-,Australia,102
Damien Delaney,-,Ireland,96
Sebastien Bassong,-,Cameroon,95
Romelu Lukaku,-,Belgium,93
Gareth McAuley,-,Northern Ireland,93
Wes Morgan,Leicester City,Jamaica,93
Jamie Vardy,Leicester City,England,92
José Fonte,-,Portugal,91
Salomón Rondón,-,Venezuela,91
Nicolás Otamendi,Manchester City,Argentina,90
Eric Dier,Tottenham Hotspur,England,88
Cheikhou Kouyaté,-,Senegal,88
Federico Fernández,-,Argentina,87
Bacary Sagna,-,France,86
Aleksandar Mitrovic,-,Serbia,85
Shane Long,-,Ireland,82
Branislav Ivanovic,-,Serbia,81
Jonathan Walters,-,Ireland,81
Dejan Lovren,-,Croatia,80
Younes Kaboul,-,France,78
Ramiro Funes Mori,-,Argentina,76
Harry Kane,Tottenham Hotspur,England,76
Mamadou Sakho,-,France,75
Cameron Jerome,-,England,74
Ashley Williams,-,Wales,73
Joleon Lescott,-,England,71
Philipp Wollscheid,Stoke City,Germany,71
Geoff Cameron,-,United States,70
Gary Cahill,-,England,69
Nacho Monreal,-,Spain,69
Craig Cathcart,Watford,Northern Ireland,68
Kurt Zouma,-,France,67
Steven Fletcher,-,Scotland,64
Victor Wanyama,-,Kenya,64
Miguel Britos,-,Uruguay,62
Lucas Leiva,-,Brazil,62
Angelo Ogbonna,West Ham United,Italy,62
Jordan Ayew,-,Ghana,61
Billy Jones,-,England,61
Micah Richards,-,England,61
Toby Alderweireld,Tottenham Hotspur,Belgium,59
Danny Simpson,-,England,59
Ryan Bennett,-,England,58
Jack Cork,-,England,58
Phil Jagielka,-,England,58
James McClean,-,Ireland,58
Martin Skrtel,-,Slovakia,58
Joselu,-,Spain,57
Gareth Barry,-,England,56
Anthony Martial,Manchester United,France,56
Moussa Sissoko,-,France,55
Joel Ward,Crystal Palace,England,55
Connor Wickham,Crystal Palace,England,55
Jonny Evans,-,Northern Ireland,54
Per Mertesacker,-,Germany,54
Diafra Sakho,-,Senegal,54
Jan Vertonghen,Tottenham Hotspur,Belgium,54
Shinji Okazaki,-,Japan,53
John Stones,-,England,53
Leonardo Ulloa,-,Argentina,53
Kyle Walker,-,England,52
James Collins,-,Wales,51
Gabriel Paulista,-,Brazil,51
John O'Shea,-,Ireland,51
Ciaran Clark,-,Ireland,50
Peter Crouch,-,England,50
Winston Reid,West Ham United,New Zealand,50
Ryan Shawcross,Stoke City,England,50
Marouane Fellaini,-,Belgium,49
Christian Fuchs,Leicester City,Austria,49
Lamine Koné,Sunderland,Cote D'Ivoire,49
John Terry,-,England,49
Wilfried Bony,-,Cote D'Ivoire,48
Chancel Mbemba,-,The Democratic Republic Of Congo,48
Jonas Olsson,-,Sweden,48
Andrew Surman,AFC Bournemouth,England,48
Paul Dummett,Newcastle United,Wales,47
Aleksandar Kolarov,-,Serbia,47
Erik Pieters,-,Netherlands,47
Claudio Yacob,-,Argentina,47
César Azpilicueta,Chelsea,Spain,46
Russell Martin,-,Scotland,46
André Ayew,Swansea City,Ghana,45
Emre Can,-,Germany,45
Yann M'Vila,-,France,45
Fernandinho,Manchester City,Brazil,43
Robbie Brady,-,Ireland,42
Diego Costa,-,Spain,42
Jamaal Lascelles,-,England,42
Eliaquim Mangala,-,France,41
Ben Watson,-,England,41
Aaron Cresswell,West Ham United,England,40
Timm Klose,-,Switzerland,40
Glenn Whelan,-,Ireland,40
Michail Antonio,-,England,39
Héctor Bellerín,Arsenal,Spain,39
N'Golo Kanté,-,France,38
Nemanja Matic,-,Serbia,38
Fernando,-,Brazil,38
Dele Alli,Tottenham Hotspur,England,37
Ryan Bertrand,-,England,37
Etienne Capoue,Watford,France,37
Tommy Elphick,-,England,36
Darren Fletcher,-,Scotland,36
Angel Rangel,-,Spain,36
Martín Demichelis,-,Argentina,35
Dan Gosling,AFC Bournemouth,England,35
Jan Kirchhoff,-,Germany,35
Vincent Kompany,-,Belgium,35
Riyad Mahrez,-,Algeria,35
Cheick Tioté,Newcastle United,Cote D'Ivoire,35
Nathan Aké,-,Netherlands,34
Daley Blind,-,Netherlands,34
Mame Biram Diouf,Stoke City,Senegal,34
Alan Hutton,-,Scotland,34
James Tomkins,-,England,34
Sylvain Distin,AFC Bournemouth,France,33
Craig Gardner,-,England,33
Fabricio Coloccini,-,Argentina,32
Jonny Howson,-,England,32
James McArthur,Crystal Palace,Scotland,32
James Milner,Liverpool,England,32
Mousa Dembélé,-,Belgium,31
Bafétimbi Gomis,-,France,31
Idrissa Gueye,-,Senegal,31
Kyle Naughton,-,England,31
Pedro Obiang,-,Equatorial Guinea,31
Alexander Tettey,Norwich City,Norway,31
Joshua King,AFC Bournemouth,Norway,30
Marcos Rojo,-,Argentina,30
Ross Barkley,-,England,29
Daniel Drinkwater,-,England,29
Sadio Mané,-,Senegal,29
Sebastian Prödl,Watford,Austria,29
Victor Anichebe,-,Nigeria,28
Neil Taylor,-,Wales,28
Yaya Touré,-,Cote D'Ivoire,28
Sebastián Coates,-,Uruguay,27
Daryl Janmaat,-,Netherlands,27
Glenn Murray,-,England,27
Martin Olsson,-,Sweden,27
Aaron Ramsey,-,Wales,27
Carlos Sánchez,-,Colombia,27
Gabriel Agbonlahor,Aston Villa,England,26
Leandro Bacuna,-,Curacao,26
Lee Cattermole,Sunderland,England,26
Charlie Daniels,AFC Bournemouth,England,26
Brede Hangeland,Crystal Palace,Norway,26
Jeffrey Schlupp,-,Ghana,26
Pape Souaré,-,Senegal,26
Ola Toivonen,Sunderland,Sweden,26
Fabio Borini,-,Italy,25
Chris Brunt,West Bromwich Albion,Northern Ireland,25
Papiss Demba Cissé,Newcastle United,Senegal,25
Jack Colback,-,England,25
Ben Davies,Tottenham Hotspur,Wales,25
Odion Ighalo,-,Nigeria,25
Jack Rodwell,-,England,25
Oriol Romeu,-,Spain,25
Wayne Rooney,-,England,25
Georginio Wijnaldum,-,Netherlands,25
José Holebas,Watford,Greece,24
Gary O'Neil,-,England,24
DeAndre Yedlin,-,United States,24
Adam Lallana,-,England,23
Matt Ritchie,-,Scotland,23
Danny Rose,Tottenham Hotspur,England,23
Enner Valencia,-,Ecuador,23
Almen Abdi,-,Switzerland,22
Aly Cissokho,Aston Villa,France,22
Cesc Fàbregas,-,Spain,22
Leroy Fer,-,Netherlands,22
Dwight Gayle,-,England,22
Alexis Sánchez,-,Chile,22
Maya Yoshida,-,Japan,22
James Chester,-,Wales,21
Jordan Henderson,Liverpool,England,21
Jeremain Lens,-,Netherlands,21
Dame N'Doye,-,Senegal,21
Steven Naismith,-,Scotland,21
Adam Smith,AFC Bournemouth,England,21
Emmanuel Adebayor,-,Togo,20
Cédric Soares,-,Portugal,20
Jordan Amavi,-,France,20
Yannick Bolasie,-,The Democratic Republic Of Congo,20
Matteo Darmian,-,Italy,20
Phil Jones,Manchester United,England,20
Libor Kozák,Aston Villa,Czech Republic,20
Rickie Lambert,-,England,20
Tom Cleverley,-,England,19
Francis Coquelin,-,France,19
Morgan Schneiderlin,-,France,19
John Obi Mikel,-,Nigeria,18
Jores Okore,-,Denmark,18
Antonio Valencia,-,Ecuador,18
Pablo Zabaleta,-,Argentina,18
Charlie Adam,-,Scotland,17
Heurelho Gomes,-,Brazil,17
Christian Eriksen,Tottenham Hotspur,Denmark,17
Glen Johnson,Stoke City,England,17
Ki Sung-yueng,-,South Korea,17
Andy King,-,Wales,17
Mark Noble,West Ham United,England,17
Vurnon Anita,-,Netherlands,16
Michael Carrick,-,England,16
Nacer Chadli,-,Belgium,16
Lukasz Fabianski,-,Poland,16
Bastian Schweinsteiger,-,Germany,16
Matt Targett,-,England,16
Sandro,West Bromwich Albion,Brazil,15
Arouna Koné,Everton,Cote D'Ivoire,15
Ibrahim Afellay,-,Netherlands,14
Ikechi Anya,-,Scotland,14
Wes Brown,-,England,14
Kelechi Iheanacho,-,Nigeria,14
Alberto Moreno,-,Spain,14
Marc Pugh,-,England,14
Luke Shaw,Manchester United,England,14
Junior Stanislas,AFC Bournemouth,England,14
Patrick van Aanholt,-,Netherlands,14
Calum Chambers,-,England,13
Séamus Coleman,-,Ireland,13
Ritchie de Laet,-,Belgium,13
Carl Jenkinson,-,England,13
Allan-Roméo Nyom,-,Cameroon,13
Jason Puncheon,-,England,13
Marco van Ginkel,-,Netherlands,13
Phil Bardsley,-,Scotland,12
Valon Behrami,-,Switzerland,12
Gaël Clichy,-,France,12
Steven Davis,-,Northern Ireland,12
Kevin De Bruyne,Manchester City,Belgium,12
Oscar,-,Brazil,12
Mathieu Flamini,-,France,12
Adlène Guédioura,-,Algeria,12
Giannelli Imbula,-,The Democratic Republic Of Congo,12
Erik Lamela,Tottenham Hotspur,Argentina,12
Joe Ledley,-,Wales,12
Jonjo Shelvey,Newcastle United,England,12
Ashley Young,Manchester United,England,12
Marc Albrighton,Leicester City,England,11
Kyle Bartley,-,England,11
Nathaniel Clyne,-,England,11
Danny Graham,-,England,11
Eden Hazard,-,Belgium,11
Ryan Mason,-,England,11
James McCarthy,-,Ireland,11
Jefferson Montero,-,Ecuador,11
Marc Muniesa,-,Spain,11
Kieran Trippier,-,England,11
Jordan Veretout,-,France,11
Wilfried Zaha,Crystal Palace,Cote D'Ivoire,11
Benik Afobe,-,The Democratic Republic Of Congo,10
Saido Berahino,-,Burundi,10
Cameron Borthwick-Jackson,Manchester United,England,10
Robert Elliot,Newcastle United,Ireland,10
Emmanuel Emenike,-,Nigeria,10
Radamel Falcao,-,Colombia,10
Nikica Jelavic,-,Croatia,10
Martin Kelly,Crystal Palace,England,10
Jordon Mutch,-,England,10
Kevin Toner,Aston Villa,Ireland,10
James Ward-Prowse,Southampton,England,10
Danny Welbeck,-,England,10
Andre Wisdom,-,England,10
Sergio Agüero,Manchester City,Argentina,9
Charlie Austin,-,England,9
Leighton Baines,Everton,England,9
Roberto Firmino,Liverpool,Brazil,9
Leon Britton,Swansea City,England,9
Steven Caulker,Liverpool,England,9
Joseph Gomez,-,England,9
Joe Hart,-,England,9
Éder,-,Portugal,9
Jesús Navas,-,Spain,9
Alex Oxlade-Chamberlain,-,England,9
Kieran Richardson,-,England,9
Ramires,-,Brazil,9
Kasper Schmeichel,Leicester City,Denmark,9
Stéphane Sessegnon,West Bromwich Albion,Benin,9
David Silva,Manchester City,Spain,9
Mario Suárez,-,Spain,9
Dusan Tadic,-,Serbia,9
Kolo Touré,-,Cote D'Ivoire,9
Kevin Wimmer,-,Austria,9
Harry Arter,-,Ireland,8
Mikel Arteta,Arsenal,Spain,8
Abdul Rahman Baba,-,Ghana,8
Patrick Bamford,-,England,8
Yohan Cabaye,-,France,8
Marouane Chamakh,-,Morocco,8
Jordy Clasie,-,Netherlands,8
Jermain Defoe,-,England,8
Memphis Depay,-,Netherlands,8
Graham Dorrans,-,Scotland,8
Kieran Gibbs,-,England,8
Patrick McNair,-,Northern Ireland,8
Pedro,Chelsea,Spain,8
Bakary Sako,-,Mali,8
Son Heung-Min,Tottenham Hotspur,South Korea,8
Raheem Sterling,Manchester City,England,8
Marcin Wasilewski,Leicester City,Poland,8
Jordi Amat,-,Spain,7
Marko Arnautovic,-,Austria,7
Fraizer Campbell,-,England,7
Thibaut Courtois,-,Belgium,7
Siem de Jong,-,Netherlands,7
Jon Flanagan,-,England,7
Brendan Galloway,-,England,7
Darron Gibson,-,Ireland,7
Massadio Haidara,-,Mali,7
Ander Herrera,-,Spain,7
Ruben Loftus-Cheek,Chelsea,England,7
Vito Mannone,-,Italy,7
Matt Miazga,-,United States,7
Victor Moses,West Ham United,Nigeria,7
Divock Origi,Liverpool,Belgium,7
Matthew Pennington,-,England,7
Ayoze Pérez,-,Spain,7
Nathan Redmond,-,England,7
Jay Rodriguez,-,England,7
Scott Sinclair,-,England,7
Steven Taylor,-,England,7
Marc Wilson,-,Ireland,7
Asmir Begovic,-,Bosnia And Herzegovina,6
Joel Campbell,-,Costa Rica,6
Petr Cech,-,Czech Republic,6
Mathieu Debuchy,-,France,6
Fabian Delph,-,England,6
Matthew Jarvis,Norwich City,England,6
Yann Kermorgant,-,France,6
Sebastian Larsson,-,Sweden,6
Adrian Mariappa,-,Jamaica,6
Cuco Martina,-,Curacao,6
Kevin Mirallas,-,Belgium,6
James Morrison,West Bromwich Albion,Scotland,6
Kenedy,-,Brazil,6
Loïc Rémy,-,France,6
Adrián,-,Spain,6
Ashley Westwood,-,England,6
Nabil Bentaleb,-,Algeria,5
Muhamed Besic,-,Bosnia And Herzegovina,5
Philippe Coutinho,-,Brazil,5
Mohamed Elneny,-,Egypt,5
Ivo Pinto,-,Portugal,5
Max-Alain Gradel,-,Cote D'Ivoire,5
Gökhan Inler,-,Switzerland,5
Bradley Johnson,-,England,5
Wahbi Khazri,-,Tunisia,5
Chung-Yong Lee,-,South Korea,5
Boaz Myhill,-,Wales,5
Alberto Paloschi,-,Italy,5
Wayne Routledge,Swansea City,England,5
Gylfi Sigurdsson,-,Iceland,5
Alexandre Song,-,Cameroon,5
Kevin Stewart,-,England,5
Daniel Sturridge,-,England,5
Theo Walcott,-,England,5
Duncan Watmore,Sunderland,England,5
Rolando Aarons,-,England,4
Tyias Browning,-,England,4
Yoan Gouffran,Newcastle United,France,4
Lewis Grabban,-,England,4
Brad Guzan,-,United States,4
Manuel Lanzini,-,Argentina,4
Hugo Lloris,Tottenham Hotspur,France,4
Juan Mata,Manchester United,Spain,4
Simon Mignolet,-,Belgium,4
Youssouf Mulumbu,-,The Democratic Republic Of Congo,4
Gabriel Obertan,-,France,4
Vadis Odjidja-Ofoe,-,Belgium,4
Mesut Özil,Arsenal,Germany,4
Costel Pantilimon,-,Romania,4
John Ruddy,-,England,4
Lee Tomlin,-,England,4
Bertrand Traoré,-,Burkina Faso,4
Callum Wilson,AFC Bournemouth,England,4
Joe Allen,-,Wales,3
Modou Barrow,-,Gambia,3
Yohan Benalouane,-,Tunisia,3
Willian,Chelsea,Brazil,3
Artur Boruc,AFC Bournemouth,Poland,3
Mark Bunn,-,England,3
Jack Butland,-,England,3
Sam Byram,-,England,3
Tom Carroll,-,England,3
Jordi Gómez,-,Spain,3
Wes Hoolahan,-,Ireland,3
Danny Ings,-,England,3
José Manuel Jurado,-,Spain,3
Stephen Kingsley,-,Scotland,3
Tim Krul,-,Netherlands,3
Kevin Mbabu,-,Switzerland,3
Callum McManaman,-,England,3
Eunan O'Kane,-,Ireland,3
Bryan Oviedo,-,Costa Rica,3
Reece Oxford,-,England,3
Marcus Rashford,Manchester United,England,3
Maarten Stekelenburg,-,Netherlands,3
Steven Whittaker,Norwich City,Scotland,3
Mauro Zárate,-,Argentina,3
Daniel Amartey,-,Ghana,2
Karl Darlow,Newcastle United,England,2
Fraser Forster,-,England,2
Ben Foster,-,England,2
Timothy Fosu-Mensah,-,Netherlands,2
Wayne Hennessey,-,Wales,2
Tim Howard,-,United States,2
Víctor Ibarbo,-,Colombia,2
Jordon Ibe,-,England,2
Stephen Ireland,-,Ireland,2
Alex Iwobi,-,Nigeria,2
Adam Johnson,-,England,2
Bojan,Stoke City,Spain,2
Jesse Lingard,Manchester United,England,2
Modibo Maiga,-,Mali,2
Clinton N'Jie,-,Cameroon,2
Oumar Niasse,-,Senegal,2
Sheyi Ojo,-,England,2
Juan Carlos Paredes,Watford,Ecuador,2
Dimitri Payet,-,France,2
Steven Pienaar,-,South Africa,2
Sébastien Pocognoli,-,Belgium,2
Connor Randall,-,England,2
Thomas Robson,-,England,2
Xherdan Shaqiri,-,Switzerland,2
Brad Smith,-,Australia,2
Florian Thauvin,-,France,2
Jack Wilshere,-,England,2
Tammy Abraham,-,England,1
Nordin Amrabat,-,Morocco,1
Sergi Canós,-,Spain,1
Santi Cazorla,-,Spain,1
David de Gea,Manchester United,Spain,1
Gerard Deulofeu,-,Spain,1
Nathan Dyer,Leicester City,England,1
Carles Gil,-,Spain,1
Shay Given,Stoke City,Ireland,1
Demarai Gray,-,England,1
Jack Grealish,Aston Villa,England,1
Matt Grimes,-,England,1
Juan Iturbe,AFC Bournemouth,Paraguay,1
Aaron Lennon,-,England,1
Peter Odemwingie,-,Nigeria,1
Leon Osman,Everton,England,1