x,,,
1,1,,
2,2,,
3,3,,
4,3,,
5,3,,
6,3,,
7,3,,
8,8,,
9,8,,
10,8,,
11,8,,
12,8,,
13,13,,
14,13,,
15,13,,
16,13,,
17,13,,
18,13,,
19,13,,
20,13,,
21,1,,
22,2,,
23,3,,
24,3,,
25,3,,
26,3,,
27,3,,
28,8,,
29,8,,
30,8,,
31,8,,
32,8,,
33,13,,
34,13,,
35,13,,
36,13,,
37,13,,
38,13,,
39,13,,
40,13,,
41,21,,
42,21,,
43,21,,
44,21,,
45,21,,
46,21,,
47,21,,
48,21,,
49,21,,
50,21,,
51,21,,
52,21,,
53,21,,
54,21,,
55,21,,
56,21,,
57,21,,
58,21,,
59,21,,
60,40,,
61,40,,
62,40,,
63,40,,
64,40,,
65,40,,
66,40,,
67,40,,
68,40,,
69,40,,
70,40,,
71,40,,
72,40,,
73,40,,
74,40,,
75,40,,
76,40,,
77,40,,
78,40,,
79,40,,
80,40,,
81,40,,
82,40,,
83,40,,
84,40,,
85,40,,
86,40,,
87,40,,
88,40,,
89,40,,
90,40,,
91,40,,
92,40,,
93,40,,
94,40,,
95,40,,
96,40,,
97,40,,
98,40,,
99,40,,
100,40,,
x,,,
1,,,
2,,,
3,,,
4,,,
5,,,
6,,,
7,,,
8,,,
9,,,
10,,,
11,,,
12,,,
13,,,
14,,,
15,,,
16,,,
17,,,
18,,,
19,,,
20,,,
21,,,
22,,,
23,,,
24,,,
25,,,
26,,,
27,,,
28,,,
29,,,
30,,,
31,,,
32,,,
33,,,
34,,,
35,,,
36,,,
37,,,
38,,,
39,,,
40,,,
41,,,
42,,,
43,,,
44,,,
45,,,
46,,,
47,,,
48,,,
49,,,
50,,,
51,,,
52,,,
53,,,
54,,,
55,,,
56,,,
57,,,
58,,,
59,,,
60,,,
61,,,
62,,,
63,,,
64,,,
65,,,
66,,,
67,,,
68,,,
69,,,
70,,,
71,,,
72,,,
73,,,
74,,,
75,,,
76,,,
77,,,
78,,,
79,,,
80,,,
81,,,
82,,,
83,,,
84,,,
85,,,
86,,,
87,,,
88,,,
89,,,
90,,,
91,,,
92,,,
93,,,
94,,,
95,,,
96,,,
97,,,
98,,,
99,,,
100,,,
x,,,
1,-,,
2,-,,
3,Manchester City,,
4,-,,
5,Stoke City,,
6,-,,
7,-,,
8,Swansea City,,
9,-,,
10,-,,
11,-,,
12,-,,
13,-,,
14,Tottenham Hotspur,,
15,-,,
16,-,,
17,-,,
18,Watford,,
19,-,,
20,-,,
21,-,,
22,-,,
23,Manchester City,,
24,-,,
25,Stoke City,,
26,-,,
27,-,,
28,Swansea City,,
29,-,,
30,-,,
31,-,,
32,-,,
33,-,,
34,Tottenham Hotspur,,
35,-,,
36,-,,
37,-,,
38,Watford,,
39,-,,
40,-,,
41,-,,
42,Newcastle United,,
43,AFC Bournemouth,,
44,-,,
45,Tottenham Hotspur,,
46,-,,
47,-,,
48,-,,
49,-,,
50,-,,
51,-,,
52,-,,
53,Leicester City,,
54,-,,
55,Liverpool,,
56,-,,
57,-,,
58,Leicester City,,
59,-,,
60,-,,
61,-,,
62,Tottenham Hotspur,,
63,-,,
64,-,,
65,Liverpool,,
66,-,,
67,-,,
68,-,,
69,-,,
70,-,,
71,-,,
72,Leicester City,,
73,-,,
74,-,,
75,-,,
76,AFC Bournemouth,,
77,-,,
78,-,,
79,-,,
80,-,,
81,-,,
82,Tottenham Hotspur,,
83,-,,
84,Everton,,
85,-,,
86,Stoke City,,
87,Manchester United,,
88,-,,
89,-,,
90,Manchester United,,
91,-,,
92,Norwich City,,
93,-,,
94,-,,
95,West Bromwich Albion,,
96,-,,
97,-,,
98,-,,
99,Manchester City,,
100,Watford,,
x,,,
1,France,,
2,England,,
3,Argentina,,
4,England,,
5,Senegal,,
6,Ireland,,
7,Italy,,
8,Ghana,,
9,Belgium,,
10,Serbia,,
11,Venezuela,,
12,Netherlands,,
13,The Democratic Republic Of Congo,,
14,Belgium,,
15,Belgium,,
16,England,,
17,England,,
18,England,,
19,Benin,,
20,England,,
21,France,,
22,England,,
23,Argentina,,
24,England,,
25,Senegal,,
26,Ireland,,
27,Italy,,
28,Ghana,,
29,Belgium,,
30,Serbia,,
31,Venezuela,,
32,Netherlands,,
33,The Democratic Republic Of Congo,,
34,Belgium,,
35,Belgium,,
36,England,,
37,England,,
38,England,,
39,Benin,,
40,England,,
41,Cote D'Ivoire,,
42,Senegal,,
43,England,,
44,Portugal,,
45,England,,
46,Scotland,,
47,Argentina,,
48,Germany,,
49,Serbia,,
50,Belgium,,
51,Senegal,,
52,England,,
53,Jamaica,,
54,England,,
55,Belgium,,
56,Chile,,
57,Argentina,,
58,England,,
59,England,,
60,Togo,,
61,Netherlands,,
62,England,,
63,England,,
64,Ghana,,
65,Brazil,,
66,The Democratic Republic Of Congo,,
67,Ireland,,
68,England,,
69,Ireland,,
70,Brazil,,
71,Ireland,,
72,England,,
73,England,,
74,Colombia,,
75,Scotland,,
76,England,,
77,Spain,,
78,England,,
79,Nigeria,,
80,Nigeria,,
81,England,,
82,England,,
83,Switzerland,,
84,Cote D'Ivoire,,
85,France,,
86,Spain,,
87,England,,
88,Algeria,,
89,Senegal,,
90,France,,
91,Spain,,
92,The Democratic Republic Of Congo,,
93,Northern Ireland,,
94,Ireland,,
95,Scotland,,
96,Scotland,,
97,Japan,,
98,Sweden,,
99,Argentina,,
100,Austria,,
x,,,
1,,Olivier Giroud,7
2,,Michail Antonio,6
3,,Sergio Agüero,5
4,,Andy Carroll,5
5,,Mame Biram Diouf,5
6,,Shane Long,5
7,,Graziano Pellè,5
8,,André Ayew,4
9,,Romelu Lukaku,4
10,,Aleksandar Mitrovic,4
11,,Salomón Rondón,4
12,,Georginio Wijnaldum,4
13,,Benik Afobe,3
14,,Toby Alderweireld,3
15,,Christian Benteke,3
16,,Scott Dann,3
17,,Craig Dawson,3
18,,Troy Deeney,3
19,,Rudy Gestede,3
20,,Daniel Sturridge,3
21,,Olivier Giroud,7
22,,Michail Antonio,6
23,,Sergio Agüero,5
24,,Andy Carroll,5
25,,Mame Biram Diouf,5
26,,Shane Long,5
27,,Graziano Pellè,5
28,,André Ayew,4
29,,Romelu Lukaku,4
30,,Aleksandar Mitrovic,4
31,,Salomón Rondón,4
32,,Georginio Wijnaldum,4
33,,Benik Afobe,3
34,,Toby Alderweireld,3
35,,Christian Benteke,3
36,,Scott Dann,3
37,,Craig Dawson,3
38,,Troy Deeney,3
39,,Rudy Gestede,3
40,,Daniel Sturridge,3
41,,Wilfried Bony,2
42,,Papiss Demba Cissé,2
43,,Steve Cook,2
44,,José Fonte,2
45,,Eric Dier,2
46,,Steven Fletcher,2
47,,Ramiro Funes Mori,2
48,,Robert Huth,2
49,,Branislav Ivanovic,2
50,,Vincent Kompany,2
51,,Cheikhou Kouyaté,2
52,,Jamaal Lascelles,2
53,,Wes Morgan,2
54,,Glenn Murray,2
55,,Divock Origi,2
56,,Alexis Sánchez,2
57,,Leonardo Ulloa,2
58,,Jamie Vardy,2
59,,Danny Welbeck,2
60,,Emmanuel Adebayor,1
61,,Ibrahim Afellay,1
62,,Dele Alli,1
63,,Charlie Austin,1
64,,Jordan Ayew,1
65,,Roberto Firmino,1
66,,Yannick Bolasie,1
67,,Ciaran Clark,1
68,,Tom Cleverley,1
69,,Séamus Coleman,1
70,,Gabriel Paulista,1
71,,Damien Delaney,1
72,,Nathan Dyer,1
73,,Tommy Elphick,1
74,,Radamel Falcao,1
75,,Darren Fletcher,1
76,,Dan Gosling,1
77,,Ander Herrera,1
78,,Jonny Howson,1
79,,Odion Ighalo,1
80,,Kelechi Iheanacho,1
81,,Danny Ings,1
82,,Harry Kane,1
83,,Timm Klose,1
84,,Arouna Koné,1
85,,Laurent Koscielny,1
86,,Bojan,1
87,,Jesse Lingard,1
88,,Riyad Mahrez,1
89,,Sadio Mané,1
90,,Anthony Martial,1
91,,Joselu,1
92,,Dieudonne Mbokani Bezua,1
93,,Gareth McAuley,1
94,,James McClean,1
95,,James Morrison,1
96,,Steven Naismith,1
97,,Shinji Okazaki,1
98,,Jonas Olsson,1
99,,Nicolás Otamendi,1
100,,Sebastian Prödl,1