x,,,,,,
1,1,,,,Dimitri Payet,290
2,2,,,,Marc Albrighton,272
3,3,,,,Robbie Brady,243
4,4,,,,Willian,233
5,5,,,,Mesut Özil,228
6,6,,,,James McClean,208
7,7,,,,Matt Ritchie,204
8,8,,,,Dusan Tadic,201
9,9,,,,James Milner,185
10,10,,,,Christian Eriksen,183
11,11,,,,Kevin De Bruyne,181
12,12,,,,Jesús Navas,176
13,13,,,,Xherdan Shaqiri,170
14,14,,,,Gylfi Sigurdsson,167
15,15,,,,Jason Puncheon,151
16,16,,,,Aleksandar Kolarov,149
17,17,,,,Ryan Bertrand,146
18,18,,,,Daryl Janmaat,144
19,18,,,,Moussa Sissoko,144
20,20,,,,Yohan Cabaye,143
21,1,,,,Dimitri Payet,290
22,2,,,,Marc Albrighton,272
23,3,,,,Robbie Brady,243
24,4,,,,Willian,233
25,5,,,,Mesut Özil,228
26,6,,,,James McClean,208
27,7,,,,Matt Ritchie,204
28,8,,,,Dusan Tadic,201
29,9,,,,James Milner,185
30,10,,,,Christian Eriksen,183
31,11,,,,Kevin De Bruyne,181
32,12,,,,Jesús Navas,176
33,13,,,,Xherdan Shaqiri,170
34,14,,,,Gylfi Sigurdsson,167
35,15,,,,Jason Puncheon,151
36,16,,,,Aleksandar Kolarov,149
37,17,,,,Ryan Bertrand,146
38,18,,,,Daryl Janmaat,144
39,18,,,,Moussa Sissoko,144
40,20,,,,Yohan Cabaye,143
41,21,,,,Gerard Deulofeu,141
42,22,,,,Erik Lamela,139
43,23,,,,Yannick Bolasie,138
44,23,,,,Alberto Moreno,138
45,25,,,,Pape Souaré,137
46,26,,,,Craig Dawson,130
47,27,,,,Charlie Daniels,127
48,27,,,,Christian Fuchs,127
49,29,,,,Daley Blind,125
50,30,,,,Nathan Redmond,123
51,30,,,,Ben Watson,123
52,32,,,,Steven Davis,122
53,33,,,,Aaron Cresswell,121
54,33,,,,Alan Hutton,121
55,35,,,,Wilfried Zaha,118
56,36,,,,Jonjo Shelvey,116
57,37,,,,Cédric Soares,115
58,38,,,,Riyad Mahrez,114
59,39,,,,Craig Gardner,113
60,40,,,,Jefferson Montero,111
61,41,,,,Ross Barkley,110
62,42,,,,Héctor Bellerín,109
63,42,,,,Jordan Veretout,109
64,44,,,,Cesc Fàbregas,105
65,45,,,,Leighton Baines,103
66,45,,,,Chris Brunt,103
67,45,,,,Erik Pieters,103
68,48,,,,Simon Francis,100
69,49,,,,Nacho Monreal,99
70,50,,,,Juan Mata,98
71,51,,,,David Silva,96
72,51,,,,Junior Stanislas,96
73,53,,,,Stéphane Sessegnon,94
74,53,,,,Ashley Westwood,94
75,55,,,,Séamus Coleman,93
76,55,,,,James Ward-Prowse,93
77,57,,,,Leandro Bacuna,92
78,58,,,,Memphis Depay,89
79,59,,,,Wahbi Khazri,88
80,59,,,,Danny Rose,88
81,61,,,,Andros Townsend,87
82,62,,,,Matthew Jarvis,86
83,63,,,,Allan-Roméo Nyom,85
84,64,,,,Yann M'Vila,83
85,64,,,,Pedro,83
86,66,,,,Aly Cissokho,81
87,66,,,,Nathaniel Clyne,81
88,68,,,,Jeremain Lens,80
89,69,,,,Kyle Walker,78
90,70,,,,Carles Gil,77
91,70,,,,Bakary Sako,77
92,70,,,,Ashley Young,77
93,73,,,,Branislav Ivanovic,74
94,73,,,,Bacary Sagna,74
95,75,,,,Ayoze Pérez,73
96,75,,,,Neil Taylor,73
97,77,,,,Martin Olsson,72
98,78,,,,Ikechi Anya,71
99,79,,,,José Manuel Jurado,69
100,80,,,,Ibrahim Afellay,68
101,80,,,,Michail Antonio,68
102,80,,,,Sadio Mané,68
103,83,,,,Wayne Routledge,67
104,84,,,,Tom Cleverley,64
105,84,,,,Kyle Naughton,64
106,84,,,,Alexis Sánchez,64
107,87,,,,Adam Lallana,63
108,88,,,,Mauro Zárate,61
109,89,,,,Santi Cazorla,59
110,89,,,,Jack Colback,59
111,89,,,,Jordon Ibe,59
112,92,,,,Raheem Sterling,58
113,93,,,,César Azpilicueta,57
114,93,,,,Philippe Coutinho,57
115,95,,,,Marko Arnautovic,56
116,95,,,,Glen Johnson,56
117,95,,,,Adam Smith,56
118,95,,,,Patrick van Aanholt,56
119,95,,,,Joel Ward,56
120,100,,,,Almen Abdi,55
121,101,,,,Wes Hoolahan,54
122,102,,,,Matteo Darmian,53
123,102,,,,Marcos Rojo,53
124,104,,,,Shane Long,51
125,104,,,,Wayne Rooney,51
126,106,,,,Aaron Ramsey,50
127,107,,,,Anthony Martial,49
128,107,,,,Jamie Vardy,49
129,109,,,,Daniel Drinkwater,47
130,109,,,,Jordan Henderson,47
131,109,,,,Angel Rangel,47
132,109,,,,Florian Thauvin,47
133,113,,,,Max-Alain Gradel,46
134,114,,,,Darren Fletcher,45
135,114,,,,Kevin Mirallas,45
136,114,,,,Marc Pugh,45
137,114,,,,Jeffrey Schlupp,45
138,118,,,,Eden Hazard,44
139,118,,,,Harry Kane,44
140,118,,,,Manuel Lanzini,44
141,118,,,,Gary O'Neil,44
142,118,,,,Matt Targett,44
143,123,,,,Jordan Ayew,43
144,123,,,,Adlène Guédioura,43
145,123,,,,Adam Johnson,43
146,123,,,,Alex Oxlade-Chamberlain,43
147,127,,,,Nathan Aké,42
148,127,,,,Ben Davies,42
149,127,,,,Jordon Mutch,42
150,127,,,,Bryan Oviedo,42
151,131,,,,Billy Jones,41
152,131,,,,DeAndre Yedlin,41
153,133,,,,Charlie Adam,40
154,133,,,,Jordan Amavi,40
155,135,,,,Nordin Amrabat,38
156,135,,,,Roberto Firmino,38
157,135,,,,Oscar,38
158,138,,,,Cuco Martina,37
159,139,,,,Jonathan Walters,36
160,140,,,,Victor Moses,35
161,140,,,,Antonio Valencia,35
162,142,,,,Etienne Capoue,34
163,142,,,,Paul Dummett,34
164,142,,,,Ander Herrera,34
165,142,,,,Carl Jenkinson,34
166,142,,,,Aaron Lennon,34
167,142,,,,Kieran Trippier,34
168,142,,,,Georginio Wijnaldum,34
169,149,,,,Gareth Barry,33
170,150,,,,Bojan,32
171,150,,,,Salomón Rondón,32
172,152,,,,Abdul Rahman Baba,31
173,152,,,,Ivo Pinto,31
174,152,,,,Romelu Lukaku,31
175,155,,,,Jonny Howson,30
176,156,,,,Fabio Borini,29
177,156,,,,Mark Noble,29
178,156,,,,Juan Carlos Paredes,29
179,156,,,,Danny Simpson,29
180,160,,,,Vurnon Anita,28
181,160,,,,Modou Barrow,28
182,162,,,,Cameron Borthwick-Jackson,27
183,162,,,,Gaël Clichy,27
184,162,,,,Troy Deeney,27
185,165,,,,José Holebas,26
186,166,,,,Olivier Giroud,25
187,166,,,,Sebastian Larsson,25
188,166,,,,Glenn Whelan,25
189,166,,,,Andre Wisdom,25
190,170,,,,Jack Cork,24
191,170,,,,Joshua King,24
192,170,,,,Diafra Sakho,24
193,170,,,,Scott Sinclair,24
194,170,,,,Enner Valencia,24
195,175,,,,André Ayew,23
196,175,,,,Duncan Watmore,23
197,177,,,,Saido Berahino,22
198,177,,,,Jonny Evans,22
199,177,,,,Jesse Lingard,22
200,180,,,,Massadio Haidara,21
201,180,,,,Kieran Richardson,21
202,180,,,,Adama Traoré,21
203,183,,,,Sergio Agüero,20
204,183,,,,Jack Grealish,20
205,183,,,,Nemanja Matic,20
206,183,,,,Theo Walcott,20
207,187,,,,Dele Alli,19
208,187,,,,Jordy Clasie,19
209,187,,,,Eric Dier,19
210,187,,,,Cheikhou Kouyaté,19
211,187,,,,Sheyi Ojo,19
212,187,,,,Graziano Pellè,19
213,187,,,,Pablo Zabaleta,19
214,194,,,,Steven Berghuis,18
215,194,,,,Cameron Jerome,18
216,194,,,,Chung-Yong Lee,18
217,194,,,,Russell Martin,18
218,198,,,,N'Golo Kanté,17
219,198,,,,Martin Kelly,17
220,198,,,,Stephen Kingsley,17
221,198,,,,James McCarthy,17
222,198,,,,Samir Nasri,17
223,203,,,,Toby Alderweireld,16
224,203,,,,Geoff Cameron,16
225,205,,,,Nacer Chadli,15
226,205,,,,Ritchie de Laet,15
227,205,,,,Idrissa Gueye,15
228,205,,,,Odion Ighalo,15
229,205,,,,Callum McManaman,15
230,205,,,,James Morrison,15
231,205,,,,James Tomkins,15
232,205,,,,Steven Whittaker,15
233,213,,,,Phil Bardsley,14
234,213,,,,James Chester,14
235,213,,,,Graham Dorrans,14
236,213,,,,Joselu,14
237,213,,,,Divock Origi,14
238,213,,,,Brad Smith,14
239,213,,,,Son Heung-Min,14
240,220,,,,Jermain Defoe,13
241,220,,,,Brendan Galloway,13
242,220,,,,Lewis Grabban,13
243,220,,,,Younes Kaboul,13
244,220,,,,Ryan Mason,13
245,220,,,,Steven Naismith,13
246,220,,,,Luke Shaw,13
247,227,,,,Rolando Aarons,12
248,227,,,,Gabriel Agbonlahor,12
249,227,,,,Tom Carroll,12
250,227,,,,Diego Costa,12
251,227,,,,Demarai Gray,12
252,227,,,,Kenedy,12
253,227,,,,Vadis Odjidja-Ofoe,12
254,227,,,,Yaya Touré,12
255,235,,,,Joel Campbell,11
256,235,,,,Mohamed Elneny,11
257,235,,,,Andreas Pereira,11
258,235,,,,Ki Sung-yueng,11
259,235,,,,Fernandinho,11
260,235,,,,Marc Muniesa,11
261,235,,,,Daniel Sturridge,11
262,235,,,,Connor Wickham,11
263,243,,,,Sam Byram,10
264,243,,,,Kelechi Iheanacho,10
265,243,,,,Andy King,10
266,243,,,,Chancel Mbemba,10
267,243,,,,Gabriel Obertan,10
268,243,,,,Marco van Ginkel,10
269,249,,,,Emre Can,9
270,249,,,,José Fonte,9
271,249,,,,Dwight Gayle,9
272,249,,,,Kieran Gibbs,9
273,249,,,,Stephen Ireland,9
274,249,,,,Arouna Koné,9
275,249,,,,Shinji Okazaki,9
276,249,,,,Andrew Surman,9
277,249,,,,Leonardo Ulloa,9
278,258,,,,Andy Carroll,8
279,258,,,,Papiss Demba Cissé,8
280,258,,,,Alessandro Diamanti,8
281,258,,,,Mame Biram Diouf,8
282,258,,,,Steven Fletcher,8
283,258,,,,Jordi Gómez,8
284,258,,,,Andre Green,8
285,258,,,,Alex Iwobi,8
286,258,,,,Lucas Leiva,8
287,258,,,,Dieudonne Mbokani Bezua,8
288,258,,,,James McArthur,8
289,258,,,,Claudio Yacob,8
290,270,,,,Harry Arter,7
291,270,,,,Lee Cattermole,7
292,270,,,,Siem de Jong,7
293,270,,,,Damien Delaney,7
294,270,,,,Fabian Delph,7
295,270,,,,Jon Flanagan,7
296,270,,,,Joseph Gomez,7
297,270,,,,Miguel Layún,7
298,270,,,,Aleksandar Mitrovic,7
299,270,,,,Dame N'Doye,7
300,270,,,,Peter Odemwingie,7
301,270,,,,Morgan Schneiderlin,7
302,270,,,,Bastian Schweinsteiger,7
303,270,,,,Guillermo Varela,7
304,270,,,,Victor Wanyama,7
305,270,,,,Maya Yoshida,7
306,286,,,,Emmanuel Adebayor,6
307,286,,,,Muhamed Besic,6
308,286,,,,Cameron Brannagan,6
309,286,,,,Michael Carrick,6
310,286,,,,Nathan Dyer,6
311,286,,,,Emmanuel Emenike,6
312,286,,,,Ramiro Funes Mori,6
313,286,,,,Dan Gosling,6
314,286,,,,Mile Jedinak,6
315,286,,,,Sullay Kaikai,6
316,286,,,,Patrick McNair,6
317,286,,,,Glenn Murray,6
318,286,,,,Marcus Rashford,6
319,286,,,,Jack Rodwell,6
320,300,,,,Joe Allen,5
321,300,,,,Tyias Browning,5
322,300,,,,Scott Dann,5
323,300,,,,Mathieu Debuchy,5
324,300,,,,Kieran Dowell,5
325,300,,,,Mathieu Flamini,5
326,300,,,,Giannelli Imbula,5
327,300,,,,Jan Kirchhoff,5
328,300,,,,Joe Ledley,5
329,300,,,,Alberto Paloschi,5
330,300,,,,Gastón Ramírez,5
331,300,,,,Ramires,5
332,300,,,,Callum Wilson,5
333,313,,,,Benik Afobe,4
334,313,,,,Patrick Bamford,4
335,313,,,,Bersant Celina,4
336,313,,,,Fabricio Coloccini,4
337,313,,,,Mousa Dembélé,4
338,313,,,,Yoan Gouffran,4
339,313,,,,Nikica Jelavic,4
340,313,,,,Rickie Lambert,4
341,313,,,,Joleon Lescott,4
342,313,,,,Dejan Lovren,4
343,313,,,,Gareth McAuley,4
344,313,,,,Clinton N'Jie,4
345,313,,,,Charles N'Zogbia,4
346,313,,,,Pedro Obiang,4
347,313,,,,Josh Onomah,4
348,313,,,,Leon Osman,4
349,313,,,,Loïc Rémy,4
350,313,,,,Jay Rodriguez,4
351,313,,,,John Stones,4
352,313,,,,Kurt Zouma,4
353,333,,,,Charlie Austin,3
354,333,,,,Valon Behrami,3
355,333,,,,Fraizer Campbell,3
356,333,,,,Craig Cathcart,3
357,333,,,,Bafétimbi Gomis,3
358,333,,,,Danny Graham,3
359,333,,,,Sandro,3
360,333,,,,Víctor Ibarbo,3
361,333,,,,Danny Ings,3
362,333,,,,Phil Jagielka,3
363,333,,,,Bradley Johnson,3
364,333,,,,Phil Jones,3
365,333,,,,Laurent Koscielny,3
366,333,,,,John Obi Mikel,3
367,333,,,,Oumar Niasse,3
368,333,,,,Steven Pienaar,3
369,333,,,,Sébastien Pocognoli,3
370,333,,,,Alex Pritchard,3
371,333,,,,Carlos Sánchez,3
372,333,,,,Alexandre Song,3
373,333,,,,Bertrand Traoré,3
374,333,,,,Ashley Williams,3
375,355,,,,Tammy Abraham,2
376,355,,,,Victor Anichebe,2
377,355,,,,Sebastien Bassong,2
378,355,,,,Miguel Britos,2
379,355,,,,Leon Britton,2
380,355,,,,Sebastián Coates,2
381,355,,,,Callum Connolly,2
382,355,,,,Francis Coquelin,2
383,355,,,,Marouane Fellaini,2
384,355,,,,Federico Fernández,2
385,355,,,,Timothy Fosu-Mensah,2
386,355,,,,Cristian Gamboa,2
387,355,,,,Rudy Gestede,2
388,355,,,,Rees Greenwood,2
389,355,,,,Juan Iturbe,2
390,355,,,,Adnan Januzaj,2
391,355,,,,Juanmi,2
392,355,,,,Lamine Koné,2
393,355,,,,Jonathan Leko,2
394,355,,,,Éder,2
395,355,,,,Modibo Maiga,2
396,355,,,,Eliaquim Mangala,2
397,355,,,,Adrian Mariappa,2
398,355,,,,Adam Matthews,2
399,355,,,,Kevin Mbabu,2
400,355,,,,Youssouf Mulumbu,2
401,355,,,,Winston Reid,2
402,355,,,,Micah Richards,2
403,355,,,,Emmanuel Rivière,2
404,355,,,,Mario Suárez,2
405,355,,,,Alexander Tettey,2
406,355,,,,Lee Tomlin,2
407,355,,,,Virgil van Dijk,2
408,355,,,,Jan Vertonghen,2
409,355,,,,Danny Welbeck,2
410,390,,,,Kyle Bartley,1
411,390,,,,Yohan Benalouane,1
412,390,,,,Christian Benteke,1
413,390,,,,Wilfried Bony,1
414,390,,,,Steven Caulker,1
415,390,,,,Marouane Chamakh,1
416,390,,,,Calum Chambers,1
417,390,,,,Ciaran Clark,1
418,390,,,,Steve Cook,1
419,390,,,,Peter Crouch,1
420,390,,,,Juan Cuadrado,1
421,390,,,,Tom Davies,1
422,390,,,,Marvin Emnes,1
423,390,,,,Serge Gnabry,1
424,390,,,,Matt Grimes,1
425,390,,,,Gökhan Inler,1
426,390,,,,Yann Kermorgant,1
427,390,,,,Libor Kozák,1
428,390,,,,Andrej Kramaric,1
429,390,,,,Jamaal Lascelles,1
430,390,,,,Ruben Loftus-Cheek,1
431,390,,,,Donald Love,1
432,390,,,,Jordan Lyden,1
433,390,,,,Eunan O'Kane,1
434,390,,,,Angelo Ogbonna,1
435,390,,,,Nicolás Otamendi,1
436,390,,,,Matthew Pennington,1
437,390,,,,Sebastian Prödl,1
438,390,,,,Connor Randall,1
439,390,,,,Tokelo Rantie,1
440,390,,,,Fernando,1
x,,,,,,
1,,,,,,
2,,,,,,
3,,,,,,
4,,,,,,
5,,,,,,
6,,,,,,
7,,,,,,
8,,,,,,
9,,,,,,
10,,,,,,
11,,,,,,
12,,,,,,
13,,,,,,
14,,,,,,
15,,,,,,
16,,,,,,
17,,,,,,
18,,,,,,
19,,,,,,
20,,,,,,
21,,,,,,
22,,,,,,
23,,,,,,
24,,,,,,
25,,,,,,
26,,,,,,
27,,,,,,
28,,,,,,
29,,,,,,
30,,,,,,
31,,,,,,
32,,,,,,
33,,,,,,
34,,,,,,
35,,,,,,
36,,,,,,
37,,,,,,
38,,,,,,
39,,,,,,
40,,,,,,
41,,,,,,
42,,,,,,
43,,,,,,
44,,,,,,
45,,,,,,
46,,,,,,
47,,,,,,
48,,,,,,
49,,,,,,
50,,,,,,
51,,,,,,
52,,,,,,
53,,,,,,
54,,,,,,
55,,,,,,
56,,,,,,
57,,,,,,
58,,,,,,
59,,,,,,
60,,,,,,
61,,,,,,
62,,,,,,
63,,,,,,
64,,,,,,
65,,,,,,
66,,,,,,
67,,,,,,
68,,,,,,
69,,,,,,
70,,,,,,
71,,,,,,
72,,,,,,
73,,,,,,
74,,,,,,
75,,,,,,
76,,,,,,
77,,,,,,
78,,,,,,
79,,,,,,
80,,,,,,
81,,,,,,
82,,,,,,
83,,,,,,
84,,,,,,
85,,,,,,
86,,,,,,
87,,,,,,
88,,,,,,
89,,,,,,
90,,,,,,
91,,,,,,
92,,,,,,
93,,,,,,
94,,,,,,
95,,,,,,
96,,,,,,
97,,,,,,
98,,,,,,
99,,,,,,
100,,,,,,
101,,,,,,
102,,,,,,
103,,,,,,
104,,,,,,
105,,,,,,
106,,,,,,
107,,,,,,
108,,,,,,
109,,,,,,
110,,,,,,
111,,,,,,
112,,,,,,
113,,,,,,
114,,,,,,
115,,,,,,
116,,,,,,
117,,,,,,
118,,,,,,
119,,,,,,
120,,,,,,
121,,,,,,
122,,,,,,
123,,,,,,
124,,,,,,
125,,,,,,
126,,,,,,
127,,,,,,
128,,,,,,
129,,,,,,
130,,,,,,
131,,,,,,
132,,,,,,
133,,,,,,
134,,,,,,
135,,,,,,
136,,,,,,
137,,,,,,
138,,,,,,
139,,,,,,
140,,,,,,
141,,,,,,
142,,,,,,
143,,,,,,
144,,,,,,
145,,,,,,
146,,,,,,
147,,,,,,
148,,,,,,
149,,,,,,
150,,,,,,
151,,,,,,
152,,,,,,
153,,,,,,
154,,,,,,
155,,,,,,
156,,,,,,
157,,,,,,
158,,,,,,
159,,,,,,
160,,,,,,
161,,,,,,
162,,,,,,
163,,,,,,
164,,,,,,
165,,,,,,
166,,,,,,
167,,,,,,
168,,,,,,
169,,,,,,
170,,,,,,
171,,,,,,
172,,,,,,
173,,,,,,
174,,,,,,
175,,,,,,
176,,,,,,
177,,,,,,
178,,,,,,
179,,,,,,
180,,,,,,
181,,,,,,
182,,,,,,
183,,,,,,
184,,,,,,
185,,,,,,
186,,,,,,
187,,,,,,
188,,,,,,
189,,,,,,
190,,,,,,
191,,,,,,
192,,,,,,
193,,,,,,
194,,,,,,
195,,,,,,
196,,,,,,
197,,,,,,
198,,,,,,
199,,,,,,
200,,,,,,
201,,,,,,
202,,,,,,
203,,,,,,
204,,,,,,
205,,,,,,
206,,,,,,
207,,,,,,
208,,,,,,
209,,,,,,
210,,,,,,
211,,,,,,
212,,,,,,
213,,,,,,
214,,,,,,
215,,,,,,
216,,,,,,
217,,,,,,
218,,,,,,
219,,,,,,
220,,,,,,
221,,,,,,
222,,,,,,
223,,,,,,
224,,,,,,
225,,,,,,
226,,,,,,
227,,,,,,
228,,,,,,
229,,,,,,
230,,,,,,
231,,,,,,
232,,,,,,
233,,,,,,
234,,,,,,
235,,,,,,
236,,,,,,
237,,,,,,
238,,,,,,
239,,,,,,
240,,,,,,
241,,,,,,
242,,,,,,
243,,,,,,
244,,,,,,
245,,,,,,
246,,,,,,
247,,,,,,
248,,,,,,
249,,,,,,
250,,,,,,
251,,,,,,
252,,,,,,
253,,,,,,
254,,,,,,
255,,,,,,
256,,,,,,
257,,,,,,
258,,,,,,
259,,,,,,
260,,,,,,
261,,,,,,
262,,,,,,
263,,,,,,
264,,,,,,
265,,,,,,
266,,,,,,
267,,,,,,
268,,,,,,
269,,,,,,
270,,,,,,
271,,,,,,
272,,,,,,
273,,,,,,
274,,,,,,
275,,,,,,
276,,,,,,
277,,,,,,
278,,,,,,
279,,,,,,
280,,,,,,
281,,,,,,
282,,,,,,
283,,,,,,
284,,,,,,
285,,,,,,
286,,,,,,
287,,,,,,
288,,,,,,
289,,,,,,
290,,,,,,
291,,,,,,
292,,,,,,
293,,,,,,
294,,,,,,
295,,,,,,
296,,,,,,
297,,,,,,
298,,,,,,
299,,,,,,
300,,,,,,
301,,,,,,
302,,,,,,
303,,,,,,
304,,,,,,
305,,,,,,
306,,,,,,
307,,,,,,
308,,,,,,
309,,,,,,
310,,,,,,
311,,,,,,
312,,,,,,
313,,,,,,
314,,,,,,
315,,,,,,
316,,,,,,
317,,,,,,
318,,,,,,
319,,,,,,
320,,,,,,
321,,,,,,
322,,,,,,
323,,,,,,
324,,,,,,
325,,,,,,
326,,,,,,
327,,,,,,
328,,,,,,
329,,,,,,
330,,,,,,
331,,,,,,
332,,,,,,
333,,,,,,
334,,,,,,
335,,,,,,
336,,,,,,
337,,,,,,
338,,,,,,
339,,,,,,
340,,,,,,
341,,,,,,
342,,,,,,
343,,,,,,
344,,,,,,
345,,,,,,
346,,,,,,
347,,,,,,
348,,,,,,
349,,,,,,
350,,,,,,
351,,,,,,
352,,,,,,
353,,,,,,
354,,,,,,
355,,,,,,
356,,,,,,
357,,,,,,
358,,,,,,
359,,,,,,
360,,,,,,
361,,,,,,
362,,,,,,
363,,,,,,
364,,,,,,
365,,,,,,
366,,,,,,
367,,,,,,
368,,,,,,
369,,,,,,
370,,,,,,
371,,,,,,
372,,,,,,
373,,,,,,
374,,,,,,
375,,,,,,
376,,,,,,
377,,,,,,
378,,,,,,
379,,,,,,
380,,,,,,
381,,,,,,
382,,,,,,
383,,,,,,
384,,,,,,
385,,,,,,
386,,,,,,
387,,,,,,
388,,,,,,
389,,,,,,
390,,,,,,
391,,,,,,
392,,,,,,
393,,,,,,
394,,,,,,
395,,,,,,
396,,,,,,
397,,,,,,
398,,,,,,
399,,,,,,
400,,,,,,
401,,,,,,
402,,,,,,
403,,,,,,
404,,,,,,
405,,,,,,
406,,,,,,
407,,,,,,
408,,,,,,
409,,,,,,
410,,,,,,
411,,,,,,
412,,,,,,
413,,,,,,
414,,,,,,
415,,,,,,
416,,,,,,
417,,,,,,
418,,,,,,
419,,,,,,
420,,,,,,
421,,,,,,
422,,,,,,
423,,,,,,
424,,,,,,
425,,,,,,
426,,,,,,
427,,,,,,
428,,,,,,
429,,,,,,
430,,,,,,
431,,,,,,
432,,,,,,
433,,,,,,
434,,,,,,
435,,,,,,
436,,,,,,
437,,,,,,
438,,,,,,
439,,,,,,
440,,,,,,
x,,,,,,
1,-,,,,,
2,Leicester City,,,,,
3,-,,,,,
4,Chelsea,,,,,
5,Arsenal,,,,,
6,-,,,,,
7,-,,,,,
8,-,,,,,
9,Liverpool,,,,,
10,Tottenham Hotspur,,,,,
11,Manchester City,,,,,
12,-,,,,,
13,-,,,,,
14,-,,,,,
15,-,,,,,
16,-,,,,,
17,-,,,,,
18,-,,,,,
19,-,,,,,
20,-,,,,,
21,-,,,,,
22,Leicester City,,,,,
23,-,,,,,
24,Chelsea,,,,,
25,Arsenal,,,,,
26,-,,,,,
27,-,,,,,
28,-,,,,,
29,Liverpool,,,,,
30,Tottenham Hotspur,,,,,
31,Manchester City,,,,,
32,-,,,,,
33,-,,,,,
34,-,,,,,
35,-,,,,,
36,-,,,,,
37,-,,,,,
38,-,,,,,
39,-,,,,,
40,-,,,,,
41,-,,,,,
42,Tottenham Hotspur,,,,,
43,-,,,,,
44,-,,,,,
45,-,,,,,
46,-,,,,,
47,AFC Bournemouth,,,,,
48,Leicester City,,,,,
49,-,,,,,
50,-,,,,,
51,-,,,,,
52,-,,,,,
53,West Ham United,,,,,
54,-,,,,,
55,Crystal Palace,,,,,
56,Newcastle United,,,,,
57,-,,,,,
58,-,,,,,
59,-,,,,,
60,-,,,,,
61,-,,,,,
62,Arsenal,,,,,
63,-,,,,,
64,-,,,,,
65,Everton,,,,,
66,West Bromwich Albion,,,,,
67,-,,,,,
68,AFC Bournemouth,,,,,
69,-,,,,,
70,Manchester United,,,,,
71,Manchester City,,,,,
72,AFC Bournemouth,,,,,
73,West Bromwich Albion,,,,,
74,-,,,,,
75,-,,,,,
76,Southampton,,,,,
77,-,,,,,
78,-,,,,,
79,-,,,,,
80,Tottenham Hotspur,,,,,
81,-,,,,,
82,Norwich City,,,,,
83,-,,,,,
84,-,,,,,
85,Chelsea,,,,,
86,Aston Villa,,,,,
87,-,,,,,
88,-,,,,,
89,-,,,,,
90,-,,,,,
91,-,,,,,
92,Manchester United,,,,,
93,-,,,,,
94,-,,,,,
95,-,,,,,
96,-,,,,,
97,-,,,,,
98,-,,,,,
99,-,,,,,
100,-,,,,,
101,-,,,,,
102,-,,,,,
103,Swansea City,,,,,
104,-,,,,,
105,-,,,,,
106,-,,,,,
107,-,,,,,
108,-,,,,,
109,-,,,,,
110,-,,,,,
111,-,,,,,
112,Manchester City,,,,,
113,Chelsea,,,,,
114,-,,,,,
115,-,,,,,
116,Stoke City,,,,,
117,AFC Bournemouth,,,,,
118,-,,,,,
119,Crystal Palace,,,,,
120,-,,,,,
121,-,,,,,
122,-,,,,,
123,-,,,,,
124,-,,,,,
125,-,,,,,
126,-,,,,,
127,Manchester United,,,,,
128,Leicester City,,,,,
129,-,,,,,
130,Liverpool,,,,,
131,-,,,,,
132,-,,,,,
133,-,,,,,
134,-,,,,,
135,-,,,,,
136,-,,,,,
137,-,,,,,
138,-,,,,,
139,Tottenham Hotspur,,,,,
140,-,,,,,
141,-,,,,,
142,-,,,,,
143,-,,,,,
144,-,,,,,
145,-,,,,,
146,-,,,,,
147,-,,,,,
148,Tottenham Hotspur,,,,,
149,-,,,,,
150,-,,,,,
151,-,,,,,
152,-,,,,,
153,-,,,,,
154,-,,,,,
155,-,,,,,
156,Liverpool,,,,,
157,-,,,,,
158,-,,,,,
159,-,,,,,
160,West Ham United,,,,,
161,-,,,,,
162,Watford,,,,,
163,Newcastle United,,,,,
164,-,,,,,
165,-,,,,,
166,-,,,,,
167,-,,,,,
168,-,,,,,
169,-,,,,,
170,Stoke City,,,,,
171,-,,,,,
172,-,,,,,
173,-,,,,,
174,-,,,,,
175,-,,,,,
176,-,,,,,
177,West Ham United,,,,,
178,Watford,,,,,
179,-,,,,,
180,-,,,,,
181,-,,,,,
182,Manchester United,,,,,
183,-,,,,,
184,Watford,,,,,
185,Watford,,,,,
186,-,,,,,
187,-,,,,,
188,-,,,,,
189,-,,,,,
190,-,,,,,
191,AFC Bournemouth,,,,,
192,-,,,,,
193,-,,,,,
194,-,,,,,
195,Swansea City,,,,,
196,Sunderland,,,,,
197,-,,,,,
198,-,,,,,
199,Manchester United,,,,,
200,-,,,,,
201,-,,,,,
202,-,,,,,
203,Manchester City,,,,,
204,Aston Villa,,,,,
205,-,,,,,
206,-,,,,,
207,Tottenham Hotspur,,,,,
208,-,,,,,
209,Tottenham Hotspur,,,,,
210,-,,,,,
211,-,,,,,
212,-,,,,,
213,-,,,,,
214,-,,,,,
215,-,,,,,
216,-,,,,,
217,-,,,,,
218,-,,,,,
219,Crystal Palace,,,,,
220,-,,,,,
221,-,,,,,
222,-,,,,,
223,Tottenham Hotspur,,,,,
224,-,,,,,
225,-,,,,,
226,-,,,,,
227,-,,,,,
228,-,,,,,
229,-,,,,,
230,West Bromwich Albion,,,,,
231,-,,,,,
232,Norwich City,,,,,
233,-,,,,,
234,-,,,,,
235,-,,,,,
236,-,,,,,
237,Liverpool,,,,,
238,-,,,,,
239,Tottenham Hotspur,,,,,
240,-,,,,,
241,-,,,,,
242,-,,,,,
243,-,,,,,
244,-,,,,,
245,-,,,,,
246,Manchester United,,,,,
247,-,,,,,
248,Aston Villa,,,,,
249,-,,,,,
250,-,,,,,
251,-,,,,,
252,-,,,,,
253,-,,,,,
254,-,,,,,
255,-,,,,,
256,-,,,,,
257,Manchester United,,,,,
258,-,,,,,
259,Manchester City,,,,,
260,-,,,,,
261,-,,,,,
262,Crystal Palace,,,,,
263,-,,,,,
264,-,,,,,
265,-,,,,,
266,-,,,,,
267,-,,,,,
268,-,,,,,
269,-,,,,,
270,-,,,,,
271,-,,,,,
272,-,,,,,
273,-,,,,,
274,Everton,,,,,
275,-,,,,,
276,AFC Bournemouth,,,,,
277,-,,,,,
278,-,,,,,
279,Newcastle United,,,,,
280,-,,,,,
281,Stoke City,,,,,
282,-,,,,,
283,-,,,,,
284,-,,,,,
285,-,,,,,
286,-,,,,,
287,Norwich City,,,,,
288,Crystal Palace,,,,,
289,-,,,,,
290,-,,,,,
291,Sunderland,,,,,
292,-,,,,,
293,-,,,,,
294,-,,,,,
295,-,,,,,
296,-,,,,,
297,-,,,,,
298,-,,,,,
299,-,,,,,
300,-,,,,,
301,-,,,,,
302,-,,,,,
303,-,,,,,
304,-,,,,,
305,-,,,,,
306,-,,,,,
307,-,,,,,
308,-,,,,,
309,-,,,,,
310,Leicester City,,,,,
311,-,,,,,
312,-,,,,,
313,AFC Bournemouth,,,,,
314,-,,,,,
315,-,,,,,
316,-,,,,,
317,-,,,,,
318,Manchester United,,,,,
319,-,,,,,
320,-,,,,,
321,-,,,,,
322,-,,,,,
323,-,,,,,
324,-,,,,,
325,-,,,,,
326,-,,,,,
327,-,,,,,
328,-,,,,,
329,-,,,,,
330,-,,,,,
331,-,,,,,
332,AFC Bournemouth,,,,,
333,-,,,,,
334,-,,,,,
335,-,,,,,
336,-,,,,,
337,-,,,,,
338,Newcastle United,,,,,
339,-,,,,,
340,-,,,,,
341,-,,,,,
342,-,,,,,
343,-,,,,,
344,-,,,,,
345,Aston Villa,,,,,
346,-,,,,,
347,-,,,,,
348,Everton,,,,,
349,-,,,,,
350,-,,,,,
351,-,,,,,
352,-,,,,,
353,-,,,,,
354,-,,,,,
355,-,,,,,
356,Watford,,,,,
357,-,,,,,
358,-,,,,,
359,West Bromwich Albion,,,,,
360,-,,,,,
361,-,,,,,
362,-,,,,,
363,-,,,,,
364,Manchester United,,,,,
365,-,,,,,
366,-,,,,,
367,-,,,,,
368,-,,,,,
369,-,,,,,
370,-,,,,,
371,-,,,,,
372,-,,,,,
373,-,,,,,
374,-,,,,,
375,-,,,,,
376,-,,,,,
377,-,,,,,
378,-,,,,,
379,Swansea City,,,,,
380,-,,,,,
381,-,,,,,
382,-,,,,,
383,-,,,,,
384,-,,,,,
385,-,,,,,
386,-,,,,,
387,-,,,,,
388,-,,,,,
389,AFC Bournemouth,,,,,
390,-,,,,,
391,-,,,,,
392,Sunderland,,,,,
393,-,,,,,
394,-,,,,,
395,-,,,,,
396,-,,,,,
397,-,,,,,
398,-,,,,,
399,-,,,,,
400,-,,,,,
401,West Ham United,,,,,
402,-,,,,,
403,Newcastle United,,,,,
404,-,,,,,
405,Norwich City,,,,,
406,-,,,,,
407,-,,,,,
408,Tottenham Hotspur,,,,,
409,-,,,,,
410,-,,,,,
411,-,,,,,
412,-,,,,,
413,-,,,,,
414,Liverpool,,,,,
415,-,,,,,
416,-,,,,,
417,-,,,,,
418,AFC Bournemouth,,,,,
419,-,,,,,
420,-,,,,,
421,Everton,,,,,
422,-,,,,,
423,-,,,,,
424,-,,,,,
425,-,,,,,
426,-,,,,,
427,Aston Villa,,,,,
428,-,,,,,
429,-,,,,,
430,Chelsea,,,,,
431,-,,,,,
432,-,,,,,
433,-,,,,,
434,West Ham United,,,,,
435,Manchester City,,,,,
436,-,,,,,
437,Watford,,,,,
438,-,,,,,
439,AFC Bournemouth,,,,,
440,-,,,,,
x,,,,,,
1,France,,,,,
2,England,,,,,
3,Ireland,,,,,
4,Brazil,,,,,
5,Germany,,,,,
6,Ireland,,,,,
7,Scotland,,,,,
8,Serbia,,,,,
9,England,,,,,
10,Denmark,,,,,
11,Belgium,,,,,
12,Spain,,,,,
13,Switzerland,,,,,
14,Iceland,,,,,
15,England,,,,,
16,Serbia,,,,,
17,England,,,,,
18,Netherlands,,,,,
19,France,,,,,
20,France,,,,,
21,France,,,,,
22,England,,,,,
23,Ireland,,,,,
24,Brazil,,,,,
25,Germany,,,,,
26,Ireland,,,,,
27,Scotland,,,,,
28,Serbia,,,,,
29,England,,,,,
30,Denmark,,,,,
31,Belgium,,,,,
32,Spain,,,,,
33,Switzerland,,,,,
34,Iceland,,,,,
35,England,,,,,
36,Serbia,,,,,
37,England,,,,,
38,Netherlands,,,,,
39,France,,,,,
40,France,,,,,
41,Spain,,,,,
42,Argentina,,,,,
43,The Democratic Republic Of Congo,,,,,
44,Spain,,,,,
45,Senegal,,,,,
46,England,,,,,
47,England,,,,,
48,Austria,,,,,
49,Netherlands,,,,,
50,England,,,,,
51,England,,,,,
52,Northern Ireland,,,,,
53,England,,,,,
54,Scotland,,,,,
55,Cote D'Ivoire,,,,,
56,England,,,,,
57,Portugal,,,,,
58,Algeria,,,,,
59,England,,,,,
60,Ecuador,,,,,
61,England,,,,,
62,Spain,,,,,
63,France,,,,,
64,Spain,,,,,
65,England,,,,,
66,Northern Ireland,,,,,
67,Netherlands,,,,,
68,England,,,,,
69,Spain,,,,,
70,Spain,,,,,
71,Spain,,,,,
72,England,,,,,
73,Benin,,,,,
74,England,,,,,
75,Ireland,,,,,
76,England,,,,,
77,Curacao,,,,,
78,Netherlands,,,,,
79,Tunisia,,,,,
80,England,,,,,
81,England,,,,,
82,England,,,,,
83,Cameroon,,,,,
84,France,,,,,
85,Spain,,,,,
86,France,,,,,
87,England,,,,,
88,Netherlands,,,,,
89,England,,,,,
90,Spain,,,,,
91,Mali,,,,,
92,England,,,,,
93,Serbia,,,,,
94,France,,,,,
95,Spain,,,,,
96,Wales,,,,,
97,Sweden,,,,,
98,Scotland,,,,,
99,Spain,,,,,
100,Netherlands,,,,,
101,England,,,,,
102,Senegal,,,,,
103,England,,,,,
104,England,,,,,
105,England,,,,,
106,Chile,,,,,
107,England,,,,,
108,Argentina,,,,,
109,Spain,,,,,
110,England,,,,,
111,England,,,,,
112,England,,,,,
113,Spain,,,,,
114,Brazil,,,,,
115,Austria,,,,,
116,England,,,,,
117,England,,,,,
118,Netherlands,,,,,
119,England,,,,,
120,Switzerland,,,,,
121,Ireland,,,,,
122,Italy,,,,,
123,Argentina,,,,,
124,Ireland,,,,,
125,England,,,,,
126,Wales,,,,,
127,France,,,,,
128,England,,,,,
129,England,,,,,
130,England,,,,,
131,Spain,,,,,
132,France,,,,,
133,Cote D'Ivoire,,,,,
134,Scotland,,,,,
135,Belgium,,,,,
136,England,,,,,
137,Ghana,,,,,
138,Belgium,,,,,
139,England,,,,,
140,Argentina,,,,,
141,England,,,,,
142,England,,,,,
143,Ghana,,,,,
144,Algeria,,,,,
145,England,,,,,
146,England,,,,,
147,Netherlands,,,,,
148,Wales,,,,,
149,England,,,,,
150,Costa Rica,,,,,
151,England,,,,,
152,United States,,,,,
153,Scotland,,,,,
154,France,,,,,
155,Morocco,,,,,
156,Brazil,,,,,
157,Brazil,,,,,
158,Curacao,,,,,
159,Ireland,,,,,
160,Nigeria,,,,,
161,Ecuador,,,,,
162,France,,,,,
163,Wales,,,,,
164,Spain,,,,,
165,England,,,,,
166,England,,,,,
167,England,,,,,
168,Netherlands,,,,,
169,England,,,,,
170,Spain,,,,,
171,Venezuela,,,,,
172,Ghana,,,,,
173,Portugal,,,,,
174,Belgium,,,,,
175,England,,,,,
176,Italy,,,,,
177,England,,,,,
178,Ecuador,,,,,
179,England,,,,,
180,Netherlands,,,,,
181,Gambia,,,,,
182,England,,,,,
183,France,,,,,
184,England,,,,,
185,Greece,,,,,
186,France,,,,,
187,Sweden,,,,,
188,Ireland,,,,,
189,England,,,,,
190,England,,,,,
191,Norway,,,,,
192,Senegal,,,,,
193,England,,,,,
194,Ecuador,,,,,
195,Ghana,,,,,
196,England,,,,,
197,Burundi,,,,,
198,Northern Ireland,,,,,
199,England,,,,,
200,Mali,,,,,
201,England,,,,,
202,Spain,,,,,
203,Argentina,,,,,
204,England,,,,,
205,Serbia,,,,,
206,England,,,,,
207,England,,,,,
208,Netherlands,,,,,
209,England,,,,,
210,Senegal,,,,,
211,England,,,,,
212,Italy,,,,,
213,Argentina,,,,,
214,Netherlands,,,,,
215,England,,,,,
216,South Korea,,,,,
217,Scotland,,,,,
218,France,,,,,
219,England,,,,,
220,Scotland,,,,,
221,Ireland,,,,,
222,France,,,,,
223,Belgium,,,,,
224,United States,,,,,
225,Belgium,,,,,
226,Belgium,,,,,
227,Senegal,,,,,
228,Nigeria,,,,,
229,England,,,,,
230,Scotland,,,,,
231,England,,,,,
232,Scotland,,,,,
233,Scotland,,,,,
234,Wales,,,,,
235,Scotland,,,,,
236,Spain,,,,,
237,Belgium,,,,,
238,Australia,,,,,
239,South Korea,,,,,
240,England,,,,,
241,England,,,,,
242,England,,,,,
243,France,,,,,
244,England,,,,,
245,Scotland,,,,,
246,England,,,,,
247,England,,,,,
248,England,,,,,
249,England,,,,,
250,Spain,,,,,
251,England,,,,,
252,Brazil,,,,,
253,Belgium,,,,,
254,Cote D'Ivoire,,,,,
255,Costa Rica,,,,,
256,Egypt,,,,,
257,Brazil,,,,,
258,South Korea,,,,,
259,Brazil,,,,,
260,Spain,,,,,
261,England,,,,,
262,England,,,,,
263,England,,,,,
264,Nigeria,,,,,
265,Wales,,,,,
266,The Democratic Republic Of Congo,,,,,
267,France,,,,,
268,Netherlands,,,,,
269,Germany,,,,,
270,Portugal,,,,,
271,England,,,,,
272,England,,,,,
273,Ireland,,,,,
274,Cote D'Ivoire,,,,,
275,Japan,,,,,
276,England,,,,,
277,Argentina,,,,,
278,England,,,,,
279,Senegal,,,,,
280,Italy,,,,,
281,Senegal,,,,,
282,Scotland,,,,,
283,Spain,,,,,
284,England,,,,,
285,Nigeria,,,,,
286,Brazil,,,,,
287,The Democratic Republic Of Congo,,,,,
288,Scotland,,,,,
289,Argentina,,,,,
290,Ireland,,,,,
291,England,,,,,
292,Netherlands,,,,,
293,Ireland,,,,,
294,England,,,,,
295,England,,,,,
296,England,,,,,
297,Mexico,,,,,
298,Serbia,,,,,
299,Senegal,,,,,
300,Nigeria,,,,,
301,France,,,,,
302,Germany,,,,,
303,Uruguay,,,,,
304,Kenya,,,,,
305,Japan,,,,,
306,Togo,,,,,
307,Bosnia And Herzegovina,,,,,
308,England,,,,,
309,England,,,,,
310,England,,,,,
311,Nigeria,,,,,
312,Argentina,,,,,
313,England,,,,,
314,Australia,,,,,
315,England,,,,,
316,Northern Ireland,,,,,
317,England,,,,,
318,England,,,,,
319,England,,,,,
320,Wales,,,,,
321,England,,,,,
322,England,,,,,
323,France,,,,,
324,England,,,,,
325,France,,,,,
326,The Democratic Republic Of Congo,,,,,
327,Germany,,,,,
328,Wales,,,,,
329,Italy,,,,,
330,Uruguay,,,,,
331,Brazil,,,,,
332,England,,,,,
333,The Democratic Republic Of Congo,,,,,
334,England,,,,,
335,Kosovo,,,,,
336,Argentina,,,,,
337,Belgium,,,,,
338,France,,,,,
339,Croatia,,,,,
340,England,,,,,
341,England,,,,,
342,Croatia,,,,,
343,Northern Ireland,,,,,
344,Cameroon,,,,,
345,France,,,,,
346,Equatorial Guinea,,,,,
347,England,,,,,
348,England,,,,,
349,France,,,,,
350,England,,,,,
351,England,,,,,
352,France,,,,,
353,England,,,,,
354,Switzerland,,,,,
355,England,,,,,
356,Northern Ireland,,,,,
357,France,,,,,
358,England,,,,,
359,Brazil,,,,,
360,Colombia,,,,,
361,England,,,,,
362,England,,,,,
363,England,,,,,
364,England,,,,,
365,France,,,,,
366,Nigeria,,,,,
367,Senegal,,,,,
368,South Africa,,,,,
369,Belgium,,,,,
370,England,,,,,
371,Colombia,,,,,
372,Cameroon,,,,,
373,Burkina Faso,,,,,
374,Wales,,,,,
375,England,,,,,
376,Nigeria,,,,,
377,Cameroon,,,,,
378,Uruguay,,,,,
379,England,,,,,
380,Uruguay,,,,,
381,England,,,,,
382,France,,,,,
383,Belgium,,,,,
384,Argentina,,,,,
385,Netherlands,,,,,
386,Costa Rica,,,,,
387,Benin,,,,,
388,England,,,,,
389,Paraguay,,,,,
390,Belgium,,,,,
391,Spain,,,,,
392,Cote D'Ivoire,,,,,
393,England,,,,,
394,Portugal,,,,,
395,Mali,,,,,
396,France,,,,,
397,Jamaica,,,,,
398,Wales,,,,,
399,Switzerland,,,,,
400,The Democratic Republic Of Congo,,,,,
401,New Zealand,,,,,
402,England,,,,,
403,France,,,,,
404,Spain,,,,,
405,Norway,,,,,
406,England,,,,,
407,Netherlands,,,,,
408,Belgium,,,,,
409,England,,,,,
410,England,,,,,
411,Tunisia,,,,,
412,Belgium,,,,,
413,Cote D'Ivoire,,,,,
414,England,,,,,
415,Morocco,,,,,
416,England,,,,,
417,Ireland,,,,,
418,England,,,,,
419,England,,,,,
420,Colombia,,,,,
421,England,,,,,
422,Netherlands,,,,,
423,Germany,,,,,
424,England,,,,,
425,Switzerland,,,,,
426,France,,,,,
427,Czech Republic,,,,,
428,Croatia,,,,,
429,England,,,,,
430,England,,,,,
431,Scotland,,,,,
432,Australia,,,,,
433,Ireland,,,,,
434,Italy,,,,,
435,Argentina,,,,,
436,England,,,,,
437,Austria,,,,,
438,England,,,,,
439,South Africa,,,,,
440,Brazil,,,,,
x,,,,,,
1,,,,,,
2,,,,,,
3,,,,,,
4,,,,,,
5,,,,,,
6,,,,,,
7,,,,,,
8,,,,,,
9,,,,,,
10,,,,,,
11,,,,,,
12,,,,,,
13,,,,,,
14,,,,,,
15,,,,,,
16,,,,,,
17,,,,,,
18,,,,,,
19,,,,,,
20,,,,,,
21,,,,,,
22,,,,,,
23,,,,,,
24,,,,,,
25,,,,,,
26,,,,,,
27,,,,,,
28,,,,,,
29,,,,,,
30,,,,,,
31,,,,,,
32,,,,,,
33,,,,,,
34,,,,,,
35,,,,,,
36,,,,,,
37,,,,,,
38,,,,,,
39,,,,,,
40,,,,,,
41,,,,,,
42,,,,,,
43,,,,,,
44,,,,,,
45,,,,,,
46,,,,,,
47,,,,,,
48,,,,,,
49,,,,,,
50,,,,,,
51,,,,,,
52,,,,,,
53,,,,,,
54,,,,,,
55,,,,,,
56,,,,,,
57,,,,,,
58,,,,,,
59,,,,,,
60,,,,,,
61,,,,,,
62,,,,,,
63,,,,,,
64,,,,,,
65,,,,,,
66,,,,,,
67,,,,,,
68,,,,,,
69,,,,,,
70,,,,,,
71,,,,,,
72,,,,,,
73,,,,,,
74,,,,,,
75,,,,,,
76,,,,,,
77,,,,,,
78,,,,,,
79,,,,,,
80,,,,,,
81,,,,,,
82,,,,,,
83,,,,,,
84,,,,,,
85,,,,,,
86,,,,,,
87,,,,,,
88,,,,,,
89,,,,,,
90,,,,,,
91,,,,,,
92,,,,,,
93,,,,,,
94,,,,,,
95,,,,,,
96,,,,,,
97,,,,,,
98,,,,,,
99,,,,,,
100,,,,,,
101,,,,,,
102,,,,,,
103,,,,,,
104,,,,,,
105,,,,,,
106,,,,,,
107,,,,,,
108,,,,,,
109,,,,,,
110,,,,,,
111,,,,,,
112,,,,,,
113,,,,,,
114,,,,,,
115,,,,,,
116,,,,,,
117,,,,,,
118,,,,,,
119,,,,,,
120,,,,,,
121,,,,,,
122,,,,,,
123,,,,,,
124,,,,,,
125,,,,,,
126,,,,,,
127,,,,,,
128,,,,,,
129,,,,,,
130,,,,,,
131,,,,,,
132,,,,,,
133,,,,,,
134,,,,,,
135,,,,,,
136,,,,,,
137,,,,,,
138,,,,,,
139,,,,,,
140,,,,,,
141,,,,,,
142,,,,,,
143,,,,,,
144,,,,,,
145,,,,,,
146,,,,,,
147,,,,,,
148,,,,,,
149,,,,,,
150,,,,,,
151,,,,,,
152,,,,,,
153,,,,,,
154,,,,,,
155,,,,,,
156,,,,,,
157,,,,,,
158,,,,,,
159,,,,,,
160,,,,,,
161,,,,,,
162,,,,,,
163,,,,,,
164,,,,,,
165,,,,,,
166,,,,,,
167,,,,,,
168,,,,,,
169,,,,,,
170,,,,,,
171,,,,,,
172,,,,,,
173,,,,,,
174,,,,,,
175,,,,,,
176,,,,,,
177,,,,,,
178,,,,,,
179,,,,,,
180,,,,,,
181,,,,,,
182,,,,,,
183,,,,,,
184,,,,,,
185,,,,,,
186,,,,,,
187,,,,,,
188,,,,,,
189,,,,,,
190,,,,,,
191,,,,,,
192,,,,,,
193,,,,,,
194,,,,,,
195,,,,,,
196,,,,,,
197,,,,,,
198,,,,,,
199,,,,,,
200,,,,,,
201,,,,,,
202,,,,,,
203,,,,,,
204,,,,,,
205,,,,,,
206,,,,,,
207,,,,,,
208,,,,,,
209,,,,,,
210,,,,,,
211,,,,,,
212,,,,,,
213,,,,,,
214,,,,,,
215,,,,,,
216,,,,,,
217,,,,,,
218,,,,,,
219,,,,,,
220,,,,,,
221,,,,,,
222,,,,,,
223,,,,,,
224,,,,,,
225,,,,,,
226,,,,,,
227,,,,,,
228,,,,,,
229,,,,,,
230,,,,,,
231,,,,,,
232,,,,,,
233,,,,,,
234,,,,,,
235,,,,,,
236,,,,,,
237,,,,,,
238,,,,,,
239,,,,,,
240,,,,,,
241,,,,,,
242,,,,,,
243,,,,,,
244,,,,,,
245,,,,,,
246,,,,,,
247,,,,,,
248,,,,,,
249,,,,,,
250,,,,,,
251,,,,,,
252,,,,,,
253,,,,,,
254,,,,,,
255,,,,,,
256,,,,,,
257,,,,,,
258,,,,,,
259,,,,,,
260,,,,,,
261,,,,,,
262,,,,,,
263,,,,,,
264,,,,,,
265,,,,,,
266,,,,,,
267,,,,,,
268,,,,,,
269,,,,,,
270,,,,,,
271,,,,,,
272,,,,,,
273,,,,,,
274,,,,,,
275,,,,,,
276,,,,,,
277,,,,,,
278,,,,,,
279,,,,,,
280,,,,,,
281,,,,,,
282,,,,,,
283,,,,,,
284,,,,,,
285,,,,,,
286,,,,,,
287,,,,,,
288,,,,,,
289,,,,,,
290,,,,,,
291,,,,,,
292,,,,,,
293,,,,,,
294,,,,,,
295,,,,,,
296,,,,,,
297,,,,,,
298,,,,,,
299,,,,,,
300,,,,,,
301,,,,,,
302,,,,,,
303,,,,,,
304,,,,,,
305,,,,,,
306,,,,,,
307,,,,,,
308,,,,,,
309,,,,,,
310,,,,,,
311,,,,,,
312,,,,,,
313,,,,,,
314,,,,,,
315,,,,,,
316,,,,,,
317,,,,,,
318,,,,,,
319,,,,,,
320,,,,,,
321,,,,,,
322,,,,,,
323,,,,,,
324,,,,,,
325,,,,,,
326,,,,,,
327,,,,,,
328,,,,,,
329,,,,,,
330,,,,,,
331,,,,,,
332,,,,,,
333,,,,,,
334,,,,,,
335,,,,,,
336,,,,,,
337,,,,,,
338,,,,,,
339,,,,,,
340,,,,,,
341,,,,,,
342,,,,,,
343,,,,,,
344,,,,,,
345,,,,,,
346,,,,,,
347,,,,,,
348,,,,,,
349,,,,,,
350,,,,,,
351,,,,,,
352,,,,,,
353,,,,,,
354,,,,,,
355,,,,,,
356,,,,,,
357,,,,,,
358,,,,,,
359,,,,,,
360,,,,,,
361,,,,,,
362,,,,,,
363,,,,,,
364,,,,,,
365,,,,,,
366,,,,,,
367,,,,,,
368,,,,,,
369,,,,,,
370,,,,,,
371,,,,,,
372,,,,,,
373,,,,,,
374,,,,,,
375,,,,,,
376,,,,,,
377,,,,,,
378,,,,,,
379,,,,,,
380,,,,,,
381,,,,,,
382,,,,,,
383,,,,,,
384,,,,,,
385,,,,,,
386,,,,,,
387,,,,,,
388,,,,,,
389,,,,,,
390,,,,,,
391,,,,,,
392,,,,,,
393,,,,,,
394,,,,,,
395,,,,,,
396,,,,,,
397,,,,,,
398,,,,,,
399,,,,,,
400,,,,,,
401,,,,,,
402,,,,,,
403,,,,,,
404,,,,,,
405,,,,,,
406,,,,,,
407,,,,,,
408,,,,,,
409,,,,,,
410,,,,,,
411,,,,,,
412,,,,,,
413,,,,,,
414,,,,,,
415,,,,,,
416,,,,,,
417,,,,,,
418,,,,,,
419,,,,,,
420,,,,,,
421,,,,,,
422,,,,,,
423,,,,,,
424,,,,,,
425,,,,,,
426,,,,,,
427,,,,,,
428,,,,,,
429,,,,,,
430,,,,,,
431,,,,,,
432,,,,,,
433,,,,,,
434,,,,,,
435,,,,,,
436,,,,,,
437,,,,,,
438,,,,,,
439,,,,,,
440,,,,,,