x,,,,,,
1,1,,,,Dimitri Payet,159
2,2,,,,Mesut Özil,144
3,3,,,,Willian,137
4,4,,,,Christian Eriksen,126
5,5,,,,James Milner,116
6,6,,,,Daley Blind,109
7,7,,,,Gylfi Sigurdsson,105
8,8,,,,Matt Ritchie,100
9,9,,,,Erik Lamela,99
10,10,,,,Yohan Cabaye,92
11,11,,,,Kevin De Bruyne,89
12,11,,,,Ben Watson,89
13,13,,,,Robbie Brady,88
14,14,,,,Marc Albrighton,80
15,15,,,,Jason Puncheon,74
16,16,,,,Jonjo Shelvey,73
17,17,,,,Xherdan Shaqiri,71
18,18,,,,Ross Barkley,70
19,19,,,,Cesc Fàbregas,67
20,19,,,,Christian Fuchs,67
21,1,,,,Dimitri Payet,159
22,2,,,,Mesut Özil,144
23,3,,,,Willian,137
24,4,,,,Christian Eriksen,126
25,5,,,,James Milner,116
26,6,,,,Daley Blind,109
27,7,,,,Gylfi Sigurdsson,105
28,8,,,,Matt Ritchie,100
29,9,,,,Erik Lamela,99
30,10,,,,Yohan Cabaye,92
31,11,,,,Kevin De Bruyne,89
32,11,,,,Ben Watson,89
33,13,,,,Robbie Brady,88
34,14,,,,Marc Albrighton,80
35,15,,,,Jason Puncheon,74
36,16,,,,Jonjo Shelvey,73
37,17,,,,Xherdan Shaqiri,71
38,18,,,,Ross Barkley,70
39,19,,,,Cesc Fàbregas,67
40,19,,,,Christian Fuchs,67
41,21,,,,Steven Davis,62
42,22,,,,Wahbi Khazri,57
43,22,,,,David Silva,57
44,24,,,,Jordan Veretout,56
45,25,,,,Craig Gardner,53
46,25,,,,Jesús Navas,53
47,25,,,,James Ward-Prowse,53
48,25,,,,Ashley Westwood,53
49,29,,,,Ryan Bertrand,52
50,30,,,,Chris Brunt,50
51,31,,,,Juan Mata,49
52,32,,,,Nathan Redmond,46
53,33,,,,Junior Stanislas,45
54,34,,,,Aleksandar Kolarov,43
55,35,,,,Leighton Baines,42
56,36,,,,Santi Cazorla,41
57,37,,,,Dusan Tadic,40
58,38,,,,James McClean,39
59,39,,,,Memphis Depay,38
60,40,,,,Philippe Coutinho,36
61,40,,,,Yann M'Vila,36
62,42,,,,Jack Colback,35
63,42,,,,Riyad Mahrez,35
64,44,,,,Ayoze Pérez,33
65,45,,,,Gerard Deulofeu,32
66,45,,,,Carles Gil,32
67,47,,,,Ibrahim Afellay,31
68,47,,,,Alberto Moreno,31
69,49,,,,José Manuel Jurado,29
70,49,,,,Andros Townsend,29
71,51,,,,Stéphane Sessegnon,28
72,52,,,,Jordon Ibe,27
73,52,,,,Mauro Zárate,27
74,54,,,,Gary O'Neil,25
75,55,,,,Kevin Mirallas,24
76,56,,,,Tom Cleverley,23
77,57,,,,Bakary Sako,20
78,58,,,,Adam Lallana,19
79,58,,,,Manuel Lanzini,19
80,60,,,,Leandro Bacuna,18
81,60,,,,Jeremain Lens,18
82,60,,,,Marc Pugh,18
83,63,,,,Charlie Adam,17
84,63,,,,Adlène Guédioura,17
85,65,,,,Pedro,16
86,65,,,,Florian Thauvin,16
87,67,,,,Bojan,15
88,67,,,,Jordon Mutch,15
89,67,,,,Bryan Oviedo,15
90,67,,,,Alexis Sánchez,15
91,71,,,,Charlie Daniels,14
92,71,,,,Max-Alain Gradel,14
93,71,,,,Matthew Jarvis,14
94,71,,,,Adam Johnson,14
95,71,,,,Sebastian Larsson,14
96,76,,,,Almen Abdi,13
97,77,,,,Jordan Henderson,12
98,78,,,,Roberto Firmino,11
99,78,,,,Simon Francis,11
100,80,,,,Saido Berahino,10
101,80,,,,Jordy Clasie,10
102,80,,,,Wes Hoolahan,10
103,83,,,,Aaron Ramsey,9
104,83,,,,Son Heung-Min,9
105,83,,,,Glenn Whelan,9
106,86,,,,Gareth Barry,8
107,86,,,,Chung-Yong Lee,8
108,86,,,,Georginio Wijnaldum,8
109,89,,,,Oscar,7
110,89,,,,Demarai Gray,7
111,89,,,,Eden Hazard,7
112,89,,,,Ander Herrera,7
113,89,,,,Harry Kane,7
114,89,,,,Samir Nasri,7
115,89,,,,Enner Valencia,7
116,96,,,,Fabio Borini,6
117,96,,,,Mohamed Elneny,6
118,96,,,,Jack Grealish,6
119,96,,,,Andreas Pereira,6
120,96,,,,Victor Moses,6
121,96,,,,Mark Noble,6
122,96,,,,Sheyi Ojo,6
123,96,,,,Alex Oxlade-Chamberlain,6
124,96,,,,Ashley Young,6
125,105,,,,Jordi Gómez,5
126,105,,,,Ki Sung-yueng,5
127,105,,,,Wayne Rooney,5
128,105,,,,Wayne Routledge,5
129,105,,,,Raheem Sterling,5
130,110,,,,Steven Berghuis,4
131,110,,,,Cameron Brannagan,4
132,110,,,,Daniel Drinkwater,4
133,110,,,,Stephen Ireland,4
134,110,,,,Stephen Kingsley,4
135,110,,,,Ryan Mason,4
136,110,,,,Adam Smith,4
137,110,,,,Andrew Surman,4
138,110,,,,Theo Walcott,4
139,119,,,,Dele Alli,3
140,119,,,,Etienne Capoue,3
141,119,,,,Siem de Jong,3
142,119,,,,Lewis Grabban,3
143,119,,,,Daryl Janmaat,3
144,119,,,,Sullay Kaikai,3
145,119,,,,Joe Ledley,3
146,119,,,,Jesse Lingard,3
147,119,,,,Morgan Schneiderlin,3
148,119,,,,Patrick van Aanholt,3
149,119,,,,Wilfried Zaha,3
150,130,,,,Nordin Amrabat,2
151,130,,,,Harry Arter,2
152,130,,,,Tom Carroll,2
153,130,,,,Bersant Celina,2
154,130,,,,Troy Deeney,2
155,130,,,,Alessandro Diamanti,2
156,130,,,,Graham Dorrans,2
157,130,,,,Kieran Dowell,2
158,130,,,,Serge Gnabry,2
159,130,,,,Dan Gosling,2
160,130,,,,José Holebas,2
161,130,,,,Jonny Howson,2
162,130,,,,Andy King,2
163,130,,,,Nemanja Matic,2
164,130,,,,Jefferson Montero,2
165,130,,,,James Morrison,2
166,130,,,,Kenedy,2
167,130,,,,Erik Pieters,2
168,130,,,,Alex Pritchard,2
169,130,,,,Gastón Ramírez,2
170,130,,,,Moussa Sissoko,2
171,130,,,,Lee Tomlin,2
172,130,,,,Jamie Vardy,2
173,153,,,,Ikechi Anya,1
174,153,,,,Marko Arnautovic,1
175,153,,,,André Ayew,1
176,153,,,,Christian Benteke,1
177,153,,,,Yannick Bolasie,1
178,153,,,,Joel Campbell,1
179,153,,,,Diego Costa,1
180,153,,,,Ben Davies,1
181,153,,,,Paul Dummett,1
182,153,,,,Darren Fletcher,1
183,153,,,,Kieran Gibbs,1
184,153,,,,Yoan Gouffran,1
185,153,,,,Andre Green,1
186,153,,,,Kelechi Iheanacho,1
187,153,,,,Danny Ings,1
188,153,,,,Joshua King,1
189,153,,,,Aaron Lennon,1
190,153,,,,Sadio Mané,1
191,153,,,,Anthony Martial,1
192,153,,,,Joselu,1
193,153,,,,Callum McManaman,1
194,153,,,,Charles N'Zogbia,1
195,153,,,,Steven Naismith,1
196,153,,,,Kyle Naughton,1
197,153,,,,Eunan O'Kane,1
198,153,,,,Peter Odemwingie,1
199,153,,,,Martin Olsson,1
200,153,,,,Bastian Schweinsteiger,1
x,,,,,,
1,,,,,,
2,,,,,,
3,,,,,,
4,,,,,,
5,,,,,,
6,,,,,,
7,,,,,,
8,,,,,,
9,,,,,,
10,,,,,,
11,,,,,,
12,,,,,,
13,,,,,,
14,,,,,,
15,,,,,,
16,,,,,,
17,,,,,,
18,,,,,,
19,,,,,,
20,,,,,,
21,,,,,,
22,,,,,,
23,,,,,,
24,,,,,,
25,,,,,,
26,,,,,,
27,,,,,,
28,,,,,,
29,,,,,,
30,,,,,,
31,,,,,,
32,,,,,,
33,,,,,,
34,,,,,,
35,,,,,,
36,,,,,,
37,,,,,,
38,,,,,,
39,,,,,,
40,,,,,,
41,,,,,,
42,,,,,,
43,,,,,,
44,,,,,,
45,,,,,,
46,,,,,,
47,,,,,,
48,,,,,,
49,,,,,,
50,,,,,,
51,,,,,,
52,,,,,,
53,,,,,,
54,,,,,,
55,,,,,,
56,,,,,,
57,,,,,,
58,,,,,,
59,,,,,,
60,,,,,,
61,,,,,,
62,,,,,,
63,,,,,,
64,,,,,,
65,,,,,,
66,,,,,,
67,,,,,,
68,,,,,,
69,,,,,,
70,,,,,,
71,,,,,,
72,,,,,,
73,,,,,,
74,,,,,,
75,,,,,,
76,,,,,,
77,,,,,,
78,,,,,,
79,,,,,,
80,,,,,,
81,,,,,,
82,,,,,,
83,,,,,,
84,,,,,,
85,,,,,,
86,,,,,,
87,,,,,,
88,,,,,,
89,,,,,,
90,,,,,,
91,,,,,,
92,,,,,,
93,,,,,,
94,,,,,,
95,,,,,,
96,,,,,,
97,,,,,,
98,,,,,,
99,,,,,,
100,,,,,,
101,,,,,,
102,,,,,,
103,,,,,,
104,,,,,,
105,,,,,,
106,,,,,,
107,,,,,,
108,,,,,,
109,,,,,,
110,,,,,,
111,,,,,,
112,,,,,,
113,,,,,,
114,,,,,,
115,,,,,,
116,,,,,,
117,,,,,,
118,,,,,,
119,,,,,,
120,,,,,,
121,,,,,,
122,,,,,,
123,,,,,,
124,,,,,,
125,,,,,,
126,,,,,,
127,,,,,,
128,,,,,,
129,,,,,,
130,,,,,,
131,,,,,,
132,,,,,,
133,,,,,,
134,,,,,,
135,,,,,,
136,,,,,,
137,,,,,,
138,,,,,,
139,,,,,,
140,,,,,,
141,,,,,,
142,,,,,,
143,,,,,,
144,,,,,,
145,,,,,,
146,,,,,,
147,,,,,,
148,,,,,,
149,,,,,,
150,,,,,,
151,,,,,,
152,,,,,,
153,,,,,,
154,,,,,,
155,,,,,,
156,,,,,,
157,,,,,,
158,,,,,,
159,,,,,,
160,,,,,,
161,,,,,,
162,,,,,,
163,,,,,,
164,,,,,,
165,,,,,,
166,,,,,,
167,,,,,,
168,,,,,,
169,,,,,,
170,,,,,,
171,,,,,,
172,,,,,,
173,,,,,,
174,,,,,,
175,,,,,,
176,,,,,,
177,,,,,,
178,,,,,,
179,,,,,,
180,,,,,,
181,,,,,,
182,,,,,,
183,,,,,,
184,,,,,,
185,,,,,,
186,,,,,,
187,,,,,,
188,,,,,,
189,,,,,,
190,,,,,,
191,,,,,,
192,,,,,,
193,,,,,,
194,,,,,,
195,,,,,,
196,,,,,,
197,,,,,,
198,,,,,,
199,,,,,,
200,,,,,,
x,,,,,,
1,-,,,,,
2,Arsenal,,,,,
3,Chelsea,,,,,
4,Tottenham Hotspur,,,,,
5,Liverpool,,,,,
6,-,,,,,
7,-,,,,,
8,-,,,,,
9,Tottenham Hotspur,,,,,
10,-,,,,,
11,Manchester City,,,,,
12,-,,,,,
13,-,,,,,
14,Leicester City,,,,,
15,-,,,,,
16,Newcastle United,,,,,
17,-,,,,,
18,-,,,,,
19,-,,,,,
20,Leicester City,,,,,
21,-,,,,,
22,Arsenal,,,,,
23,Chelsea,,,,,
24,Tottenham Hotspur,,,,,
25,Liverpool,,,,,
26,-,,,,,
27,-,,,,,
28,-,,,,,
29,Tottenham Hotspur,,,,,
30,-,,,,,
31,Manchester City,,,,,
32,-,,,,,
33,-,,,,,
34,Leicester City,,,,,
35,-,,,,,
36,Newcastle United,,,,,
37,-,,,,,
38,-,,,,,
39,-,,,,,
40,Leicester City,,,,,
41,-,,,,,
42,-,,,,,
43,Manchester City,,,,,
44,-,,,,,
45,-,,,,,
46,-,,,,,
47,Southampton,,,,,
48,-,,,,,
49,-,,,,,
50,West Bromwich Albion,,,,,
51,Manchester United,,,,,
52,-,,,,,
53,AFC Bournemouth,,,,,
54,-,,,,,
55,Everton,,,,,
56,-,,,,,
57,-,,,,,
58,-,,,,,
59,-,,,,,
60,-,,,,,
61,-,,,,,
62,-,,,,,
63,-,,,,,
64,-,,,,,
65,-,,,,,
66,-,,,,,
67,-,,,,,
68,-,,,,,
69,-,,,,,
70,-,,,,,
71,West Bromwich Albion,,,,,
72,-,,,,,
73,-,,,,,
74,-,,,,,
75,-,,,,,
76,-,,,,,
77,-,,,,,
78,-,,,,,
79,-,,,,,
80,-,,,,,
81,-,,,,,
82,-,,,,,
83,-,,,,,
84,-,,,,,
85,Chelsea,,,,,
86,-,,,,,
87,Stoke City,,,,,
88,-,,,,,
89,-,,,,,
90,-,,,,,
91,AFC Bournemouth,,,,,
92,-,,,,,
93,Norwich City,,,,,
94,-,,,,,
95,-,,,,,
96,-,,,,,
97,Liverpool,,,,,
98,Liverpool,,,,,
99,AFC Bournemouth,,,,,
100,-,,,,,
101,-,,,,,
102,-,,,,,
103,-,,,,,
104,Tottenham Hotspur,,,,,
105,-,,,,,
106,-,,,,,
107,-,,,,,
108,-,,,,,
109,-,,,,,
110,-,,,,,
111,-,,,,,
112,-,,,,,
113,Tottenham Hotspur,,,,,
114,-,,,,,
115,-,,,,,
116,-,,,,,
117,-,,,,,
118,Aston Villa,,,,,
119,Manchester United,,,,,
120,West Ham United,,,,,
121,West Ham United,,,,,
122,-,,,,,
123,-,,,,,
124,Manchester United,,,,,
125,-,,,,,
126,-,,,,,
127,-,,,,,
128,Swansea City,,,,,
129,Manchester City,,,,,
130,-,,,,,
131,-,,,,,
132,-,,,,,
133,-,,,,,
134,-,,,,,
135,-,,,,,
136,AFC Bournemouth,,,,,
137,AFC Bournemouth,,,,,
138,-,,,,,
139,Tottenham Hotspur,,,,,
140,Watford,,,,,
141,-,,,,,
142,-,,,,,
143,-,,,,,
144,-,,,,,
145,-,,,,,
146,Manchester United,,,,,
147,-,,,,,
148,-,,,,,
149,Crystal Palace,,,,,
150,-,,,,,
151,-,,,,,
152,-,,,,,
153,-,,,,,
154,Watford,,,,,
155,-,,,,,
156,-,,,,,
157,-,,,,,
158,-,,,,,
159,AFC Bournemouth,,,,,
160,Watford,,,,,
161,-,,,,,
162,-,,,,,
163,-,,,,,
164,-,,,,,
165,West Bromwich Albion,,,,,
166,-,,,,,
167,-,,,,,
168,-,,,,,
169,-,,,,,
170,-,,,,,
171,-,,,,,
172,Leicester City,,,,,
173,-,,,,,
174,-,,,,,
175,Swansea City,,,,,
176,-,,,,,
177,-,,,,,
178,-,,,,,
179,-,,,,,
180,Tottenham Hotspur,,,,,
181,Newcastle United,,,,,
182,-,,,,,
183,-,,,,,
184,Newcastle United,,,,,
185,-,,,,,
186,-,,,,,
187,-,,,,,
188,AFC Bournemouth,,,,,
189,-,,,,,
190,-,,,,,
191,Manchester United,,,,,
192,-,,,,,
193,-,,,,,
194,Aston Villa,,,,,
195,-,,,,,
196,-,,,,,
197,-,,,,,
198,-,,,,,
199,-,,,,,
200,-,,,,,
x,,,,,,
1,France,,,,,
2,Germany,,,,,
3,Brazil,,,,,
4,Denmark,,,,,
5,England,,,,,
6,Netherlands,,,,,
7,Iceland,,,,,
8,Scotland,,,,,
9,Argentina,,,,,
10,France,,,,,
11,Belgium,,,,,
12,England,,,,,
13,Ireland,,,,,
14,England,,,,,
15,England,,,,,
16,England,,,,,
17,Switzerland,,,,,
18,England,,,,,
19,Spain,,,,,
20,Austria,,,,,
21,France,,,,,
22,Germany,,,,,
23,Brazil,,,,,
24,Denmark,,,,,
25,England,,,,,
26,Netherlands,,,,,
27,Iceland,,,,,
28,Scotland,,,,,
29,Argentina,,,,,
30,France,,,,,
31,Belgium,,,,,
32,England,,,,,
33,Ireland,,,,,
34,England,,,,,
35,England,,,,,
36,England,,,,,
37,Switzerland,,,,,
38,England,,,,,
39,Spain,,,,,
40,Austria,,,,,
41,Northern Ireland,,,,,
42,Tunisia,,,,,
43,Spain,,,,,
44,France,,,,,
45,England,,,,,
46,Spain,,,,,
47,England,,,,,
48,England,,,,,
49,England,,,,,
50,Northern Ireland,,,,,
51,Spain,,,,,
52,England,,,,,
53,England,,,,,
54,Serbia,,,,,
55,England,,,,,
56,Spain,,,,,
57,Serbia,,,,,
58,Ireland,,,,,
59,Netherlands,,,,,
60,Brazil,,,,,
61,France,,,,,
62,England,,,,,
63,Algeria,,,,,
64,Spain,,,,,
65,Spain,,,,,
66,Spain,,,,,
67,Netherlands,,,,,
68,Spain,,,,,
69,Spain,,,,,
70,England,,,,,
71,Benin,,,,,
72,England,,,,,
73,Argentina,,,,,
74,England,,,,,
75,Belgium,,,,,
76,England,,,,,
77,Mali,,,,,
78,England,,,,,
79,Argentina,,,,,
80,Curacao,,,,,
81,Netherlands,,,,,
82,England,,,,,
83,Scotland,,,,,
84,Algeria,,,,,
85,Spain,,,,,
86,France,,,,,
87,Spain,,,,,
88,England,,,,,
89,Costa Rica,,,,,
90,Chile,,,,,
91,England,,,,,
92,Cote D'Ivoire,,,,,
93,England,,,,,
94,England,,,,,
95,Sweden,,,,,
96,Switzerland,,,,,
97,England,,,,,
98,Brazil,,,,,
99,England,,,,,
100,Burundi,,,,,
101,Netherlands,,,,,
102,Ireland,,,,,
103,Wales,,,,,
104,South Korea,,,,,
105,Ireland,,,,,
106,England,,,,,
107,South Korea,,,,,
108,Netherlands,,,,,
109,Brazil,,,,,
110,England,,,,,
111,Belgium,,,,,
112,Spain,,,,,
113,England,,,,,
114,France,,,,,
115,Ecuador,,,,,
116,Italy,,,,,
117,Egypt,,,,,
118,England,,,,,
119,Brazil,,,,,
120,Nigeria,,,,,
121,England,,,,,
122,England,,,,,
123,England,,,,,
124,England,,,,,
125,Spain,,,,,
126,South Korea,,,,,
127,England,,,,,
128,England,,,,,
129,England,,,,,
130,Netherlands,,,,,
131,England,,,,,
132,England,,,,,
133,Ireland,,,,,
134,Scotland,,,,,
135,England,,,,,
136,England,,,,,
137,England,,,,,
138,England,,,,,
139,England,,,,,
140,France,,,,,
141,Netherlands,,,,,
142,England,,,,,
143,Netherlands,,,,,
144,England,,,,,
145,Wales,,,,,
146,England,,,,,
147,France,,,,,
148,Netherlands,,,,,
149,Cote D'Ivoire,,,,,
150,Morocco,,,,,
151,Ireland,,,,,
152,England,,,,,
153,Kosovo,,,,,
154,England,,,,,
155,Italy,,,,,
156,Scotland,,,,,
157,England,,,,,
158,Germany,,,,,
159,England,,,,,
160,Greece,,,,,
161,England,,,,,
162,Wales,,,,,
163,Serbia,,,,,
164,Ecuador,,,,,
165,Scotland,,,,,
166,Brazil,,,,,
167,Netherlands,,,,,
168,England,,,,,
169,Uruguay,,,,,
170,France,,,,,
171,England,,,,,
172,England,,,,,
173,Scotland,,,,,
174,Austria,,,,,
175,Ghana,,,,,
176,Belgium,,,,,
177,The Democratic Republic Of Congo,,,,,
178,Costa Rica,,,,,
179,Spain,,,,,
180,Wales,,,,,
181,Wales,,,,,
182,Scotland,,,,,
183,England,,,,,
184,France,,,,,
185,England,,,,,
186,Nigeria,,,,,
187,England,,,,,
188,Norway,,,,,
189,England,,,,,
190,Senegal,,,,,
191,France,,,,,
192,Spain,,,,,
193,England,,,,,
194,France,,,,,
195,Scotland,,,,,
196,England,,,,,
197,Ireland,,,,,
198,Nigeria,,,,,
199,Sweden,,,,,
200,Germany,,,,,
x,,,,,,
1,,,,,,
2,,,,,,
3,,,,,,
4,,,,,,
5,,,,,,
6,,,,,,
7,,,,,,
8,,,,,,
9,,,,,,
10,,,,,,
11,,,,,,
12,,,,,,
13,,,,,,
14,,,,,,
15,,,,,,
16,,,,,,
17,,,,,,
18,,,,,,
19,,,,,,
20,,,,,,
21,,,,,,
22,,,,,,
23,,,,,,
24,,,,,,
25,,,,,,
26,,,,,,
27,,,,,,
28,,,,,,
29,,,,,,
30,,,,,,
31,,,,,,
32,,,,,,
33,,,,,,
34,,,,,,
35,,,,,,
36,,,,,,
37,,,,,,
38,,,,,,
39,,,,,,
40,,,,,,
41,,,,,,
42,,,,,,
43,,,,,,
44,,,,,,
45,,,,,,
46,,,,,,
47,,,,,,
48,,,,,,
49,,,,,,
50,,,,,,
51,,,,,,
52,,,,,,
53,,,,,,
54,,,,,,
55,,,,,,
56,,,,,,
57,,,,,,
58,,,,,,
59,,,,,,
60,,,,,,
61,,,,,,
62,,,,,,
63,,,,,,
64,,,,,,
65,,,,,,
66,,,,,,
67,,,,,,
68,,,,,,
69,,,,,,
70,,,,,,
71,,,,,,
72,,,,,,
73,,,,,,
74,,,,,,
75,,,,,,
76,,,,,,
77,,,,,,
78,,,,,,
79,,,,,,
80,,,,,,
81,,,,,,
82,,,,,,
83,,,,,,
84,,,,,,
85,,,,,,
86,,,,,,
87,,,,,,
88,,,,,,
89,,,,,,
90,,,,,,
91,,,,,,
92,,,,,,
93,,,,,,
94,,,,,,
95,,,,,,
96,,,,,,
97,,,,,,
98,,,,,,
99,,,,,,
100,,,,,,
101,,,,,,
102,,,,,,
103,,,,,,
104,,,,,,
105,,,,,,
106,,,,,,
107,,,,,,
108,,,,,,
109,,,,,,
110,,,,,,
111,,,,,,
112,,,,,,
113,,,,,,
114,,,,,,
115,,,,,,
116,,,,,,
117,,,,,,
118,,,,,,
119,,,,,,
120,,,,,,
121,,,,,,
122,,,,,,
123,,,,,,
124,,,,,,
125,,,,,,
126,,,,,,
127,,,,,,
128,,,,,,
129,,,,,,
130,,,,,,
131,,,,,,
132,,,,,,
133,,,,,,
134,,,,,,
135,,,,,,
136,,,,,,
137,,,,,,
138,,,,,,
139,,,,,,
140,,,,,,
141,,,,,,
142,,,,,,
143,,,,,,
144,,,,,,
145,,,,,,
146,,,,,,
147,,,,,,
148,,,,,,
149,,,,,,
150,,,,,,
151,,,,,,
152,,,,,,
153,,,,,,
154,,,,,,
155,,,,,,
156,,,,,,
157,,,,,,
158,,,,,,
159,,,,,,
160,,,,,,
161,,,,,,
162,,,,,,
163,,,,,,
164,,,,,,
165,,,,,,
166,,,,,,
167,,,,,,
168,,,,,,
169,,,,,,
170,,,,,,
171,,,,,,
172,,,,,,
173,,,,,,
174,,,,,,
175,,,,,,
176,,,,,,
177,,,,,,
178,,,,,,
179,,,,,,
180,,,,,,
181,,,,,,
182,,,,,,
183,,,,,,
184,,,,,,
185,,,,,,
186,,,,,,
187,,,,,,
188,,,,,,
189,,,,,,
190,,,,,,
191,,,,,,
192,,,,,,
193,,,,,,
194,,,,,,
195,,,,,,
196,,,,,,
197,,,,,,
198,,,,,,
199,,,,,,
200,,,,,,