Marc Albrighton,Leicester City,England,38
Toby Alderweireld,Tottenham Hotspur,Belgium,38
Ross Barkley,-,England,38
Heurelho Gomes,-,Brazil,38
Craig Dawson,-,England,38
Troy Deeney,Watford,England,38
Darren Fletcher,-,Scotland,38
Simon Francis,AFC Bournemouth,England,38
Olivier Giroud,-,France,38
Harry Kane,Tottenham Hotspur,England,38
Juan Mata,Manchester United,Spain,38
Wes Morgan,Leicester City,Jamaica,38
Kasper Schmeichel,Leicester City,Denmark,38
Andrew Surman,AFC Bournemouth,England,38
Georginio Wijnaldum,-,Netherlands,38
César Azpilicueta,Chelsea,Spain,37
Aaron Cresswell,West Ham United,England,37
José Fonte,-,Portugal,37
Charlie Daniels,AFC Bournemouth,England,37
Eric Dier,Tottenham Hotspur,England,37
Lukasz Fabianski,-,Poland,37
Cesc Fàbregas,-,Spain,37
Odion Ighalo,-,Nigeria,37
N'Golo Kanté,-,France,37
Hugo Lloris,-,France,37
Romelu Lukaku,-,Belgium,37
Yann M'Vila,-,France,37
Riyad Mahrez,-,Algeria,37
Sadio Mané,-,Senegal,37
Nacho Monreal,-,Spain,37
Mark Noble,West Ham United,England,37
Matt Ritchie,-,Scotland,37
Moussa Sissoko,-,France,37
Glenn Whelan,-,Ireland,37
Héctor Bellerín,Arsenal,Spain,36
Robbie Brady,-,Ireland,36
Steve Cook,AFC Bournemouth,England,36
Jonny Howson,-,England,36
Shinji Okazaki,-,Japan,36
Gylfi Sigurdsson,-,Iceland,36
Jamie Vardy,Leicester City,England,36
Ashley Williams,-,Wales,36
Daley Blind,-,Netherlands,35
Willian,Chelsea,Brazil,35
Craig Cathcart,Watford,Northern Ireland,35
Jack Cork,-,England,35
Scott Dann,-,England,35
Daniel Drinkwater,-,England,35
Christian Eriksen,Tottenham Hotspur,Denmark,35
Idrissa Gueye,-,Senegal,35
Joe Hart,-,England,35
Robert Huth,-,Germany,35
James McClean,-,Ireland,35
Mesut Özil,Arsenal,Germany,35
Erik Pieters,-,Netherlands,35
Nathan Redmond,-,England,35
Chris Smalling,-,England,35
Ben Watson,-,England,35
Marko Arnautovic,-,Austria,34
André Ayew,Swansea City,Ghana,34
Petr Cech,-,Czech Republic,34
Steven Davis,-,Northern Ireland,34
David de Gea,Manchester United,Spain,34
Craig Gardner,-,England,34
Dan Gosling,AFC Bournemouth,England,34
Cameron Jerome,-,England,34
Cheikhou Kouyaté,-,Senegal,34
Erik Lamela,Tottenham Hotspur,Argentina,34
Gareth McAuley,-,Northern Ireland,34
Simon Mignolet,-,Belgium,34
Aleksandar Mitrovic,-,Serbia,34
Jesús Navas,-,Spain,34
Ayoze Pérez,-,Spain,34
Salomón Rondón,-,Venezuela,34
Pape Souaré,-,Senegal,34
Dusan Tadic,-,Serbia,34
Neil Taylor,-,Wales,34
Virgil van Dijk,-,Netherlands,34
Claudio Yacob,-,Argentina,34
Wilfried Zaha,Crystal Palace,Cote D'Ivoire,34
Dele Alli,Tottenham Hotspur,England,33
Gareth Barry,-,England,33
Yohan Cabaye,-,France,33
Etienne Capoue,Watford,France,33
Nathaniel Clyne,-,England,33
Jermain Defoe,-,England,33
Bafétimbi Gomis,-,France,33
Branislav Ivanovic,-,Serbia,33
Laurent Koscielny,-,France,33
Fernandinho,Manchester City,Brazil,33
Nemanja Matic,-,Serbia,33
Chancel Mbemba,-,The Democratic Republic Of Congo,33
John Stones,-,England,33
Patrick van Aanholt,-,Netherlands,33
Kyle Walker,-,England,33
James Ward-Prowse,Southampton,England,33
Almen Abdi,-,Switzerland,32
Sebastien Bassong,-,Cameroon,32
Ryan Bertrand,-,England,32
Artur Boruc,AFC Bournemouth,Poland,32
Dele Alli,Tottenham Hotspur,England,33
Gareth Barry,-,England,33
Yohan Cabaye,-,France,33
Etienne Capoue,Watford,France,33
Nathaniel Clyne,-,England,33
Jermain Defoe,-,England,33
Bafétimbi Gomis,-,France,33
Branislav Ivanovic,-,Serbia,33
Laurent Koscielny,-,France,33
Fernandinho,Manchester City,Brazil,33
Nemanja Matic,-,Serbia,33
Chancel Mbemba,-,The Democratic Republic Of Congo,33
John Stones,-,England,33
Patrick van Aanholt,-,Netherlands,33
Kyle Walker,-,England,33
James Ward-Prowse,Southampton,England,33
Almen Abdi,-,Switzerland,32
Sebastien Bassong,-,Cameroon,32
Ryan Bertrand,-,England,32
Artur Boruc,AFC Bournemouth,Poland,32
Jason Puncheon,-,England,31
Aaron Ramsey,-,Wales,31
Jonjo Shelvey,Newcastle United,England,31
Adam Smith,AFC Bournemouth,England,31
Raheem Sterling,Manchester City,England,31
Philipp Wollscheid,Stoke City,Germany,31
Sergio Agüero,Manchester City,Argentina,30
Jordan Ayew,-,Ghana,30
Geoff Cameron,-,United States,30
Emre Can,-,Germany,30
Jonny Evans,-,Northern Ireland,30
Wes Hoolahan,-,Ireland,30
Adam Lallana,-,England,30
Russell Martin,-,Scotland,30
Nicolás Otamendi,Manchester City,Argentina,30
Dimitri Payet,-,France,30
Graziano Pellè,-,Italy,30
Alexis Sánchez,-,Chile,30
Danny Simpson,-,England,30
Victor Wanyama,-,Kenya,30
Joel Ward,Crystal Palace,England,30
Christian Benteke,-,Belgium,29
Nacer Chadli,-,Belgium,29
Jack Colback,-,England,29
Mousa Dembélé,-,Belgium,29
Memphis Depay,-,Netherlands,29
Wayne Hennessey,-,Wales,29
Aleksandar Kolarov,-,Serbia,29
Dieudonne Mbokani Bezua,Norwich City,The Democratic Republic Of Congo,29
James McCarthy,-,Ireland,29
Pedro,Chelsea,Spain,29
Oriol Romeu,-,Spain,29
Morgan Schneiderlin,-,France,29
Leonardo Ulloa,-,Argentina,29
Jan Vertonghen,Tottenham Hotspur,Belgium,29
Vurnon Anita,-,Netherlands,28
Ikechi Anya,-,Scotland,28
Michael Carrick,-,England,28
Séamus Coleman,-,Ireland,28
Diego Costa,-,Spain,28
Matteo Darmian,-,Italy,28
Ramiro Funes Mori,-,Argentina,28
Brad Guzan,-,United States,28
Alan Hutton,-,Scotland,28
Ki Sung-yueng,-,South Korea,28
Shane Long,-,Ireland,28
James McArthur,Crystal Palace,Scotland,28
James Milner,Liverpool,England,28
John O'Shea,-,Ireland,28
Angelo Ogbonna,West Ham United,Italy,28
Jonas Olsson,-,Sweden,28
Wayne Rooney,-,England,28
Wayne Routledge,Swansea City,England,28
Bacary Sagna,-,France,28
Son Heung-Min,Tottenham Hotspur,South Korea,28
Theo Walcott,-,England,28
Andy Carroll,-,England,27
Oscar,-,Brazil,27
Ander Herrera,-,Spain,27
Jordon Ibe,-,England,27
Mile Jedinak,-,Australia,27
José Manuel Jurado,-,Spain,27
Bojan,Stoke City,Spain,27
Lucas Leiva,-,Brazil,27
Kyle Naughton,-,England,27
Gary O'Neil,-,England,27
John Ruddy,-,England,27
Xherdan Shaqiri,-,Switzerland,27
Scott Sinclair,-,England,27
Jonathan Walters,-,Ireland,27
Michail Antonio,-,England,26
Yannick Bolasie,-,The Democratic Republic Of Congo,26
Wilfried Bony,-,Cote D'Ivoire,26
Fabio Borini,-,Italy,26
Fabricio Coloccini,-,Argentina,26
Francis Coquelin,-,France,26
Philippe Coutinho,-,Brazil,26
Gerard Deulofeu,-,Spain,26
Mame Biram Diouf,Stoke City,Senegal,26
Kelechi Iheanacho,-,Nigeria,26
Manuel Lanzini,-,Argentina,26
Marc Pugh,-,England,26
Leon Britton,Swansea City,England,25
Kevin De Bruyne,Manchester City,Belgium,25
Tim Howard,-,United States,25
Glen Johnson,Stoke City,England,25
Andy King,-,Wales,25
Arouna Koné,Everton,Cote D'Ivoire,25
Aaron Lennon,-,England,25
Jesse Lingard,Manchester United,England,25
John Obi Mikel,-,Nigeria,25
Stéphane Sessegnon,West Bromwich Albion,Benin,25
James Tomkins,-,England,25
Jordan Veretout,-,France,25
Nathan Aké,-,Netherlands,24
Cédric Soares,-,Portugal,24
Miguel Britos,-,Uruguay,24
Billy Jones,-,England,24
Dejan Lovren,-,Croatia,24
Per Mertesacker,-,Germany,24
Manuel Lanzini,-,Argentina,26
Marc Pugh,-,England,26
Leon Britton,Swansea City,England,25
Kevin De Bruyne,Manchester City,Belgium,25
Tim Howard,-,United States,25
Glen Johnson,Stoke City,England,25
Andy King,-,Wales,25
Arouna Koné,Everton,Cote D'Ivoire,25
Aaron Lennon,-,England,25
Jesse Lingard,Manchester United,England,25
John Obi Mikel,-,Nigeria,25
Stéphane Sessegnon,West Bromwich Albion,Benin,25
James Tomkins,-,England,25
Jordan Veretout,-,France,25
Nathan Aké,-,Netherlands,24
Cédric Soares,-,Portugal,24
Miguel Britos,-,Uruguay,24
Billy Jones,-,England,24
Dejan Lovren,-,Croatia,24
Per Mertesacker,-,Germany,24
Alexander Tettey,Norwich City,Norway,23
Duncan Watmore,Sunderland,England,23
DeAndre Yedlin,-,United States,23
Kurt Zouma,-,France,23
Charlie Adam,-,Scotland,22
Modou Barrow,-,Gambia,22
Ryan Bennett,-,England,22
Chris Brunt,West Bromwich Albion,Northern Ireland,22
Jordy Clasie,-,Netherlands,22
Tom Cleverley,-,England,22
Matthew Jarvis,Norwich City,England,22
Ryan Mason,-,England,22
Joselu,-,Spain,22
Alex Oxlade-Chamberlain,-,England,22
Jack Rodwell,-,England,22
Mamadou Sakho,-,France,22
Martin Skrtel,-,Slovakia,22
Harry Arter,-,Ireland,21
Valon Behrami,-,Switzerland,21
Papiss Demba Cissé,Newcastle United,Senegal,21
Gabriel Paulista,-,Brazil,21
Graham Dorrans,-,Scotland,21
Robert Elliot,Newcastle United,Ireland,21
Lewis Grabban,-,England,21
Phil Jagielka,-,England,21
Victor Moses,West Ham United,Nigeria,21
Glenn Murray,-,England,21
Sebastian Prödl,Watford,Austria,21
Diafra Sakho,-,Senegal,21
Junior Stanislas,AFC Bournemouth,England,21
Connor Wickham,Crystal Palace,England,21
Martín Demichelis,-,Argentina,20
Carl Jenkinson,-,England,20
Jeremain Lens,-,Netherlands,20
Jordon Mutch,-,England,20
Bakary Sako,-,Mali,20
Carlos Sánchez,-,Colombia,20
Ryan Shawcross,Stoke City,England,20
Cheick Tioté,Newcastle United,Cote D'Ivoire,20
Maya Yoshida,-,Japan,20
Joe Allen,-,Wales,19
Joel Campbell,-,Costa Rica,19
Tom Carroll,-,England,19
James Collins,-,Wales,19
Adam Johnson,-,England,19
Rickie Lambert,-,England,19
Joe Ledley,-,Wales,19
Vito Mannone,-,Italy,19
Enner Valencia,-,Ecuador,19
Leighton Baines,Everton,England,18
Aly Cissokho,Aston Villa,France,18
Ciaran Clark,-,Ireland,18
Siem de Jong,-,Netherlands,18
Marouane Fellaini,-,Belgium,18
Fraser Forster,-,England,18
Adlène Guédioura,-,Algeria,18
Sebastian Larsson,-,Sweden,18
Jamaal Lascelles,-,England,18
James Morrison,West Bromwich Albion,Scotland,18
Bastian Schweinsteiger,-,Germany,18
Ashley Young,Manchester United,England,18
Asmir Begovic,-,Bosnia And Herzegovina,17
Ben Davies,Tottenham Hotspur,Wales,17
Fabian Delph,-,England,17
Jordan Henderson,Liverpool,England,17
Costel Pantilimon,-,Romania,17
Juan Carlos Paredes,Watford,Ecuador,17
Maarten Stekelenburg,-,Netherlands,17
Marco van Ginkel,-,Netherlands,17
Sebastián Coates,-,Uruguay,16
Mathieu Flamini,-,France,16
Steven Fletcher,-,Scotland,16
Dwight Gayle,-,England,16
Jack Grealish,Aston Villa,England,16
Eunan O'Kane,-,Ireland,16
Divock Origi,Liverpool,Belgium,16
Marcos Rojo,-,Argentina,16
Andros Townsend,-,England,16
Benik Afobe,-,The Democratic Republic Of Congo,15
Gabriel Agbonlahor,Aston Villa,England,15
Abdul Rahman Baba,-,Ghana,15
Santi Cazorla,-,Spain,15
Ben Foster,-,England,15
Brendan Galloway,-,England,15
Kieran Gibbs,-,England,15
Jan Kirchhoff,-,Germany,15
Lamine Koné,Sunderland,Cote D'Ivoire,15
Cuco Martina,-,Curacao,15
Marc Muniesa,-,Spain,15
Mario Suárez,-,Spain,15
Mauro Zárate,-,Argentina,15
Gaël Clichy,-,France,14
Max-Alain Gradel,-,Cote D'Ivoire,14
Giannelli Imbula,-,The Democratic Republic Of Congo,14
Wahbi Khazri,-,Tunisia,14
Vincent Kompany,-,Belgium,14
Kenedy,-,Brazil,14
Bryan Oviedo,-,Costa Rica,14
Daniel Sturridge,-,England,14
Matt Targett,-,England,14
Kolo Touré,-,Cote D'Ivoire,14
Antonio Valencia,-,Ecuador,14
Patrick Bamford,-,England,13
James Chester,-,Wales,13
Nathan Dyer,Leicester City,England,13
Emmanuel Emenike,-,Nigeria,13
Stephen Ireland,-,Ireland,13
Alex Iwobi,-,Nigeria,13
Nikica Jelavic,-,Croatia,13
Martin Kelly,Crystal Palace,England,13
Chung-Yong Lee,-,South Korea,13
Ruben Loftus-Cheek,Chelsea,England,13
Éder,-,Portugal,13
Loïc Rémy,-,France,13
Joel Robles,-,Spain,13
Florian Thauvin,-,France,13
Callum Wilson,AFC Bournemouth,England,13
Pablo Zabaleta,-,Argentina,13
Emmanuel Adebayor,-,Togo,12
Nordin Amrabat,-,Morocco,12
Muhamed Besic,-,Bosnia And Herzegovina,12
Calum Chambers,-,England,12
Ritchie de Laet,-,Belgium,12
Sylvain Distin,AFC Bournemouth,France,12
Tommy Elphick,-,England,12
Demarai Gray,-,England,12
Sandro,West Bromwich Albion,Brazil,12
Juanmi,-,Spain,12
Callum McManaman,-,England,12
Samir Nasri,-,France,12
Jores Okore,-,Denmark,12
Jay Rodriguez,-,England,12
Ramires,-,Brazil,12
Alexandre Song,-,Cameroon,12
Ola Toivonen,Sunderland,Sweden,12
Phil Bardsley,-,Scotland,11
Fraizer Campbell,-,England,11
Peter Crouch,-,England,11
Mohamed Elneny,-,Egypt,11
Leroy Fer,-,Netherlands,11
José Holebas,Watford,Greece,11
Dame N'Doye,-,Senegal,11
Marcus Rashford,Manchester United,England,11
Kieran Richardson,-,England,11
Declan Rudd,-,England,11
Danny Welbeck,-,England,11
Rolando Aarons,-,England,10
Jordan Amavi,-,France,10
Victor Anichebe,-,Nigeria,10
Cameron Borthwick-Jackson,Manchester United,England,10
Mark Bunn,-,England,10
Marouane Chamakh,-,Morocco,10
Radamel Falcao,-,Colombia,10
Ivo Pinto,-,Portugal,10
Danny Graham,-,England,10
Phil Jones,Manchester United,England,10
Timm Klose,-,Switzerland,10
Vadis Odjidja-Ofoe,-,Belgium,10
Alberto Paloschi,-,Italy,10
Steven Taylor,-,England,10
Adama Traoré,-,Spain,10
Bertrand Traoré,-,Burkina Faso,10
Kevin Wimmer,-,Austria,10
Andre Wisdom,-,England,10
Mikel Arteta,Arsenal,Spain,9
Steven Berghuis,-,Netherlands,9
Karl Darlow,Newcastle United,England,9
Leon Osman,Everton,England,9
Jordi Amat,-,Spain,8
Timothy Fosu-Mensah,-,Netherlands,8
Yoan Gouffran,Newcastle United,France,8
Tim Krul,-,Netherlands,8
Patrick McNair,-,Northern Ireland,8
Clinton N'Jie,-,Cameroon,8
Sheyi Ojo,-,England,8
Josh Onomah,-,England,8
Steven Whittaker,Norwich City,Scotland,8
Charlie Austin,-,England,7
Darron Gibson,-,Ireland,7
Massadio Haidara,-,Mali,7
Brede Hangeland,Crystal Palace,Norway,7
Yann Kermorgant,-,France,7
Alex McCarthy,-,England,7
Youssouf Mulumbu,-,The Democratic Republic Of Congo,7
Reece Oxford,-,England,7
Kevin Stewart,-,England,7
Wes Brown,-,England,6
Steven Caulker,Liverpool,England,6
Adam Federici,-,Australia,6
Jordi Gómez,-,Spain,6
Danny Ings,-,England,6
Darren Randolph,-,Ireland,6
Lee Tomlin,-,England,6
Kieran Trippier,-,England,6
Daniel Amartey,-,Ghana,5
Kyle Bartley,-,England,5
Nabil Bentaleb,-,Algeria,5
Tyias Browning,-,England,5
Jon Flanagan,-,England,5
Joseph Gomez,-,England,5
Jakob Haugaard,Stoke City,Denmark,5
Gökhan Inler,-,Switzerland,5
Adnan Januzaj,-,Belgium,5
Jonathan Leko,-,England,5
Oumar Niasse,-,Senegal,5
Gabriel Obertan,-,France,5
Peter Odemwingie,-,Nigeria,5
Luke Shaw,Manchester United,England,5
Yohan Benalouane,-,Tunisia,4
Sam Byram,-,England,4
Willy Caballero,-,Argentina,4
Andreas Pereira,Manchester United,Brazil,4
Víctor Ibarbo,-,Colombia,4
Bradley Johnson,-,England,4
Stephen Kingsley,-,Scotland,4
Libor Kozák,Aston Villa,Czech Republic,4
Jordan Lyden,-,Australia,4
David Ospina,-,Colombia,4
Matthew Pennington,-,England,4
Steven Pienaar,-,South Africa,4
Sergio Romero,Manchester United,Argentina,4
Henri Saivet,-,Senegal,4
Brad Smith,-,Australia,4
Kevin Toner,Aston Villa,Ireland,4
Guillermo Varela,-,Uruguay,4
Marcin Wasilewski,Leicester City,Poland,4
Marc Wilson,-,Ireland,4
Cameron Brannagan,-,England,3
Alessandro Diamanti,-,Italy,3
Seydou Doumbia,-,Cote D'Ivoire,3
Shay Given,Stoke City,Ireland,3
Miguel Layún,-,Mexico,3
Shaun MacDonald,-,Wales,3
Modibo Maiga,-,Mali,3
Adrian Mariappa,-,Jamaica,3
Kevin Mbabu,-,Switzerland,3
Alex Pritchard,-,England,3
Gastón Ramírez,-,Uruguay,3
Connor Randall,-,England,3
Tokelo Rantie,AFC Bournemouth,South Africa,3
Emmanuel Rivière,Newcastle United,France,3
Jack Wilshere,-,England,3
Tammy Abraham,-,England,2
Adam Bogdan,-,Hungary,2
Alexandre Pato,-,Brazil,2
Tom Davies,Everton,England,2
Mathieu Debuchy,-,France,2
Kieran Dowell,-,England,2
Marvin Emnes,-,Netherlands,2
Jay Fulton,Swansea City,Scotland,2
Paulo Gazzaniga,-,Argentina,2
Andre Green,-,England,2
Gary Hooper,-,England,2
Juan Iturbe,AFC Bournemouth,Paraguay,2
Andrej Kramaric,-,Croatia,2
Matt Miazga,-,United States,2
Charles N'Zogbia,Aston Villa,France,2
Kevin Nolan,-,England,2
Obbi Oularé,-,Belgium,2
Jordan Pickford,-,England,2
Julian Speroni,-,Argentina,2
Ivan Toney,-,England,2
Danny Ward,-,Wales,2
Ryan Allsop,-,England,1
Giedrius Arlauskis,-,Lithuania,1
Hiram Boateng,-,England,1
Sergi Canós,-,Spain,1
Bersant Celina,-,Kosovo,1
Pedro Chirivella,-,Spain,1
Jake Clarke-Salter,Chelsea,England,1
Callum Connolly,-,England,1
José Crespo,-,Spain,1
Juan Cuadrado,-,Colombia,1
Josh Cullen,-,Ireland,1
Kelvin Davis,Southampton,England,1
Joseph Dodoo,-,England,1
Sam Field,-,England,1
Cristian Gamboa,-,Costa Rica,1
Manu García,-,Spain,1
Serge Gnabry,-,Germany,1
Rees Greenwood,-,England,1
Matt Grimes,-,England,1
Rushian Hepburn-Murphy,-,England,1
Chicharito,-,Mexico,1
Tony Hibbert,Everton,England,1
George Honeyman,-,England,1
Sullay Kaikai,-,England,1
Will Keane,-,England,1
Jonjoe Kenny,-,England,1
Kyle Lafferty,-,Northern Ireland,1
Donald Love,-,Scotland,1
Adam Matthews,-,Wales,1
Tyrone Mings,-,England,1
Kristoffer Nordfeldt,-,Sweden,1
Sébastien Pocognoli,-,Belgium,1
Nick Powell,-,England,1
Harrison Reed,-,England,1
Patrick Roberts,-,England,1
Tyler Roberts,-,Wales,1
Thomas Robson,-,England,1
Jordan Rossiter,-,England,1
Steve Sidwell,-,England,1
Jamie Sterry,-,England,1
Dionatan Teixeira,-,Slovakia,1
Fikayo Tomori,-,England,1
João Teixeira,-,Portugal,1
Michel Vorm,-,Netherlands,1
James Weir,-,England,1
Jonathan Williams,-,Wales,1
James Wilson,Manchester United,England,1