x,,
1,1,
2,2,
3,3,
4,4,
5,5,
6,6,
7,7,
8,7,
9,7,
10,10,
11,10,
12,10,
13,13,
14,13,
15,15,
16,16,
17,17,
18,18,
19,18,
20,18,
21,1,
22,2,
23,3,
24,4,
25,5,
26,6,
27,7,
28,7,
29,7,
30,10,
31,10,
32,10,
33,13,
34,13,
35,15,
36,16,
37,17,
38,18,
39,18,
40,18,
41,21,
42,21,
43,21,
44,21,
45,25,
46,25,
47,25,
48,28,
49,28,
50,30,
51,30,
52,30,
53,33,
54,34,
55,34,
56,36,
57,36,
58,36,
59,36,
60,40,
61,40,
62,40,
63,40,
64,40,
65,40,
66,40,
67,40,
68,40,
69,40,
70,50,
71,50,
72,50,
73,50,
74,50,
75,50,
76,50,
77,50,
78,50,
79,50,
80,50,
81,61,
82,61,
83,61,
84,61,
85,61,
86,61,
87,67,
88,67,
89,67,
90,67,
91,67,
92,67,
93,67,
94,67,
95,67,
96,67,
97,67,
98,67,
99,67,
100,80,
101,80,
102,80,
103,80,
104,80,
105,80,
106,80,
107,80,
108,80,
109,80,
110,80,
111,80,
112,80,
113,80,
114,80,
115,80,
116,80,
117,80,
118,98,
119,98,
120,98,
121,98,
122,98,
123,98,
124,98,
125,98,
126,98,
127,98,
128,98,
129,98,
130,98,
131,98,
132,98,
133,98,
134,98,
135,98,
136,98,
137,98,
138,118,
139,118,
140,118,
141,118,
142,118,
143,118,
144,118,
145,118,
146,118,
147,118,
148,118,
149,118,
150,118,
151,118,
152,118,
153,118,
154,118,
155,118,
156,118,
157,118,
158,118,
159,118,
160,118,
161,118,
162,118,
163,118,
164,118,
165,118,
166,146,
167,146,
168,146,
169,146,
170,146,
171,146,
172,146,
173,146,
174,146,
175,146,
176,146,
177,146,
178,146,
179,146,
180,146,
181,146,
182,146,
183,146,
184,146,
185,146,
186,146,
187,146,
188,146,
189,146,
190,146,
191,146,
192,146,
193,146,
194,146,
195,146,
196,146,
197,146,
198,146,
199,146,
200,146,
201,146,
202,146,
203,146,
204,146,
205,146,
206,146,
207,146,
208,146,
209,146,
210,146,
211,146,
212,146,
213,146,
214,146,
215,146,
216,146,
217,146,
218,146,
219,199,
220,199,
221,199,
222,199,
223,199,
224,199,
225,199,
226,199,
227,199,
228,199,
229,199,
230,199,
231,199,
232,199,
233,199,
234,199,
235,199,
236,199,
237,199,
238,199,
239,199,
240,199,
241,199,
242,199,
243,199,
244,199,
245,199,
246,199,
247,199,
248,199,
249,199,
250,199,
251,199,
252,199,
253,199,
254,199,
255,199,
256,199,
257,199,
258,199,
259,199,
260,199,
261,199,
262,199,
x,,
1,Jermain Defoe,43
2,Bafétimbi Gomis,38
3,Diego Costa,33
4,Marko Arnautovic,32
5,Harry Kane,30
6,Dieudonne Mbokani Bezua,29
7,Sergio Agüero,27
8,Odion Ighalo,27
9,Sadio Mané,27
10,Olivier Giroud,26
11,Salomón Rondón,26
12,Jamie Vardy,26
13,Shane Long,25
14,Jonathan Walters,25
15,Cameron Jerome,22
16,Papiss Demba Cissé,19
17,Troy Deeney,18
18,Christian Benteke,17
19,Yannick Bolasie,17
20,Anthony Martial,17
21,Jermain Defoe,43
22,Bafétimbi Gomis,38
23,Diego Costa,33
24,Marko Arnautovic,32
25,Harry Kane,30
26,Dieudonne Mbokani Bezua,29
27,Sergio Agüero,27
28,Odion Ighalo,27
29,Sadio Mané,27
30,Olivier Giroud,26
31,Salomón Rondón,26
32,Jamie Vardy,26
33,Shane Long,25
34,Jonathan Walters,25
35,Cameron Jerome,22
36,Papiss Demba Cissé,19
37,Troy Deeney,18
38,Christian Benteke,17
39,Yannick Bolasie,17
40,Anthony Martial,17
41,Joshua King,16
42,Romelu Lukaku,16
43,Aleksandar Mitrovic,16
44,Graziano Pellè,16
45,Roberto Firmino,15
46,Mesut Özil,15
47,Wayne Rooney,15
48,Adam Lallana,14
49,Erik Lamela,14
50,Glenn Murray,13
51,Alexis Sánchez,13
52,Theo Walcott,13
53,Diafra Sakho,12
54,Emmanuel Adebayor,11
55,Michail Antonio,11
56,Jordan Ayew,10
57,Saido Berahino,10
58,Eden Hazard,10
59,Divock Origi,10
60,Benik Afobe,9
61,André Ayew,9
62,Peter Crouch,9
63,Juan Mata,9
64,Steven Naismith,9
65,Scott Sinclair,9
66,Son Heung-Min,9
67,Dusan Tadic,9
68,Enner Valencia,9
69,Duncan Watmore,9
70,Séamus Coleman,8
71,Kevin De Bruyne,8
72,Memphis Depay,8
73,Mame Biram Diouf,8
74,Steven Fletcher,8
75,Craig Gardner,8
76,Joselu,8
77,Shinji Okazaki,8
78,Bakary Sako,8
79,Xherdan Shaqiri,8
80,Wilfried Zaha,8
81,Wilfried Bony,7
82,Andy Carroll,7
83,Emmanuel Emenike,7
84,Kevin Mirallas,7
85,Wayne Routledge,7
86,Daniel Sturridge,7
87,Dele Alli,6
88,Fraizer Campbell,6
89,Rudy Gestede,6
90,Lewis Grabban,6
91,Nikica Jelavic,6
92,Manuel Lanzini,6
93,James McClean,6
94,Alberto Moreno,6
95,Victor Moses,6
96,Mark Noble,6
97,Alberto Paloschi,6
98,Nathan Redmond,6
99,Leonardo Ulloa,6
100,Ross Barkley,5
101,Emre Can,5
102,Philippe Coutinho,5
103,Scott Dann,5
104,Steven Davis,5
105,Wes Hoolahan,5
106,Daryl Janmaat,5
107,Libor Kozák,5
108,Jesse Lingard,5
109,Dame N'Doye,5
110,Ayoze Pérez,5
111,Jason Puncheon,5
112,Aaron Ramsey,5
113,Loïc Rémy,5
114,Pedro,5
115,Raheem Sterling,5
116,Bertrand Traoré,5
117,Georginio Wijnaldum,5
118,Victor Anichebe,4
119,Leighton Baines,4
120,Robbie Brady,4
121,Nacer Chadli,4
122,Marouane Chamakh,4
123,Matteo Darmian,4
124,Cesc Fàbregas,4
125,Marouane Fellaini,4
126,Glen Johnson,4
127,Wahbi Khazri,4
128,Arouna Koné,4
129,Jeremain Lens,4
130,Riyad Mahrez,4
131,Jefferson Montero,4
132,Jesús Navas,4
133,Marcus Rashford,4
134,Matt Ritchie,4
135,Gylfi Sigurdsson,4
136,Patrick van Aanholt,4
137,Callum Wilson,4
138,Tammy Abraham,3
139,Gabriel Agbonlahor,3
140,Marc Albrighton,3
141,Patrick Bamford,3
142,Modou Barrow,3
143,Sebastien Bassong,3
144,Willian,3
145,Joel Campbell,3
146,Craig Dawson,3
147,Ivo Pinto,3
148,Max-Alain Gradel,3
149,Jordan Henderson,3
150,Jonny Howson,3
151,Robert Huth,3
152,Alan Hutton,3
153,Kelechi Iheanacho,3
154,Billy Jones,3
155,Aleksandar Kolarov,3
156,Bojan,3
157,Modibo Maiga,3
158,Jordon Mutch,3
159,Gabriel Obertan,3
160,Dimitri Payet,3
161,Jay Rodriguez,3
162,Ryan Shawcross,3
163,Moussa Sissoko,3
164,Junior Stanislas,3
165,Kyle Walker,3
166,Ibrahim Afellay,2
167,Cédric Soares,2
168,Nordin Amrabat,2
169,Charlie Austin,2
170,Abdul Rahman Baba,2
171,Leandro Bacuna,2
172,Fabio Borini,2
173,Sam Byram,2
174,Etienne Capoue,2
175,Santi Cazorla,2
176,Steve Cook,2
177,Jack Cork,2
178,Alexandre Pato,2
179,Charlie Daniels,2
180,Mousa Dembélé,2
181,Gerard Deulofeu,2
182,Oscar,2
183,Radamel Falcao,2
184,Federico Fernández,2
185,Simon Francis,2
186,Ramiro Funes Mori,2
187,Dwight Gayle,2
188,Kieran Gibbs,2
189,Carles Gil,2
190,Brede Hangeland,2
191,Danny Ings,2
192,Matthew Jarvis,2
193,Mile Jedinak,2
194,Cheikhou Kouyaté,2
195,Rickie Lambert,2
196,Cuco Martina,2
197,Nemanja Matic,2
198,Gareth McAuley,2
199,James Milner,2
200,Nacho Monreal,2
201,Clinton N'Jie,2
202,Kenedy,2
203,Jonas Olsson,2
204,Alex Oxlade-Chamberlain,2
205,Angel Rangel,2
206,Jack Rodwell,2
207,Stéphane Sessegnon,2
208,Adam Smith,2
209,John Terry,2
210,Florian Thauvin,2
211,Yaya Touré,2
212,Antonio Valencia,2
213,Virgil van Dijk,2
214,Connor Wickham,2
215,Ashley Williams,2
216,Ashley Young,2
217,Pablo Zabaleta,2
218,Kurt Zouma,2
219,Almen Abdi,1
220,Toby Alderweireld,1
221,Ikechi Anya,1
222,César Azpilicueta,1
223,Gareth Barry,1
224,Héctor Bellerín,1
225,Ryan Bennett,1
226,Chris Brunt,1
227,Gary Cahill,1
228,Tom Cleverley,1
229,Nathaniel Clyne,1
230,James Collins,1
231,Aaron Cresswell,1
232,José Fonte,1
233,Sylvain Distin,1
234,Graham Dorrans,1
235,Tommy Elphick,1
236,Cristian Gamboa,1
237,Dan Gosling,1
238,Danny Graham,1
239,Idrissa Gueye,1
240,Ander Herrera,1
241,Jordon Ibe,1
242,Branislav Ivanovic,1
243,Juanmi,1
244,Adam Johnson,1
245,Bradley Johnson,1
246,José Manuel Jurado,1
247,Younes Kaboul,1
248,Yann Kermorgant,1
249,Ki Sung-yueng,1
250,Lamine Koné,1
251,Laurent Koscielny,1
252,Lucas Leiva,1
253,Jonathan Leko,1
254,Aaron Lennon,1
255,Ruben Loftus-Cheek,1
256,Éder,1
257,Kevin Mbabu,1
258,James McArthur,1
259,Per Mertesacker,1
260,Matt Miazga,1
261,James Ward-Prowse,1
262,James Wilson,1
x,,
1,-,
2,-,
3,-,
4,-,
5,Tottenham Hotspur,
6,Norwich City,
7,Manchester City,
8,-,
9,-,
10,-,
11,-,
12,Leicester City,
13,-,
14,-,
15,-,
16,Newcastle United,
17,Watford,
18,-,
19,-,
20,Manchester United,
21,-,
22,-,
23,-,
24,-,
25,Tottenham Hotspur,
26,Norwich City,
27,Manchester City,
28,-,
29,-,
30,-,
31,-,
32,Leicester City,
33,-,
34,-,
35,-,
36,Newcastle United,
37,Watford,
38,-,
39,-,
40,Manchester United,
41,AFC Bournemouth,
42,-,
43,-,
44,-,
45,Liverpool,
46,Arsenal,
47,-,
48,-,
49,Tottenham Hotspur,
50,-,
51,-,
52,-,
53,-,
54,-,
55,-,
56,-,
57,-,
58,-,
59,Liverpool,
60,-,
61,Swansea City,
62,-,
63,Manchester United,
64,-,
65,-,
66,Tottenham Hotspur,
67,-,
68,-,
69,Sunderland,
70,-,
71,Manchester City,
72,-,
73,Stoke City,
74,-,
75,-,
76,-,
77,-,
78,-,
79,-,
80,Crystal Palace,
81,-,
82,-,
83,-,
84,-,
85,Swansea City,
86,-,
87,Tottenham Hotspur,
88,-,
89,-,
90,-,
91,-,
92,-,
93,-,
94,-,
95,West Ham United,
96,West Ham United,
97,-,
98,-,
99,-,
100,-,
101,-,
102,-,
103,-,
104,-,
105,-,
106,-,
107,Aston Villa,
108,Manchester United,
109,-,
110,-,
111,-,
112,-,
113,-,
114,Chelsea,
115,Manchester City,
116,-,
117,-,
118,-,
119,Everton,
120,-,
121,-,
122,-,
123,-,
124,-,
125,-,
126,Stoke City,
127,-,
128,Everton,
129,-,
130,-,
131,-,
132,-,
133,Manchester United,
134,-,
135,-,
136,-,
137,AFC Bournemouth,
138,-,
139,Aston Villa,
140,Leicester City,
141,-,
142,-,
143,-,
144,Chelsea,
145,-,
146,-,
147,-,
148,-,
149,Liverpool,
150,-,
151,-,
152,-,
153,-,
154,-,
155,-,
156,Stoke City,
157,-,
158,-,
159,-,
160,-,
161,-,
162,Stoke City,
163,-,
164,AFC Bournemouth,
165,-,
166,-,
167,-,
168,-,
169,-,
170,-,
171,-,
172,-,
173,-,
174,Watford,
175,-,
176,AFC Bournemouth,
177,-,
178,-,
179,AFC Bournemouth,
180,-,
181,-,
182,-,
183,-,
184,-,
185,AFC Bournemouth,
186,-,
187,-,
188,-,
189,-,
190,Crystal Palace,
191,-,
192,Norwich City,
193,-,
194,-,
195,-,
196,-,
197,-,
198,-,
199,Liverpool,
200,-,
201,-,
202,-,
203,-,
204,-,
205,-,
206,-,
207,West Bromwich Albion,
208,AFC Bournemouth,
209,-,
210,-,
211,-,
212,-,
213,-,
214,Crystal Palace,
215,-,
216,Manchester United,
217,-,
218,-,
219,-,
220,Tottenham Hotspur,
221,-,
222,Chelsea,
223,-,
224,Arsenal,
225,-,
226,West Bromwich Albion,
227,-,
228,-,
229,-,
230,-,
231,West Ham United,
232,-,
233,AFC Bournemouth,
234,-,
235,-,
236,-,
237,AFC Bournemouth,
238,-,
239,-,
240,-,
241,-,
242,-,
243,-,
244,-,
245,-,
246,-,
247,-,
248,-,
249,-,
250,Sunderland,
251,-,
252,-,
253,-,
254,-,
255,Chelsea,
256,-,
257,-,
258,Crystal Palace,
259,-,
260,-,
261,Southampton,
262,Manchester United,
x,,
1,England,
2,France,
3,Spain,
4,Austria,
5,England,
6,The Democratic Republic Of Congo,
7,Argentina,
8,Nigeria,
9,Senegal,
10,France,
11,Venezuela,
12,England,
13,Ireland,
14,Ireland,
15,England,
16,Senegal,
17,England,
18,Belgium,
19,The Democratic Republic Of Congo,
20,France,
21,England,
22,France,
23,Spain,
24,Austria,
25,England,
26,The Democratic Republic Of Congo,
27,Argentina,
28,Nigeria,
29,Senegal,
30,France,
31,Venezuela,
32,England,
33,Ireland,
34,Ireland,
35,England,
36,Senegal,
37,England,
38,Belgium,
39,The Democratic Republic Of Congo,
40,France,
41,Norway,
42,Belgium,
43,Serbia,
44,Italy,
45,Brazil,
46,Germany,
47,England,
48,England,
49,Argentina,
50,England,
51,Chile,
52,England,
53,Senegal,
54,Togo,
55,England,
56,Ghana,
57,Burundi,
58,Belgium,
59,Belgium,
60,The Democratic Republic Of Congo,
61,Ghana,
62,England,
63,Spain,
64,Scotland,
65,England,
66,South Korea,
67,Serbia,
68,Ecuador,
69,England,
70,Ireland,
71,Belgium,
72,Netherlands,
73,Senegal,
74,Scotland,
75,England,
76,Spain,
77,Japan,
78,Mali,
79,Switzerland,
80,Cote D'Ivoire,
81,Cote D'Ivoire,
82,England,
83,Nigeria,
84,Belgium,
85,England,
86,England,
87,England,
88,England,
89,Benin,
90,England,
91,Croatia,
92,Argentina,
93,Ireland,
94,Spain,
95,Nigeria,
96,England,
97,Italy,
98,England,
99,Argentina,
100,England,
101,Germany,
102,Brazil,
103,England,
104,Northern Ireland,
105,Ireland,
106,Netherlands,
107,Czech Republic,
108,England,
109,Senegal,
110,Spain,
111,England,
112,Wales,
113,France,
114,Spain,
115,England,
116,Burkina Faso,
117,Netherlands,
118,Nigeria,
119,England,
120,Ireland,
121,Belgium,
122,Morocco,
123,Italy,
124,Spain,
125,Belgium,
126,England,
127,Tunisia,
128,Cote D'Ivoire,
129,Netherlands,
130,Algeria,
131,Ecuador,
132,Spain,
133,England,
134,Scotland,
135,Iceland,
136,Netherlands,
137,England,
138,England,
139,England,
140,England,
141,England,
142,Gambia,
143,Cameroon,
144,Brazil,
145,Costa Rica,
146,England,
147,Portugal,
148,Cote D'Ivoire,
149,England,
150,England,
151,Germany,
152,Scotland,
153,Nigeria,
154,England,
155,Serbia,
156,Spain,
157,Mali,
158,England,
159,France,
160,France,
161,England,
162,England,
163,France,
164,England,
165,England,
166,Netherlands,
167,Portugal,
168,Morocco,
169,England,
170,Ghana,
171,Curacao,
172,Italy,
173,England,
174,France,
175,Spain,
176,England,
177,England,
178,Brazil,
179,England,
180,Belgium,
181,Spain,
182,Brazil,
183,Colombia,
184,Argentina,
185,England,
186,Argentina,
187,England,
188,England,
189,Spain,
190,Norway,
191,England,
192,England,
193,Australia,
194,Senegal,
195,England,
196,Curacao,
197,Serbia,
198,Northern Ireland,
199,England,
200,Spain,
201,Cameroon,
202,Brazil,
203,Sweden,
204,England,
205,Spain,
206,England,
207,Benin,
208,England,
209,England,
210,France,
211,Cote D'Ivoire,
212,Ecuador,
213,Netherlands,
214,England,
215,Wales,
216,England,
217,Argentina,
218,France,
219,Switzerland,
220,Belgium,
221,Scotland,
222,Spain,
223,England,
224,Spain,
225,England,
226,Northern Ireland,
227,England,
228,England,
229,England,
230,Wales,
231,England,
232,Portugal,
233,France,
234,Scotland,
235,England,
236,Costa Rica,
237,England,
238,England,
239,Senegal,
240,Spain,
241,England,
242,Serbia,
243,Spain,
244,England,
245,England,
246,Spain,
247,France,
248,France,
249,South Korea,
250,Cote D'Ivoire,
251,France,
252,Brazil,
253,England,
254,England,
255,England,
256,Portugal,
257,Switzerland,
258,Scotland,
259,Germany,
260,United States,
261,England,
262,England,
x,,
1,,
2,,
3,,
4,,
5,,
6,,
7,,
8,,
9,,
10,,
11,,
12,,
13,,
14,,
15,,
16,,
17,,
18,,
19,,
20,,
21,,
22,,
23,,
24,,
25,,
26,,
27,,
28,,
29,,
30,,
31,,
32,,
33,,
34,,
35,,
36,,
37,,
38,,
39,,
40,,
41,,
42,,
43,,
44,,
45,,
46,,
47,,
48,,
49,,
50,,
51,,
52,,
53,,
54,,
55,,
56,,
57,,
58,,
59,,
60,,
61,,
62,,
63,,
64,,
65,,
66,,
67,,
68,,
69,,
70,,
71,,
72,,
73,,
74,,
75,,
76,,
77,,
78,,
79,,
80,,
81,,
82,,
83,,
84,,
85,,
86,,
87,,
88,,
89,,
90,,
91,,
92,,
93,,
94,,
95,,
96,,
97,,
98,,
99,,
100,,
101,,
102,,
103,,
104,,
105,,
106,,
107,,
108,,
109,,
110,,
111,,
112,,
113,,
114,,
115,,
116,,
117,,
118,,
119,,
120,,
121,,
122,,
123,,
124,,
125,,
126,,
127,,
128,,
129,,
130,,
131,,
132,,
133,,
134,,
135,,
136,,
137,,
138,,
139,,
140,,
141,,
142,,
143,,
144,,
145,,
146,,
147,,
148,,
149,,
150,,
151,,
152,,
153,,
154,,
155,,
156,,
157,,
158,,
159,,
160,,
161,,
162,,
163,,
164,,
165,,
166,,
167,,
168,,
169,,
170,,
171,,
172,,
173,,
174,,
175,,
176,,
177,,
178,,
179,,
180,,
181,,
182,,
183,,
184,,
185,,
186,,
187,,
188,,
189,,
190,,
191,,
192,,
193,,
194,,
195,,
196,,
197,,
198,,
199,,
200,,
201,,
202,,
203,,
204,,
205,,
206,,
207,,
208,,
209,,
210,,
211,,
212,,
213,,
214,,
215,,
216,,
217,,
218,,
219,,
220,,
221,,
222,,
223,,
224,,
225,,
226,,
227,,
228,,
229,,
230,,
231,,
232,,
233,,
234,,
235,,
236,,
237,,
238,,
239,,
240,,
241,,
242,,
243,,
244,,
245,,
246,,
247,,
248,,
249,,
250,,
251,,
252,,
253,,
254,,
255,,
256,,
257,,
258,,
259,,
260,,
261,,
262,,