x,,
1,1,
2,2,
3,2,
4,4,
5,5,
6,6,
7,7,
8,7,
9,7,
10,10,
11,10,
12,12,
13,13,
14,13,
15,13,
16,16,
17,16,
18,16,
19,19,
20,19,
21,1,
22,2,
23,2,
24,4,
25,5,
26,6,
27,7,
28,7,
29,7,
30,10,
31,10,
32,12,
33,13,
34,13,
35,13,
36,16,
37,16,
38,16,
39,19,
40,19,
41,19,
42,19,
43,19,
44,19,
45,19,
46,19,
47,27,
48,27,
49,27,
50,27,
51,27,
52,27,
53,27,
54,27,
55,27,
56,27,
57,37,
58,37,
59,37,
60,37,
61,37,
62,37,
63,37,
64,37,
65,37,
66,37,
67,37,
68,37,
69,49,
70,49,
71,49,
72,49,
73,49,
74,49,
75,49,
76,49,
77,49,
78,49,
79,49,
80,49,
81,49,
82,49,
83,49,
84,49,
85,49,
86,49,
87,67,
88,67,
89,67,
90,67,
91,67,
92,67,
93,67,
94,67,
95,67,
96,67,
97,67,
98,67,
99,67,
100,67,
101,67,
102,67,
103,67,
104,67,
105,67,
106,67,
107,67,
108,67,
109,67,
110,67,
111,67,
112,67,
113,67,
114,67,
115,67,
116,67,
117,67,
118,67,
119,67,
120,67,
121,67,
122,102,
123,102,
124,102,
125,102,
126,102,
127,102,
128,102,
129,102,
130,102,
131,102,
132,102,
133,102,
134,102,
135,102,
136,102,
137,102,
138,102,
139,102,
140,102,
141,102,
142,102,
143,102,
144,102,
145,102,
146,102,
147,102,
148,102,
149,102,
150,102,
151,102,
152,102,
153,102,
154,102,
155,102,
156,102,
157,102,
158,138,
159,138,
160,138,
161,102,
162,102,
163,102,
164,102,
165,102,
166,102,
167,102,
168,102,
169,102,
170,102,
171,102,
172,102,
173,102,
174,102,
175,102,
176,102,
177,102,
178,138,
179,138,
180,138,
181,138,
182,138,
183,138,
184,138,
185,138,
186,138,
187,138,
188,138,
189,138,
190,138,
191,138,
192,138,
193,138,
194,138,
195,138,
196,138,
197,138,
198,138,
199,138,
200,138,
201,138,
202,138,
203,138,
204,138,
205,138,
206,138,
207,138,
208,138,
209,138,
210,138,
211,138,
212,138,
213,138,
214,138,
215,138,
216,138,
217,138,
218,138,
219,138,
220,138,
221,138,
222,138,
223,138,
224,138,
225,138,
226,138,
227,138,
228,138,
229,138,
230,138,
231,138,
232,138,
233,138,
234,138,
235,138,
236,138,
237,138,
238,138,
239,138,
240,138,
x,,
1,Jamie Vardy,22
2,Harry Kane,18
3,Romelu Lukaku,18
4,Odion Ighalo,17
5,Sergio Agüero,16
6,Olivier Giroud,13
7,Cameron Jerome,12
8,Shane Long,12
9,Sadio Mané,12
10,Alexis Sánchez,11
11,Theo Walcott,11
12,Marko Arnautovic,10
13,Christian Benteke,9
14,Diego Costa,9
15,Aaron Ramsey,9
16,Aleksandar Mitrovic,8
17,Mesut Özil,8
18,Diafra Sakho,8
19,André Ayew,7
20,Ross Barkley,7
21,Jamie Vardy,22
22,Harry Kane,18
23,Romelu Lukaku,18
24,Odion Ighalo,17
25,Sergio Agüero,16
26,Olivier Giroud,13
27,Cameron Jerome,12
28,Shane Long,12
29,Sadio Mané,12
30,Alexis Sánchez,11
31,Theo Walcott,11
32,Marko Arnautovic,10
33,Christian Benteke,9
34,Diego Costa,9
35,Aaron Ramsey,9
36,Aleksandar Mitrovic,8
37,Mesut Özil,8
38,Diafra Sakho,8
39,André Ayew,7
40,Ross Barkley,7
41,Saido Berahino,7
42,Jermain Defoe,7
43,Mame Biram Diouf,7
44,Shinji Okazaki,7
45,Salomón Rondón,7
46,Georginio Wijnaldum,7
47,Dele Alli,6
48,Michail Antonio,6
49,Roberto Firmino,6
50,Craig Dawson,6
51,Rudy Gestede,6
52,Bafétimbi Gomis,6
53,Arouna Koné,6
54,Joselu,6
55,Dieudonne Mbokani Bezua,6
56,Raheem Sterling,6
57,Etienne Capoue,5
58,Andy Carroll,5
59,Memphis Depay,5
60,Marouane Fellaini,5
61,Dwight Gayle,5
62,Erik Lamela,5
63,Riyad Mahrez,5
64,Ryan Mason,5
65,Wes Morgan,5
66,Daniel Sturridge,5
67,Yaya Touré,5
68,Leonardo Ulloa,5
69,Benik Afobe,4
70,Yannick Bolasie,4
71,Wilfried Bony,4
72,Oscar,4
73,Dan Gosling,4
74,Robert Huth,4
75,Manuel Lanzini,4
76,Glenn Murray,4
77,Jesús Navas,4
78,Graziano Pellè,4
79,Jason Puncheon,4
80,Fernando,4
81,Pedro,4
82,Gylfi Sigurdsson,4
83,Dusan Tadic,4
84,Enner Valencia,4
85,Jonathan Walters,4
86,Connor Wickham,4
87,Fabio Borini,3
88,Yohan Cabaye,3
89,Nacer Chadli,3
90,Séamus Coleman,3
91,Philippe Coutinho,3
92,Kevin De Bruyne,3
93,Troy Deeney,3
94,Daniel Drinkwater,3
95,Ramiro Funes Mori,3
96,Craig Gardner,3
97,Branislav Ivanovic,3
98,Billy Jones,3
99,Andy King,3
100,Cheikhou Kouyaté,3
101,Adam Lallana,3
102,Jesse Lingard,3
103,Anthony Martial,3
104,Nemanja Matic,3
105,Kevin Mirallas,3
106,Victor Moses,3
107,Samir Nasri,3
108,Divock Origi,3
109,Alberto Paloschi,3
110,Ayoze Pérez,3
111,Marcus Rashford,3
112,Nathan Redmond,3
113,Jack Rodwell,3
114,Wayne Rooney,3
115,Bakary Sako,3
116,Xherdan Shaqiri,3
117,Moussa Sissoko,3
118,Son Heung-Min,3
119,Patrick van Aanholt,3
120,Danny Welbeck,3
121,Wilfried Zaha,3
122,Emmanuel Adebayor,2
123,Marc Albrighton,2
124,Willian,2
125,Fraizer Campbell,2
126,Joel Campbell,2
127,José Fonte,2
128,Alexandre Pato,2
129,Charlie Daniels,2
130,Mohamed Elneny,2
131,Emmanuel Emenike,2
132,Christian Eriksen,2
133,Federico Fernández,2
134,Mathieu Flamini,2
135,Darren Fletcher,2
136,Lewis Grabban,2
137,Max-Alain Gradel,2
138,Wes Hoolahan,2
139,Phil Jagielka,2
140,Joshua King,2
141,Aleksandar Kolarov,2
142,Lamine Koné,2
143,Joleon Lescott,2
144,Per Mertesacker,2
145,Jefferson Montero,2
146,Steven Naismith,2
147,Marc Pugh,2
148,Micah Richards,2
149,Matt Ritchie,2
150,Jay Rodriguez,2
151,Danny Rose,2
152,Wayne Routledge,2
153,Scott Sinclair,2
154,Chris Smalling,2
155,Junior Stanislas,2
156,Virgil van Dijk,2
157,Duncan Watmore,2
158,Almen Abdi,1
159,Ibrahim Afellay,1
160,Gabriel Agbonlahor,1
161,Aleksandar Kolarov,2
162,Lamine Koné,2
163,Joleon Lescott,2
164,Per Mertesacker,2
165,Jefferson Montero,2
166,Steven Naismith,2
167,Marc Pugh,2
168,Micah Richards,2
169,Matt Ritchie,2
170,Jay Rodriguez,2
171,Danny Rose,2
172,Wayne Routledge,2
173,Scott Sinclair,2
174,Chris Smalling,2
175,Junior Stanislas,2
176,Virgil van Dijk,2
177,Duncan Watmore,2
178,Almen Abdi,1
179,Ibrahim Afellay,1
180,Gabriel Agbonlahor,1
181,Papiss Demba Cissé,1
182,Ciaran Clark,1
183,Tom Cleverley,1
184,Fabricio Coloccini,1
185,Jack Cork,1
186,Siem de Jong,1
187,Damien Delaney,1
188,Mousa Dembélé,1
189,Gerard Deulofeu,1
190,Eric Dier,1
191,Cesc Fàbregas,1
192,Steven Fletcher,1
193,Yoan Gouffran,1
194,Danny Graham,1
195,Demarai Gray,1
196,Brede Hangeland,1
197,Eden Hazard,1
198,Chicharito,1
199,Ander Herrera,1
200,Alan Hutton,1
201,Nathan Aké,1
202,Toby Alderweireld,1
203,Joe Allen,1
204,Daniel Amartey,1
205,Jordi Amat,1
206,Nordin Amrabat,1
207,Victor Anichebe,1
208,Ikechi Anya,1
209,Mikel Arteta,1
210,Charlie Austin,1
211,Jordan Ayew,1
212,Leandro Bacuna,1
213,Patrick Bamford,1
214,Gareth Barry,1
215,Sebastien Bassong,1
216,Steven Berghuis,1
217,Ryan Bertrand,1
218,Lee Cattermole,1
219,Santi Cazorla,1
220,Marouane Chamakh,1
221,James McArthur,1
222,James Milner,1
223,Nacho Monreal,1
224,Alberto Moreno,1
225,James Morrison,1
226,Oumar Niasse,1
227,Eunan O'Kane,1
228,Gary O'Neil,1
229,Jonas Olsson,1
230,Bryan Oviedo,1
231,Alex Oxlade-Chamberlain,1
232,Dimitri Payet,1
233,Sebastian Prödl,1
234,Angel Rangel,1
235,Winston Reid,1
236,Loïc Rémy,1
237,Kieran Richardson,1
238,Oriol Romeu,1
239,Mamadou Sakho,1
240,Ramires,1
x,,
1,Leicester City,
2,Tottenham Hotspur,
3,-,
4,-,
5,Manchester City,
6,-,
7,-,
8,-,
9,-,
10,-,
11,-,
12,-,
13,-,
14,-,
15,-,
16,-,
17,Arsenal,
18,-,
19,Swansea City,
20,-,
21,Leicester City,
22,Tottenham Hotspur,
23,-,
24,-,
25,Manchester City,
26,-,
27,-,
28,-,
29,-,
30,-,
31,-,
32,-,
33,-,
34,-,
35,-,
36,-,
37,Arsenal,
38,-,
39,Swansea City,
40,-,
41,-,
42,-,
43,Stoke City,
44,-,
45,-,
46,-,
47,Tottenham Hotspur,
48,-,
49,Liverpool,
50,-,
51,-,
52,-,
53,Everton,
54,-,
55,Norwich City,
56,Manchester City,
57,Watford,
58,-,
59,-,
60,-,
61,-,
62,Tottenham Hotspur,
63,-,
64,-,
65,Leicester City,
66,-,
67,-,
68,-,
69,-,
70,-,
71,-,
72,-,
73,AFC Bournemouth,
74,-,
75,-,
76,-,
77,-,
78,-,
79,-,
80,-,
81,Chelsea,
82,-,
83,-,
84,-,
85,-,
86,Crystal Palace,
87,-,
88,-,
89,-,
90,-,
91,-,
92,Manchester City,
93,Watford,
94,-,
95,-,
96,-,
97,-,
98,-,
99,-,
100,-,
101,-,
102,Manchester United,
103,Manchester United,
104,-,
105,-,
106,West Ham United,
107,-,
108,Liverpool,
109,-,
110,-,
111,Manchester United,
112,-,
113,-,
114,-,
115,-,
116,-,
117,-,
118,Tottenham Hotspur,
119,-,
120,-,
121,Crystal Palace,
122,-,
123,Leicester City,
124,Chelsea,
125,-,
126,-,
127,-,
128,-,
129,AFC Bournemouth,
130,-,
131,-,
132,Tottenham Hotspur,
133,-,
134,-,
135,-,
136,-,
137,-,
138,-,
139,-,
140,AFC Bournemouth,
141,-,
142,Sunderland,
143,-,
144,-,
145,-,
146,-,
147,-,
148,-,
149,-,
150,-,
151,Tottenham Hotspur,
152,Swansea City,
153,-,
154,-,
155,AFC Bournemouth,
156,-,
157,Sunderland,
158,-,
159,-,
160,Aston Villa,
161,-,
162,Sunderland,
163,-,
164,-,
165,-,
166,-,
167,-,
168,-,
169,-,
170,-,
171,Tottenham Hotspur,
172,Swansea City,
173,-,
174,-,
175,AFC Bournemouth,
176,-,
177,Sunderland,
178,-,
179,-,
180,Aston Villa,
181,Newcastle United,
182,-,
183,-,
184,-,
185,-,
186,-,
187,-,
188,-,
189,-,
190,Tottenham Hotspur,
191,-,
192,-,
193,Newcastle United,
194,-,
195,-,
196,Crystal Palace,
197,-,
198,-,
199,-,
200,-,
201,-,
202,Tottenham Hotspur,
203,-,
204,-,
205,-,
206,-,
207,-,
208,-,
209,Arsenal,
210,-,
211,-,
212,-,
213,-,
214,-,
215,-,
216,-,
217,-,
218,Sunderland,
219,-,
220,-,
221,Crystal Palace,
222,Liverpool,
223,-,
224,-,
225,West Bromwich Albion,
226,-,
227,-,
228,-,
229,-,
230,-,
231,-,
232,-,
233,Watford,
234,-,
235,West Ham United,
236,-,
237,-,
238,-,
239,-,
240,-,
x,,
1,England,
2,England,
3,Belgium,
4,Nigeria,
5,Argentina,
6,France,
7,England,
8,Ireland,
9,Senegal,
10,Chile,
11,England,
12,Austria,
13,Belgium,
14,Spain,
15,Wales,
16,Serbia,
17,Germany,
18,Senegal,
19,Ghana,
20,England,
21,England,
22,England,
23,Belgium,
24,Nigeria,
25,Argentina,
26,France,
27,England,
28,Ireland,
29,Senegal,
30,Chile,
31,England,
32,Austria,
33,Belgium,
34,Spain,
35,Wales,
36,Serbia,
37,Germany,
38,Senegal,
39,Ghana,
40,England,
41,Burundi,
42,England,
43,Senegal,
44,Japan,
45,Venezuela,
46,Netherlands,
47,England,
48,England,
49,Brazil,
50,England,
51,Benin,
52,France,
53,Cote D'Ivoire,
54,Spain,
55,The Democratic Republic Of Congo,
56,England,
57,France,
58,England,
59,Netherlands,
60,Belgium,
61,England,
62,Argentina,
63,Algeria,
64,England,
65,Jamaica,
66,England,
67,Cote D'Ivoire,
68,Argentina,
69,The Democratic Republic Of Congo,
70,The Democratic Republic Of Congo,
71,Cote D'Ivoire,
72,Brazil,
73,England,
74,Germany,
75,Argentina,
76,England,
77,Spain,
78,Italy,
79,England,
80,Brazil,
81,Spain,
82,Iceland,
83,Serbia,
84,Ecuador,
85,Ireland,
86,England,
87,Italy,
88,France,
89,Belgium,
90,Ireland,
91,Brazil,
92,Belgium,
93,England,
94,England,
95,Argentina,
96,England,
97,Serbia,
98,England,
99,Wales,
100,Senegal,
101,England,
102,England,
103,France,
104,Serbia,
105,Belgium,
106,Nigeria,
107,France,
108,Belgium,
109,Italy,
110,Spain,
111,England,
112,England,
113,England,
114,England,
115,Mali,
116,Switzerland,
117,France,
118,South Korea,
119,Netherlands,
120,England,
121,Cote D'Ivoire,
122,Togo,
123,England,
124,Brazil,
125,England,
126,Costa Rica,
127,Portugal,
128,Brazil,
129,England,
130,Egypt,
131,Nigeria,
132,Denmark,
133,Argentina,
134,France,
135,Scotland,
136,England,
137,Cote D'Ivoire,
138,Ireland,
139,England,
140,Norway,
141,Serbia,
142,Cote D'Ivoire,
143,England,
144,Germany,
145,Ecuador,
146,Scotland,
147,England,
148,England,
149,Scotland,
150,England,
151,England,
152,England,
153,England,
154,England,
155,England,
156,Netherlands,
157,England,
158,Switzerland,
159,Netherlands,
160,England,
161,Serbia,
162,Cote D'Ivoire,
163,England,
164,Germany,
165,Ecuador,
166,Scotland,
167,England,
168,England,
169,Scotland,
170,England,
171,England,
172,England,
173,England,
174,England,
175,England,
176,Netherlands,
177,England,
178,Switzerland,
179,Netherlands,
180,England,
181,Senegal,
182,Ireland,
183,England,
184,Argentina,
185,England,
186,Netherlands,
187,Ireland,
188,Belgium,
189,Spain,
190,England,
191,Spain,
192,Scotland,
193,France,
194,England,
195,England,
196,Norway,
197,Belgium,
198,Mexico,
199,Spain,
200,Scotland,
201,Netherlands,
202,Belgium,
203,Wales,
204,Ghana,
205,Spain,
206,Morocco,
207,Nigeria,
208,Scotland,
209,Spain,
210,England,
211,Ghana,
212,Curacao,
213,England,
214,England,
215,Cameroon,
216,Netherlands,
217,England,
218,England,
219,Spain,
220,Morocco,
221,Scotland,
222,England,
223,Spain,
224,Spain,
225,Scotland,
226,Senegal,
227,Ireland,
228,England,
229,Sweden,
230,Costa Rica,
231,England,
232,France,
233,Austria,
234,Spain,
235,New Zealand,
236,France,
237,England,
238,Spain,
239,France,
240,Brazil,
x,,
1,,
2,,
3,,
4,,
5,,
6,,
7,,
8,,
9,,
10,,
11,,
12,,
13,,
14,,
15,,
16,,
17,,
18,,
19,,
20,,
21,,
22,,
23,,
24,,
25,,
26,,
27,,
28,,
29,,
30,,
31,,
32,,
33,,
34,,
35,,
36,,
37,,
38,,
39,,
40,,
41,,
42,,
43,,
44,,
45,,
46,,
47,,
48,,
49,,
50,,
51,,
52,,
53,,
54,,
55,,
56,,
57,,
58,,
59,,
60,,
61,,
62,,
63,,
64,,
65,,
66,,
67,,
68,,
69,,
70,,
71,,
72,,
73,,
74,,
75,,
76,,
77,,
78,,
79,,
80,,
81,,
82,,
83,,
84,,
85,,
86,,
87,,
88,,
89,,
90,,
91,,
92,,
93,,
94,,
95,,
96,,
97,,
98,,
99,,
100,,
101,,
102,,
103,,
104,,
105,,
106,,
107,,
108,,
109,,
110,,
111,,
112,,
113,,
114,,
115,,
116,,
117,,
118,,
119,,
120,,
121,,
122,,
123,,
124,,
125,,
126,,
127,,
128,,
129,,
130,,
131,,
132,,
133,,
134,,
135,,
136,,
137,,
138,,
139,,
140,,
141,,
142,,
143,,
144,,
145,,
146,,
147,,
148,,
149,,
150,,
151,,
152,,
153,,
154,,
155,,
156,,
157,,
158,,
159,,
160,,
161,,
162,,
163,,
164,,
165,,
166,,
167,,
168,,
169,,
170,,
171,,
172,,
173,,
174,,
175,,
176,,
177,,
178,,
179,,
180,,
181,,
182,,
183,,
184,,
185,,
186,,
187,,
188,,
189,,
190,,
191,,
192,,
193,,
194,,
195,,
196,,
197,,
198,,
199,,
200,,
201,,
202,,
203,,
204,,
205,,
206,,
207,,
208,,
209,,
210,,
211,,
212,,
213,,
214,,
215,,
216,,
217,,
218,,
219,,
220,,
221,,
222,,
223,,
224,,
225,,
226,,
227,,
228,,
229,,
230,,
231,,
232,,
233,,
234,,
235,,
236,,
237,,
238,,
239,,
240,,