x,,
1,2015/16,
x,,
1,1,
2,2,
3,2,
4,4,
5,5,
6,6,
7,7,
8,7,
9,9,
10,9,
11,11,
12,11,
13,13,
14,13,
15,13,
16,13,
17,13,
18,13,
19,19,
20,19,
21,1,
22,2,
23,2,
24,4,
25,5,
26,6,
27,7,
28,7,
29,9,
30,9,
31,11,
32,11,
33,13,
34,13,
35,13,
36,13,
37,13,
38,13,
39,19,
40,19,
41,19,
42,22,
43,22,
44,22,
45,22,
46,22,
47,27,
48,27,
49,27,
50,27,
51,27,
52,27,
53,33,
54,33,
55,33,
56,33,
57,33,
58,33,
59,33,
60,40,
61,40,
62,40,
63,40,
64,40,
65,40,
66,40,
67,40,
68,40,
69,40,
70,40,
71,51,
72,51,
73,51,
74,51,
75,51,
76,51,
77,51,
78,51,
79,51,
80,51,
81,51,
82,51,
83,51,
84,51,
85,51,
86,51,
87,51,
88,51,
89,51,
90,51,
91,51,
92,51,
93,51,
94,74,
95,74,
96,74,
97,74,
98,74,
99,74,
100,74,
101,74,
102,74,
103,74,
104,74,
105,74,
106,74,
107,74,
108,74,
109,74,
110,74,
111,74,
112,74,
113,74,
114,74,
115,74,
116,96,
117,96,
118,96,
119,96,
120,96,
121,96,
122,96,
123,96,
124,96,
125,96,
126,96,
127,96,
128,96,
129,96,
130,96,
131,96,
132,96,
133,96,
134,96,
135,96,
136,96,
137,96,
138,96,
139,96,
140,96,
141,96,
142,122,
143,122,
144,122,
145,122,
146,122,
147,122,
148,122,
149,122,
150,122,
151,122,
152,122,
153,122,
154,122,
155,122,
156,122,
157,122,
158,122,
159,122,
160,122,
161,122,
162,122,
163,122,
164,122,
165,122,
166,122,
167,122,
168,122,
169,122,
170,122,
171,122,
172,122,
173,122,
174,122,
175,122,
176,122,
177,122,
178,122,
179,122,
180,122,
181,122,
182,122,
183,122,
184,122,
185,122,
186,122,
187,122,
188,122,
189,122,
190,122,
191,122,
192,122,
193,122,
194,122,
195,122,
196,122,
197,122,
198,178,
199,178,
200,178,
201,178,
202,178,
203,178,
204,178,
205,178,
206,178,
207,178,
208,178,
209,178,
210,178,
211,178,
212,178,
213,178,
214,178,
215,178,
216,178,
217,178,
218,178,
219,178,
220,178,
221,178,
222,178,
223,178,
224,178,
225,178,
226,178,
227,178,
228,178,
229,178,
230,178,
231,178,
232,178,
233,178,
234,178,
235,178,
236,178,
237,178,
238,178,
239,178,
240,178,
241,178,
242,178,
243,178,
244,178,
245,178,
246,178,
247,178,
248,178,
249,178,
250,178,
251,178,
252,178,
253,178,
254,178,
255,178,
256,178,
257,178,
258,178,
259,178,
260,178,
261,178,
262,178,
263,178,
264,178,
265,178,
266,178,
267,178,
268,178,
269,178,
270,178,
271,178,
272,178,
273,178,
274,178,
275,178,
276,178,
277,178,
278,178,
279,178,
280,178,
x,,
1,Harry Kane,25
2,Sergio Agüero,24
3,Jamie Vardy,24
4,Romelu Lukaku,18
5,Riyad Mahrez,17
6,Olivier Giroud,16
7,Jermain Defoe,15
8,Odion Ighalo,15
9,Troy Deeney,13
10,Alexis Sánchez,13
11,André Ayew,12
12,Diego Costa,12
13,Marko Arnautovic,11
14,Sadio Mané,11
15,Anthony Martial,11
16,Graziano Pellè,11
17,Gylfi Sigurdsson,11
18,Georginio Wijnaldum,11
19,Dele Alli,10
20,Roberto Firmino,10
21,Harry Kane,25
22,Sergio Agüero,24
23,Jamie Vardy,24
24,Romelu Lukaku,18
25,Riyad Mahrez,17
26,Olivier Giroud,16
27,Jermain Defoe,15
28,Odion Ighalo,15
29,Troy Deeney,13
30,Alexis Sánchez,13
31,André Ayew,12
32,Diego Costa,12
33,Marko Arnautovic,11
34,Sadio Mané,11
35,Anthony Martial,11
36,Graziano Pellè,11
37,Gylfi Sigurdsson,11
38,Georginio Wijnaldum,11
39,Dele Alli,10
40,Roberto Firmino,10
41,Shane Long,10
42,Christian Benteke,9
43,Andy Carroll,9
44,Aleksandar Mitrovic,9
45,Dimitri Payet,9
46,Salomón Rondón,9
47,Michail Antonio,8
48,Ross Barkley,8
49,Philippe Coutinho,8
50,Kelechi Iheanacho,8
51,Wayne Rooney,8
52,Daniel Sturridge,8
53,Jordan Ayew,7
54,Kevin De Bruyne,7
55,Bojan,7
56,Dieudonne Mbokani Bezua,7
57,Mark Noble,7
58,Pedro,7
59,Dusan Tadic,7
60,Christian Eriksen,6
61,Bafétimbi Gomis,6
62,Joshua King,6
63,Manuel Lanzini,6
64,Juan Mata,6
65,Mesut Özil,6
66,Ayoze Pérez,6
67,Nathan Redmond,6
68,Raheem Sterling,6
69,Yaya Touré,6
70,Leonardo Ulloa,6
71,Yannick Bolasie,5
72,Willian,5
73,Fabio Borini,5
74,Yohan Cabaye,5
75,Scott Dann,5
76,Steven Davis,5
77,Mame Biram Diouf,5
78,Cesc Fàbregas,5
79,Rudy Gestede,5
80,Arouna Koné,5
81,Cheikhou Kouyaté,5
82,Erik Lamela,5
83,Aaron Lennon,5
84,James Milner,5
85,Shinji Okazaki,5
86,Divock Origi,5
87,Aaron Ramsey,5
88,Marcus Rashford,5
89,Diafra Sakho,5
90,Theo Walcott,5
91,Jonathan Walters,5
92,Connor Wickham,5
93,Callum Wilson,5
94,Benik Afobe,4
95,Toby Alderweireld,4
96,Saido Berahino,4
97,Wilfried Bony,4
98,Steve Cook,4
99,Craig Dawson,4
100,Steven Fletcher,4
101,Ramiro Funes Mori,4
102,Eden Hazard,4
103,Wes Hoolahan,4
104,Laurent Koscielny,4
105,Adam Lallana,4
106,Jesse Lingard,4
107,Joselu,4
108,Kevin Mirallas,4
109,Steven Naismith,4
110,Matt Ritchie,4
111,Son Heung-Min,4
112,Andros Townsend,4
113,Enner Valencia,4
114,Patrick van Aanholt,4
115,Danny Welbeck,4
116,Robbie Brady,3
117,Joel Campbell,3
118,Nacer Chadli,3
119,Papiss Demba Cissé,3
120,Charlie Daniels,3
121,Mousa Dembélé,3
122,Eric Dier,3
123,Oscar,3
124,Craig Gardner,3
125,Dwight Gayle,3
126,Dan Gosling,3
127,Ander Herrera,3
128,Jonny Howson,3
129,Robert Huth,3
130,Cameron Jerome,3
131,Aleksandar Kolarov,3
132,Jeremain Lens,3
133,Russell Martin,3
134,James Morrison,3
135,Glenn Murray,3
136,Marc Pugh,3
137,Xherdan Shaqiri,3
138,Junior Stanislas,3
139,Virgil van Dijk,3
140,Duncan Watmore,3
141,Mauro Zárate,3
142,Almen Abdi,2
143,Ibrahim Afellay,2
144,Marc Albrighton,2
145,Joe Allen,2
146,César Azpilicueta,2
147,Leighton Baines,2
148,Gary Cahill,2
149,Tom Cleverley,2
150,Aaron Cresswell,2
151,José Fonte,2
152,Damien Delaney,2
153,Fabian Delph,2
154,Memphis Depay,2
155,Gerard Deulofeu,2
156,Daniel Drinkwater,2
157,Carles Gil,2
158,Jordan Henderson,2
159,Giannelli Imbula,2
160,Danny Ings,2
161,Branislav Ivanovic,2
162,Alex Iwobi,2
163,Daryl Janmaat,2
164,Carl Jenkinson,2
165,Adam Johnson,2
166,Wahbi Khazri,2
167,Ki Sung-yueng,2
168,Andy King,2
169,Vincent Kompany,2
170,Lamine Koné,2
171,Jamaal Lascelles,2
172,Fernandinho,2
173,Nemanja Matic,2
174,James McArthur,2
175,James McCarthy,2
176,James McClean,2
177,Wes Morgan,2
178,Samir Nasri,2
179,Alberto Paloschi,2
180,Sebastian Prödl,2
181,Jason Puncheon,2
182,Fernando,2
183,Wayne Routledge,2
184,Bakary Sako,2
185,Ramires,2
186,Stéphane Sessegnon,2
187,David Silva,2
188,Scott Sinclair,2
189,Adam Smith,2
190,Alexander Tettey,2
191,Bertrand Traoré,2
192,Joel Ward,2
193,James Ward-Prowse,2
194,Ben Watson,2
195,Ashley Westwood,2
196,Ashley Williams,2
197,Wilfried Zaha,2
198,Rolando Aarons,1
199,Charlie Adam,1
200,Emmanuel Adebayor,1
201,Gabriel Agbonlahor,1
202,Nathan Aké,1
203,Vurnon Anita,1
204,Harry Arter,1
205,Charlie Austin,1
206,Leandro Bacuna,1
207,Modou Barrow,1
208,Sebastien Bassong,1
209,Héctor Bellerín,1
210,Ryan Bertrand,1
211,Daley Blind,1
212,Emre Can,1
213,Tom Carroll,1
214,Craig Cathcart,1
215,Ciaran Clark,1
216,Nathaniel Clyne,1
217,Jack Colback,1
218,Séamus Coleman,1
219,Fabricio Coloccini,1
220,Jack Cork,1
221,Alexandre Pato,1
222,Matteo Darmian,1
223,Gabriel Paulista,1
224,Ritchie de Laet,1
225,Paul Dummett,1
226,Nathan Dyer,1
227,Tommy Elphick,1
228,Jonny Evans,1
229,Radamel Falcao,1
230,Marouane Fellaini,1
231,Federico Fernández,1
232,Darren Fletcher,1
233,Kieran Gibbs,1
234,Lewis Grabban,1
235,Max-Alain Gradel,1
236,Jack Grealish,1
237,Jordon Ibe,1
238,Adnan Januzaj,1
239,Matthew Jarvis,1
240,Nikica Jelavic,1
241,Billy Jones,1
242,N'Golo Kanté,1
243,Timm Klose,1
244,Rickie Lambert,1
245,Miguel Layún,1
246,Joe Ledley,1
247,Chung-Yong Lee,1
248,Joleon Lescott,1
249,Ruben Loftus-Cheek,1
250,Yann M'Vila,1
251,Modibo Maiga,1
252,Cuco Martina,1
253,Ryan Mason,1
254,Gareth McAuley,1
255,Alberto Moreno,1
256,Victor Moses,1
257,Dame N'Doye,1
258,Kenedy,1
259,Jonas Olsson,1
260,Martin Olsson,1
261,Nicolás Otamendi,1
262,Alex Oxlade-Chamberlain,1
263,Winston Reid,1
264,Loïc Rémy,1
265,Micah Richards,1
266,Jack Rodwell,1
267,Oriol Romeu,1
268,Danny Rose,1
269,Mamadou Sakho,1
270,Jeffrey Schlupp,1
271,Morgan Schneiderlin,1
272,Bastian Schweinsteiger,1
273,Jonjo Shelvey,1
274,Moussa Sissoko,1
275,Martin Skrtel,1
276,John Terry,1
277,Kolo Touré,1
278,Kieran Trippier,1
279,Kyle Walker,1
280,Victor Wanyama,1
x,,
1,Tottenham Hotspur,
2,Manchester City,
3,Leicester City,
4,-,
5,-,
6,-,
7,-,
8,-,
9,Watford,
10,-,
11,Swansea City,
12,-,
13,-,
14,-,
15,Manchester United,
16,-,
17,-,
18,-,
19,Tottenham Hotspur,
20,Liverpool,
21,Tottenham Hotspur,
22,Manchester City,
23,Leicester City,
24,-,
25,-,
26,-,
27,-,
28,-,
29,Watford,
30,-,
31,Swansea City,
32,-,
33,-,
34,-,
35,Manchester United,
36,-,
37,-,
38,-,
39,Tottenham Hotspur,
40,Liverpool,
41,-,
42,-,
43,-,
44,-,
45,-,
46,-,
47,-,
48,-,
49,-,
50,-,
51,-,
52,-,
53,-,
54,Manchester City,
55,Stoke City,
56,Norwich City,
57,West Ham United,
58,Chelsea,
59,-,
60,Tottenham Hotspur,
61,-,
62,AFC Bournemouth,
63,-,
64,Manchester United,
65,Arsenal,
66,-,
67,-,
68,Manchester City,
69,-,
70,-,
71,-,
72,Chelsea,
73,-,
74,-,
75,-,
76,-,
77,Stoke City,
78,-,
79,-,
80,Everton,
81,-,
82,Tottenham Hotspur,
83,-,
84,Liverpool,
85,-,
86,Liverpool,
87,-,
88,Manchester United,
89,-,
90,-,
91,-,
92,Crystal Palace,
93,AFC Bournemouth,
94,-,
95,Tottenham Hotspur,
96,-,
97,-,
98,AFC Bournemouth,
99,-,
100,-,
101,-,
102,-,
103,-,
104,-,
105,-,
106,Manchester United,
107,-,
108,-,
109,-,
110,-,
111,Tottenham Hotspur,
112,-,
113,-,
114,-,
115,-,
116,-,
117,-,
118,-,
119,Newcastle United,
120,AFC Bournemouth,
121,-,
122,Tottenham Hotspur,
123,-,
124,-,
125,-,
126,AFC Bournemouth,
127,-,
128,-,
129,-,
130,-,
131,-,
132,-,
133,-,
134,West Bromwich Albion,
135,-,
136,-,
137,-,
138,AFC Bournemouth,
139,-,
140,Sunderland,
141,-,
142,-,
143,-,
144,Leicester City,
145,-,
146,Chelsea,
147,Everton,
148,-,
149,-,
150,West Ham United,
151,-,
152,-,
153,-,
154,-,
155,-,
156,-,
157,-,
158,Liverpool,
159,-,
160,-,
161,-,
162,-,
163,-,
164,-,
165,-,
166,-,
167,-,
168,-,
169,-,
170,Sunderland,
171,-,
172,Manchester City,
173,-,
174,Crystal Palace,
175,-,
176,-,
177,Leicester City,
178,-,
179,-,
180,Watford,
181,-,
182,-,
183,Swansea City,
184,-,
185,-,
186,West Bromwich Albion,
187,Manchester City,
188,-,
189,AFC Bournemouth,
190,Norwich City,
191,-,
192,Crystal Palace,
193,Southampton,
194,-,
195,-,
196,-,
197,Crystal Palace,
198,-,
199,-,
200,-,
201,Aston Villa,
202,-,
203,-,
204,-,
205,-,
206,-,
207,-,
208,-,
209,Arsenal,
210,-,
211,-,
212,-,
213,-,
214,Watford,
215,-,
216,-,
217,-,
218,-,
219,-,
220,-,
221,-,
222,-,
223,-,
224,-,
225,Newcastle United,
226,Leicester City,
227,-,
228,-,
229,-,
230,-,
231,-,
232,-,
233,-,
234,-,
235,-,
236,Aston Villa,
237,-,
238,-,
239,Norwich City,
240,-,
241,-,
242,-,
243,-,
244,-,
245,-,
246,-,
247,-,
248,-,
249,Chelsea,
250,-,
251,-,
252,-,
253,-,
254,-,
255,-,
256,West Ham United,
257,-,
258,-,
259,-,
260,-,
261,Manchester City,
262,-,
263,West Ham United,
264,-,
265,-,
266,-,
267,-,
268,Tottenham Hotspur,
269,-,
270,-,
271,-,
272,-,
273,Newcastle United,
274,-,
275,-,
276,-,
277,-,
278,-,
279,-,
280,-,
x,,
1,England,
2,Argentina,
3,England,
4,Belgium,
5,Algeria,
6,France,
7,England,
8,Nigeria,
9,England,
10,Chile,
11,Ghana,
12,Spain,
13,Austria,
14,Senegal,
15,France,
16,Italy,
17,Iceland,
18,Netherlands,
19,England,
20,Brazil,
21,England,
22,Argentina,
23,England,
24,Belgium,
25,Algeria,
26,France,
27,England,
28,Nigeria,
29,England,
30,Chile,
31,Ghana,
32,Spain,
33,Austria,
34,Senegal,
35,France,
36,Italy,
37,Iceland,
38,Netherlands,
39,England,
40,Brazil,
41,Ireland,
42,Belgium,
43,England,
44,Serbia,
45,France,
46,Venezuela,
47,England,
48,England,
49,Brazil,
50,Nigeria,
51,England,
52,England,
53,Ghana,
54,Belgium,
55,Spain,
56,The Democratic Republic Of Congo,
57,England,
58,Spain,
59,Serbia,
60,Denmark,
61,France,
62,Norway,
63,Argentina,
64,Spain,
65,Germany,
66,Spain,
67,England,
68,England,
69,Cote D'Ivoire,
70,Argentina,
71,The Democratic Republic Of Congo,
72,Brazil,
73,Italy,
74,France,
75,England,
76,Northern Ireland,
77,Senegal,
78,Spain,
79,Benin,
80,Cote D'Ivoire,
81,Senegal,
82,Argentina,
83,England,
84,England,
85,Japan,
86,Belgium,
87,Wales,
88,England,
89,Senegal,
90,England,
91,Ireland,
92,England,
93,England,
94,The Democratic Republic Of Congo,
95,Belgium,
96,Burundi,
97,Cote D'Ivoire,
98,England,
99,England,
100,Scotland,
101,Argentina,
102,Belgium,
103,Ireland,
104,France,
105,England,
106,England,
107,Spain,
108,Belgium,
109,Scotland,
110,Scotland,
111,South Korea,
112,England,
113,Ecuador,
114,Netherlands,
115,England,
116,Ireland,
117,Costa Rica,
118,Belgium,
119,Senegal,
120,England,
121,Belgium,
122,England,
123,Brazil,
124,England,
125,England,
126,England,
127,Spain,
128,England,
129,Germany,
130,England,
131,Serbia,
132,Netherlands,
133,Scotland,
134,Scotland,
135,England,
136,England,
137,Switzerland,
138,England,
139,Netherlands,
140,England,
141,Argentina,
142,Switzerland,
143,Netherlands,
144,England,
145,Wales,
146,Spain,
147,England,
148,England,
149,England,
150,England,
151,Portugal,
152,Ireland,
153,England,
154,Netherlands,
155,Spain,
156,England,
157,Spain,
158,England,
159,The Democratic Republic Of Congo,
160,England,
161,Serbia,
162,Nigeria,
163,Netherlands,
164,England,
165,England,
166,Tunisia,
167,South Korea,
168,Wales,
169,Belgium,
170,Cote D'Ivoire,
171,England,
172,Brazil,
173,Serbia,
174,Scotland,
175,Ireland,
176,Ireland,
177,Jamaica,
178,France,
179,Italy,
180,Austria,
181,England,
182,Brazil,
183,England,
184,Mali,
185,Brazil,
186,Benin,
187,Spain,
188,England,
189,England,
190,Norway,
191,Burkina Faso,
192,England,
193,England,
194,England,
195,England,
196,Wales,
197,Cote D'Ivoire,
198,England,
199,Scotland,
200,Togo,
201,England,
202,Netherlands,
203,Netherlands,
204,Ireland,
205,England,
206,Curacao,
207,Gambia,
208,Cameroon,
209,Spain,
210,England,
211,Netherlands,
212,Germany,
213,England,
214,Northern Ireland,
215,Ireland,
216,England,
217,England,
218,Ireland,
219,Argentina,
220,England,
221,Brazil,
222,Italy,
223,Brazil,
224,Belgium,
225,Wales,
226,England,
227,England,
228,Northern Ireland,
229,Colombia,
230,Belgium,
231,Argentina,
232,Scotland,
233,England,
234,England,
235,Cote D'Ivoire,
236,England,
237,England,
238,Belgium,
239,England,
240,Croatia,
241,England,
242,France,
243,Switzerland,
244,England,
245,Mexico,
246,Wales,
247,South Korea,
248,England,
249,England,
250,France,
251,Mali,
252,Curacao,
253,England,
254,Northern Ireland,
255,Spain,
256,Nigeria,
257,Senegal,
258,Brazil,
259,Sweden,
260,Sweden,
261,Argentina,
262,England,
263,New Zealand,
264,France,
265,England,
266,England,
267,Spain,
268,England,
269,France,
270,Ghana,
271,France,
272,Germany,
273,England,
274,France,
275,Slovakia,
276,England,
277,Cote D'Ivoire,
278,England,
279,England,
280,Kenya,
x,,
1,,
2,,
3,,
4,,
5,,
6,,
7,,
8,,
9,,
10,,
11,,
12,,
13,,
14,,
15,,
16,,
17,,
18,,
19,,
20,,
21,,
22,,
23,,
24,,
25,,
26,,
27,,
28,,
29,,
30,,
31,,
32,,
33,,
34,,
35,,
36,,
37,,
38,,
39,,
40,,
41,,
42,,
43,,
44,,
45,,
46,,
47,,
48,,
49,,
50,,
51,,
52,,
53,,
54,,
55,,
56,,
57,,
58,,
59,,
60,,
61,,
62,,
63,,
64,,
65,,
66,,
67,,
68,,
69,,
70,,
71,,
72,,
73,,
74,,
75,,
76,,
77,,
78,,
79,,
80,,
81,,
82,,
83,,
84,,
85,,
86,,
87,,
88,,
89,,
90,,
91,,
92,,
93,,
94,,
95,,
96,,
97,,
98,,
99,,
100,,
101,,
102,,
103,,
104,,
105,,
106,,
107,,
108,,
109,,
110,,
111,,
112,,
113,,
114,,
115,,
116,,
117,,
118,,
119,,
120,,
121,,
122,,
123,,
124,,
125,,
126,,
127,,
128,,
129,,
130,,
131,,
132,,
133,,
134,,
135,,
136,,
137,,
138,,
139,,
140,,
141,,
142,,
143,,
144,,
145,,
146,,
147,,
148,,
149,,
150,,
151,,
152,,
153,,
154,,
155,,
156,,
157,,
158,,
159,,
160,,
161,,
162,,
163,,
164,,
165,,
166,,
167,,
168,,
169,,
170,,
171,,
172,,
173,,
174,,
175,,
176,,
177,,
178,,
179,,
180,,
181,,
182,,
183,,
184,,
185,,
186,,
187,,
188,,
189,,
190,,
191,,
192,,
193,,
194,,
195,,
196,,
197,,
198,,
199,,
200,,
201,,
202,,
203,,
204,,
205,,
206,,
207,,
208,,
209,,
210,,
211,,
212,,
213,,
214,,
215,,
216,,
217,,
218,,
219,,
220,,
221,,
222,,
223,,
224,,
225,,
226,,
227,,
228,,
229,,
230,,
231,,
232,,
233,,
234,,
235,,
236,,
237,,
238,,
239,,
240,,
241,,
242,,
243,,
244,,
245,,
246,,
247,,
248,,
249,,
250,,
251,,
252,,
253,,
254,,
255,,
256,,
257,,
258,,
259,,
260,,
261,,
262,,
263,,
264,,
265,,
266,,
267,,
268,,
269,,
270,,
271,,
272,,
273,,
274,,
275,,
276,,
277,,
278,,
279,,
280,,