Scott Dann,-,England,45
Ashley Williams,-,Wales,43
Wes Morgan,Leicester City,Jamaica,40
Damien Delaney,-,Ireland,36
Steve Cook,AFC Bournemouth,England,35
Gary Cahill,-,England,34
Robert Huth,-,Germany,34
John Stones,-,England,34
Toby Alderweireld,Tottenham Hotspur,Belgium,33
José Fonte,-,Portugal,32
Jonas Olsson,-,Sweden,32
Fabricio Coloccini,-,Argentina,29
Jonny Evans,-,Northern Ireland,28
Gareth McAuley,-,Northern Ireland,28
Laurent Koscielny,-,France,27
Winston Reid,West Ham United,New Zealand,27
Craig Dawson,-,England,26
Craig Cathcart,Watford,Northern Ireland,25
Chancel Mbemba,-,The Democratic Republic Of Congo,25
Gareth Barry,-,England,24
Scott Dann,-,England,45
Ashley Williams,-,Wales,43
Wes Morgan,Leicester City,Jamaica,40
Damien Delaney,-,Ireland,36
Steve Cook,AFC Bournemouth,England,35
Gary Cahill,-,England,34
Robert Huth,-,Germany,34
John Stones,-,England,34
Toby Alderweireld,Tottenham Hotspur,Belgium,33
José Fonte,-,Portugal,32
Jonas Olsson,-,Sweden,32
Fabricio Coloccini,-,Argentina,29
Jonny Evans,-,Northern Ireland,28
Gareth McAuley,-,Northern Ireland,28
Laurent Koscielny,-,France,27
Winston Reid,West Ham United,New Zealand,27
Craig Dawson,-,England,26
Craig Cathcart,Watford,Northern Ireland,25
Chancel Mbemba,-,The Democratic Republic Of Congo,25
Gareth Barry,-,England,24
Federico Fernández,-,Argentina,23
Russell Martin,-,Scotland,23
James Collins,-,Wales,22
Mamadou Sakho,-,France,22
Virgil van Dijk,-,Netherlands,22
Glenn Whelan,-,Ireland,22
Eric Dier,Tottenham Hotspur,England,21
Simon Francis,AFC Bournemouth,England,21
Phil Jagielka,-,England,21
Joleon Lescott,-,England,21
Daley Blind,-,Netherlands,20
Younes Kaboul,-,France,20
Martin Skrtel,-,Slovakia,20
Sebastien Bassong,-,Cameroon,19
Geoff Cameron,-,United States,19
Angelo Ogbonna,West Ham United,Italy,19
Ryan Shawcross,Stoke City,England,19
Chris Smalling,-,England,19
John Terry,-,England,19
Philipp Wollscheid,Stoke City,Germany,19
Lee Cattermole,Sunderland,England,18
Branislav Ivanovic,-,Serbia,18
Erik Pieters,-,Netherlands,18
Jan Vertonghen,Tottenham Hotspur,Belgium,18
Aaron Cresswell,West Ham United,England,17
Daniel Drinkwater,-,England,17
Billy Jones,-,England,17
James McCarthy,-,Ireland,17
Danny Simpson,-,England,17
César Azpilicueta,Chelsea,Spain,16
Pape Souaré,-,Senegal,16
Miguel Britos,-,Uruguay,15
Micah Richards,-,England,15
Claudio Yacob,-,Argentina,15
Ryan Bennett,-,England,14
Dejan Lovren,-,Croatia,14
Sebastian Prödl,Watford,Austria,14
Joel Ward,Crystal Palace,England,14
Ciaran Clark,-,Ireland,13
Jack Colback,-,England,13
Gabriel Paulista,-,Brazil,13
Mathieu Flamini,-,France,13
Glen Johnson,Stoke City,England,13
Cheikhou Kouyaté,-,Senegal,13
Jamaal Lascelles,-,England,13
Nicolás Otamendi,Manchester City,Argentina,13
Ben Watson,-,England,13
DeAndre Yedlin,-,United States,13
Jack Cork,-,England,12
Paul Dummett,Newcastle United,Wales,12
Dan Gosling,AFC Bournemouth,England,12
Mark Noble,West Ham United,England,12
Steven Taylor,-,England,12
Ashley Westwood,-,England,12
Cédric Soares,-,Portugal,11
Séamus Coleman,-,Ireland,11
Ritchie de Laet,-,Belgium,11
Christian Fuchs,Leicester City,Austria,11
Ramiro Funes Mori,-,Argentina,11
N'Golo Kanté,-,France,11
Nacho Monreal,-,Spain,11
Marc Muniesa,-,Spain,11
John O'Shea,-,Ireland,11
Pedro Obiang,-,Equatorial Guinea,11
Aaron Ramsey,-,Wales,11
Oriol Romeu,-,Spain,11
Danny Rose,Tottenham Hotspur,England,11
Andrew Surman,AFC Bournemouth,England,11
Neil Taylor,-,Wales,11
Chris Brunt,West Bromwich Albion,Northern Ireland,10
Steven Davis,-,Northern Ireland,10
Alan Hutton,-,Scotland,10
Mile Jedinak,-,Australia,10
Timm Klose,-,Switzerland,10
Lamine Koné,Sunderland,Cote D'Ivoire,10
Nemanja Matic,-,Serbia,10
James McArthur,Crystal Palace,Scotland,10
Per Mertesacker,-,Germany,10
James Tomkins,-,England,10
Patrick van Aanholt,-,Netherlands,10
Kurt Zouma,-,France,10
Emre Can,-,Germany,9
Sebastián Coates,-,Uruguay,9
Darren Fletcher,-,Scotland,9
Jonny Howson,-,England,9
Harry Kane,Tottenham Hotspur,England,9
Joe Ledley,-,Wales,9
Yann M'Vila,-,France,9
Kevin Wimmer,-,Austria,9
Maya Yoshida,-,Japan,9
Nathan Aké,-,Netherlands,8
Vurnon Anita,-,Netherlands,8
Phil Bardsley,-,Scotland,8
Calum Chambers,-,England,8
Nathaniel Clyne,-,England,8
Mousa Dembélé,-,Belgium,8
Daryl Janmaat,-,Netherlands,8
Aleksandar Kolarov,-,Serbia,8
Lucas Leiva,-,Brazil,8
John Obi Mikel,-,Nigeria,8
Jores Okore,-,Denmark,8
Matthew Pennington,-,England,8
Kyle Bartley,-,England,7
Héctor Bellerín,Arsenal,Spain,7
Ryan Bertrand,-,England,7
Etienne Capoue,Watford,France,7
Andy Carroll,-,England,7
Francis Coquelin,-,France,7
Cesc Fàbregas,-,Spain,7
Fernandinho,Manchester City,Brazil,7
Eliaquim Mangala,-,France,7
James McClean,-,Ireland,7
Allan-Roméo Nyom,-,Cameroon,7
Gary O'Neil,-,England,7
Angel Rangel,-,Spain,7
Jack Rodwell,-,England,7
Wayne Rooney,-,England,7
Bacary Sagna,-,France,7
Leighton Baines,Everton,England,6
Yannick Bolasie,-,The Democratic Republic Of Congo,6
Leon Britton,Swansea City,England,6
Yohan Cabaye,-,France,6
Ben Davies,Tottenham Hotspur,Wales,6
Idrissa Gueye,-,Senegal,6
Ander Herrera,-,Spain,6
Aleksandar Mitrovic,-,Serbia,6
Antonio Valencia,-,Ecuador,6
Jonathan Walters,-,Ireland,6
Victor Wanyama,-,Kenya,6
James Ward-Prowse,Southampton,England,6
Georginio Wijnaldum,-,Netherlands,6
Dele Alli,Tottenham Hotspur,England,5
Ross Barkley,-,England,5
Valon Behrami,-,Switzerland,5
James Chester,-,Wales,5
Jordy Clasie,-,Netherlands,5
Brendan Galloway,-,England,5
Brede Hangeland,Crystal Palace,Norway,5
Carl Jenkinson,-,England,5
Martin Kelly,Crystal Palace,England,5
Alberto Moreno,-,Spain,5
James Morrison,West Bromwich Albion,Scotland,5
Martin Olsson,-,Sweden,5
Alex Oxlade-Chamberlain,-,England,5
Fernando,-,Brazil,5
Marcos Rojo,-,Argentina,5
Carlos Sánchez,-,Colombia,5
Morgan Schneiderlin,-,France,5
Gylfi Sigurdsson,-,Iceland,5
Moussa Sissoko,-,France,5
Adam Smith,AFC Bournemouth,England,5
Kyle Walker,-,England,5
Marcin Wasilewski,Leicester City,Poland,5
Charlie Adam,-,Scotland,4
Michail Antonio,-,England,4
Abdul Rahman Baba,-,Ghana,4
Cameron Borthwick-Jackson,Manchester United,England,4
Diego Costa,-,Spain,4
Charlie Daniels,AFC Bournemouth,England,4
Troy Deeney,Watford,England,4
Martín Demichelis,-,Argentina,4
Sylvain Distin,AFC Bournemouth,France,4
Olivier Giroud,-,France,4
Ki Sung-yueng,-,South Korea,4
Andy King,-,Wales,4
Stephen Kingsley,-,Scotland,4
Vincent Kompany,-,Belgium,4
Riyad Mahrez,-,Algeria,4
Anthony Martial,Manchester United,France,4
Bryan Oviedo,-,Costa Rica,4
Marcus Rashford,Manchester United,England,4
Bakary Sako,-,Mali,4
Alexander Tettey,Norwich City,Norway,4
Steven Whittaker,Norwich City,Scotland,4
Almen Abdi,-,Switzerland,3
Jordi Amat,-,Spain,3
Jordan Amavi,-,France,3
Leandro Bacuna,-,Curacao,3
Muhamed Besic,-,Bosnia And Herzegovina,3
Robbie Brady,-,Ireland,3
Sam Byram,-,England,3
Joel Campbell,-,Costa Rica,3
Michael Carrick,-,England,3
Nacer Chadli,-,Belgium,3
Aly Cissokho,Aston Villa,France,3
Gaël Clichy,-,France,3
Graham Dorrans,-,Scotland,3
Mohamed Elneny,-,Egypt,3
Rudy Gestede,-,Benin,3
Joseph Gomez,-,England,3
Jordi Gómez,-,Spain,3
Danny Graham,-,England,3
Sandro,West Bromwich Albion,Brazil,3
Massadio Haidara,-,Mali,3
Jan Kirchhoff,-,Germany,3
Manuel Lanzini,-,Argentina,3
Shane Long,-,Ireland,3
Romelu Lukaku,-,Belgium,3
Cuco Martina,-,Curacao,3
Ryan Mason,-,England,3
James Milner,Liverpool,England,3
Glenn Murray,-,England,3
Shinji Okazaki,-,Japan,3
Ayoze Pérez,-,Spain,3
Jason Puncheon,-,England,3
Kieran Richardson,-,England,3
Alexis Sánchez,-,Chile,3
Bastian Schweinsteiger,-,Germany,3
Cheick Tioté,Newcastle United,Cote D'Ivoire,3
Kolo Touré,-,Cote D'Ivoire,3
Jamie Vardy,Leicester City,England,3
Connor Wickham,Crystal Palace,England,3
Rolando Aarons,-,England,2
Ikechi Anya,-,Scotland,2
André Ayew,Swansea City,Ghana,2
Jordan Ayew,-,Ghana,2
Roberto Firmino,Liverpool,Brazil,2
Yohan Benalouane,-,Tunisia,2
Nabil Bentaleb,-,Algeria,2
Fabio Borini,-,Italy,2
Wes Brown,-,England,2
Steven Caulker,Liverpool,England,2
Marouane Chamakh,-,Morocco,2
Matteo Darmian,-,Italy,2
Fabian Delph,-,England,2
Oscar,-,Brazil,2
Marouane Fellaini,-,Belgium,2
Leroy Fer,-,Netherlands,2
Ivo Pinto,-,Portugal,2
Steven Fletcher,-,Scotland,2
Craig Gardner,-,England,2
Darron Gibson,-,Ireland,2
Carles Gil,-,Spain,2
Yoan Gouffran,Newcastle United,France,2
Odion Ighalo,-,Nigeria,2
Giannelli Imbula,-,The Democratic Republic Of Congo,2
Matthew Jarvis,Norwich City,England,2
Adam Johnson,-,England,2
Adam Lallana,-,England,2
Erik Lamela,Tottenham Hotspur,Argentina,2
Callum Wilson,AFC Bournemouth,England,2
Pablo Zabaleta,-,Argentina,2
Ibrahim Afellay,-,Netherlands,1
Gabriel Agbonlahor,Aston Villa,England,1
Sergio Agüero,Manchester City,Argentina,1
Joe Allen,-,Wales,1
Harry Arter,-,Ireland,1
Mikel Arteta,Arsenal,Spain,1
Saido Berahino,-,Burundi,1
Wilfried Bony,-,Cote D'Ivoire,1
Willian,Chelsea,Brazil,1
Cameron Brannagan,-,England,1
Tom Carroll,-,England,1
Santi Cazorla,-,Spain,1
Papiss Demba Cissé,Newcastle United,Senegal,1
Tom Cleverley,-,England,1
Philippe Coutinho,-,Brazil,1
Siem de Jong,-,Netherlands,1
Memphis Depay,-,Netherlands,1
Mame Biram Diouf,Stoke City,Senegal,1
Callum Wilson,AFC Bournemouth,England,2
Pablo Zabaleta,-,Argentina,2
Ibrahim Afellay,-,Netherlands,1
Gabriel Agbonlahor,Aston Villa,England,1
Sergio Agüero,Manchester City,Argentina,1
Joe Allen,-,Wales,1
Harry Arter,-,Ireland,1
Mikel Arteta,Arsenal,Spain,1
Saido Berahino,-,Burundi,1
Wilfried Bony,-,Cote D'Ivoire,1
Willian,Chelsea,Brazil,1
Cameron Brannagan,-,England,1
Tom Carroll,-,England,1
Santi Cazorla,-,Spain,1
Papiss Demba Cissé,Newcastle United,Senegal,1
Tom Cleverley,-,England,1
Philippe Coutinho,-,Brazil,1
Siem de Jong,-,Netherlands,1
Memphis Depay,-,Netherlands,1
Mame Biram Diouf,Stoke City,Senegal,1
Tommy Elphick,-,England,1
Emmanuel Emenike,-,Nigeria,1
Jon Flanagan,-,England,1
Timothy Fosu-Mensah,-,Netherlands,1
Lewis Grabban,-,England,1
Max-Alain Gradel,-,Cote D'Ivoire,1
Demarai Gray,-,England,1
Adlène Guédioura,-,Algeria,1
Eden Hazard,-,Belgium,1
Jordan Henderson,Liverpool,England,1
Tony Hibbert,Everton,England,1
José Holebas,Watford,Greece,1
Gökhan Inler,-,Switzerland,1
Juanmi,-,Spain,1
Phil Jones,Manchester United,England,1
José Manuel Jurado,-,Spain,1
Joshua King,AFC Bournemouth,Norway,1
Arouna Koné,Everton,Cote D'Ivoire,1
Libor Kozák,Aston Villa,Czech Republic,1
Jesse Lingard,Manchester United,England,1
Adrian Mariappa,-,Jamaica,1
Joselu,-,Spain,1
Dieudonne Mbokani Bezua,Norwich City,The Democratic Republic Of Congo,1
Kevin Mirallas,-,Belgium,1
Jordon Mutch,-,England,1
Clinton N'Jie,-,Cameroon,1
Alberto Paloschi,-,Italy,1
Juan Carlos Paredes,Watford,Ecuador,1
Graziano Pellè,-,Italy,1
Connor Randall,-,England,1
Nathan Redmond,-,England,1
Matt Ritchie,-,Scotland,1
Jay Rodriguez,-,England,1
Wayne Routledge,Swansea City,England,1
Ramires,-,Brazil,1
Jeffrey Schlupp,-,Ghana,1
Xherdan Shaqiri,-,Switzerland,1
Brad Smith,-,Australia,1
Son Heung-Min,Tottenham Hotspur,South Korea,1
Junior Stanislas,AFC Bournemouth,England,1