x,,
1,1,
2,1,
3,1,
4,1,
5,5,
6,5,
7,5,
8,5,
9,5,
10,5,
11,5,
12,5,
13,5,
14,5,
15,5,
16,5,
17,5,
18,5,
19,5,
20,5,
21,5,
x,,
1,Willian,2
2,Christian Eriksen,2
3,Dimitri Payet,2
4,Gylfi Sigurdsson,2
5,Almen Abdi,1
6,André Ayew,1
7,Oscar,1
8,Cesc Fàbregas,1
9,Craig Gardner,1
10,Dwight Gayle,1
11,Adam Johnson,1
12,Wahbi Khazri,1
13,Yann M'Vila,1
14,Juan Mata,1
15,James Milner,1
16,Alexis Sánchez,1
17,Andros Townsend,1
18,Enner Valencia,1
19,Patrick van Aanholt,1
20,James Ward-Prowse,1
21,Mauro Zárate,1
x,,
1,Chelsea,
2,Tottenham Hotspur,
3,-,
4,-,
5,-,
6,Swansea City,
7,-,
8,-,
9,-,
10,-,
11,-,
12,-,
13,-,
14,Manchester United,
15,Liverpool,
16,-,
17,-,
18,-,
19,-,
20,Southampton,
21,-,
x,,
1,Brazil,
2,Denmark,
3,France,
4,Iceland,
5,Switzerland,
6,Ghana,
7,Brazil,
8,Spain,
9,England,
10,England,
11,England,
12,Tunisia,
13,France,
14,Spain,
15,England,
16,Chile,
17,England,
18,Ecuador,
19,Netherlands,
20,England,
21,Argentina,
x,,
1,,
2,,
3,,
4,,
5,,
6,,
7,,
8,,
9,,
10,,
11,,
12,,
13,,
14,,
15,,
16,,
17,,
18,,
19,,
20,,
21,,