x,,
1,1,
2,1,
3,3,
4,3,
5,3,
6,3,
7,3,
8,3,
9,3,
10,3,
11,3,
12,12,
13,12,
14,12,
15,12,
16,12,
17,12,
18,12,
19,12,
20,12,
21,1,
22,1,
23,3,
24,3,
25,3,
26,3,
27,3,
28,3,
29,3,
30,3,
31,3,
32,12,
33,12,
34,12,
35,12,
36,12,
37,12,
38,12,
39,12,
40,12,
41,12,
42,12,
43,12,
x,,
1,Gabriel Paulista,3
2,Chancel Mbemba,3
3,Gary Cahill,2
4,Geoff Cameron,2
5,Timothy Fosu-Mensah,2
6,Eliaquim Mangala,2
7,Gareth McAuley,2
8,Marc Muniesa,2
9,Patrick van Aanholt,2
10,Ashley Williams,2
11,Maya Yoshida,2
12,Almen Abdi,1
13,Leandro Bacuna,1
14,Phil Bardsley,1
15,Sebastien Bassong,1
16,Artur Boruc,1
17,Robbie Brady,1
18,Wes Brown,1
19,Scott Dann,1
20,Damien Delaney,1
21,Gabriel Paulista,3
22,Chancel Mbemba,3
23,Gary Cahill,2
24,Geoff Cameron,2
25,Timothy Fosu-Mensah,2
26,Eliaquim Mangala,2
27,Gareth McAuley,2
28,Marc Muniesa,2
29,Patrick van Aanholt,2
30,Ashley Williams,2
31,Maya Yoshida,2
32,Almen Abdi,1
33,Leandro Bacuna,1
34,Phil Bardsley,1
35,Sebastien Bassong,1
36,Artur Boruc,1
37,Robbie Brady,1
38,Wes Brown,1
39,Scott Dann,1
40,Damien Delaney,1
41,Kolo Touré,1
42,Virgil van Dijk,1
43,Philipp Wollscheid,1
x,,
1,-,
2,-,
3,-,
4,-,
5,-,
6,-,
7,-,
8,-,
9,-,
10,-,
11,-,
12,-,
13,-,
14,-,
15,-,
16,AFC Bournemouth,
17,-,
18,-,
19,-,
20,-,
21,-,
22,-,
23,-,
24,-,
25,-,
26,-,
27,-,
28,-,
29,-,
30,-,
31,-,
32,-,
33,-,
34,-,
35,-,
36,AFC Bournemouth,
37,-,
38,-,
39,-,
40,-,
41,-,
42,-,
43,Stoke City,
x,,
1,Brazil,
2,The Democratic Republic Of Congo,
3,England,
4,United States,
5,Netherlands,
6,France,
7,Northern Ireland,
8,Spain,
9,Netherlands,
10,Wales,
11,Japan,
12,Switzerland,
13,Curacao,
14,Scotland,
15,Cameroon,
16,Poland,
17,Ireland,
18,England,
19,England,
20,Ireland,
21,Brazil,
22,The Democratic Republic Of Congo,
23,England,
24,United States,
25,Netherlands,
26,France,
27,Northern Ireland,
28,Spain,
29,Netherlands,
30,Wales,
31,Japan,
32,Switzerland,
33,Curacao,
34,Scotland,
35,Cameroon,
36,Poland,
37,Ireland,
38,England,
39,England,
40,Ireland,
41,Cote D'Ivoire,
42,Netherlands,
43,Germany,
x,,
1,,
2,,
3,,
4,,
5,,
6,,
7,,
8,,
9,,
10,,
11,,
12,,
13,,
14,,
15,,
16,,
17,,
18,,
19,,
20,,
21,,
22,,
23,,
24,,
25,,
26,,
27,,
28,,
29,,
30,,
31,,
32,,
33,,
34,,
35,,
36,,
37,,
38,,
39,,
40,,
41,,
42,,
43,,