x,,
1,1,
2,2,
3,2,
4,4,
5,4,
6,6,
7,6,
8,6,
9,6,
10,10,
11,10,
12,10,
13,10,
14,10,
15,15,
16,15,
17,15,
18,15,
19,15,
20,15,
21,1,
22,2,
23,2,
24,4,
25,4,
26,6,
27,6,
28,6,
29,6,
30,10,
31,10,
32,10,
33,10,
34,10,
35,15,
36,15,
37,15,
38,15,
39,15,
40,15,
41,15,
42,15,
43,15,
44,15,
45,15,
46,15,
47,15,
48,15,
49,15,
50,15,
51,15,
52,15,
53,15,
54,15,
55,15,
56,15,
57,15,
58,15,
59,15,
60,15,
x,,
1,Troy Deeney,6
2,Harry Kane,5
3,Jamie Vardy,5
4,Sergio Agüero,4
5,Riyad Mahrez,4
6,Marko Arnautovic,3
7,Yohan Cabaye,3
8,Mark Noble,3
9,Gylfi Sigurdsson,3
10,Ross Barkley,2
11,Charlie Daniels,2
12,Cesc Fàbregas,2
13,Bojan,2
14,Aleksandar Mitrovic,2
15,Jordan Ayew,1
16,Leighton Baines,1
17,Christian Benteke,1
18,Ryan Bertrand,1
19,Fabio Borini,1
20,Andy Carroll,1
21,Troy Deeney,6
22,Harry Kane,5
23,Jamie Vardy,5
24,Sergio Agüero,4
25,Riyad Mahrez,4
26,Marko Arnautovic,3
27,Yohan Cabaye,3
28,Mark Noble,3
29,Gylfi Sigurdsson,3
30,Ross Barkley,2
31,Charlie Daniels,2
32,Cesc Fàbregas,2
33,Bojan,2
34,Aleksandar Mitrovic,2
35,Jordan Ayew,1
36,Leighton Baines,1
37,Christian Benteke,1
38,Ryan Bertrand,1
39,Fabio Borini,1
40,Andy Carroll,1
41,Alexandre Pato,1
42,Jermain Defoe,1
43,Oscar,1
44,Olivier Giroud,1
45,Bafétimbi Gomis,1
46,Ander Herrera,1
47,Wes Hoolahan,1
48,Adam Johnson,1
49,Rickie Lambert,1
50,Romelu Lukaku,1
51,Juan Mata,1
52,James Milner,1
53,Wayne Rooney,1
54,Jonjo Shelvey,1
55,Scott Sinclair,1
56,Dusan Tadic,1
57,Yaya Touré,1
58,Leonardo Ulloa,1
59,James Ward-Prowse,1
60,Connor Wickham,1
x,,
1,Watford,
2,Tottenham Hotspur,
3,Leicester City,
4,Manchester City,
5,-,
6,-,
7,-,
8,West Ham United,
9,-,
10,-,
11,AFC Bournemouth,
12,-,
13,Stoke City,
14,-,
15,-,
16,Everton,
17,-,
18,-,
19,-,
20,-,
21,Watford,
22,Tottenham Hotspur,
23,Leicester City,
24,Manchester City,
25,-,
26,-,
27,-,
28,West Ham United,
29,-,
30,-,
31,AFC Bournemouth,
32,-,
33,Stoke City,
34,-,
35,-,
36,Everton,
37,-,
38,-,
39,-,
40,-,
41,-,
42,-,
43,-,
44,-,
45,-,
46,-,
47,-,
48,-,
49,-,
50,-,
51,Manchester United,
52,Liverpool,
53,-,
54,Newcastle United,
55,-,
56,-,
57,-,
58,-,
59,Southampton,
60,Crystal Palace,
x,,
1,England,
2,England,
3,England,
4,Argentina,
5,Algeria,
6,Austria,
7,France,
8,England,
9,Iceland,
10,England,
11,England,
12,Spain,
13,Spain,
14,Serbia,
15,Ghana,
16,England,
17,Belgium,
18,England,
19,Italy,
20,England,
21,England,
22,England,
23,England,
24,Argentina,
25,Algeria,
26,Austria,
27,France,
28,England,
29,Iceland,
30,England,
31,England,
32,Spain,
33,Spain,
34,Serbia,
35,Ghana,
36,England,
37,Belgium,
38,England,
39,Italy,
40,England,
41,Brazil,
42,England,
43,Brazil,
44,France,
45,France,
46,Spain,
47,Ireland,
48,England,
49,England,
50,Belgium,
51,Spain,
52,England,
53,England,
54,England,
55,England,
56,Serbia,
57,Cote D'Ivoire,
58,Argentina,
59,England,
60,England,
x,,
1,,
2,,
3,,
4,,
5,,
6,,
7,,
8,,
9,,
10,,
11,,
12,,
13,,
14,,
15,,
16,,
17,,
18,,
19,,
20,,
21,,
22,,
23,,
24,,
25,,
26,,
27,,
28,,
29,,
30,,
31,,
32,,
33,,
34,,
35,,
36,,
37,,
38,,
39,,
40,,
41,,
42,,
43,,
44,,
45,,
46,,
47,,
48,,
49,,
50,,
51,,
52,,
53,,
54,,
55,,
56,,
57,,
58,,
59,,
60,,