x,,
1,1,
2,1,
3,1,
4,4,
5,4,
6,4,
7,4,
8,4,
9,4,
10,4,
11,4,
12,4,
13,4,
14,4,
15,4,
16,4,
17,4,
18,4,
19,4,
20,4,
21,1,
22,1,
23,1,
24,4,
25,4,
26,4,
27,4,
28,4,
29,4,
30,4,
31,4,
32,4,
33,4,
34,4,
35,4,
36,4,
37,4,
38,4,
39,4,
40,4,
x,,
1,Damien Delaney,2
2,Federico Fernández,2
3,Alan Hutton,2
4,Mikel Arteta,1
5,Ryan Bennett,1
6,Mark Bunn,1
7,Gary Cahill,1
8,Craig Cathcart,1
9,Calum Chambers,1
10,Sebastián Coates,1
11,Séamus Coleman,1
12,Fabricio Coloccini,1
13,Jack Cork,1
14,Craig Dawson,1
15,David de Gea,1
16,Troy Deeney,1
17,Olivier Giroud,1
18,Wayne Hennessey,1
19,Carl Jenkinson,1
20,Harry Kane,1
21,Damien Delaney,2
22,Federico Fernández,2
23,Alan Hutton,2
24,Mikel Arteta,1
25,Ryan Bennett,1
26,Mark Bunn,1
27,Gary Cahill,1
28,Craig Cathcart,1
29,Calum Chambers,1
30,Sebastián Coates,1
31,Séamus Coleman,1
32,Fabricio Coloccini,1
33,Jack Cork,1
34,Craig Dawson,1
35,David de Gea,1
36,Troy Deeney,1
37,Olivier Giroud,1
38,Wayne Hennessey,1
39,Carl Jenkinson,1
40,Harry Kane,1
x,,
1,-,
2,-,
3,-,
4,Arsenal,
5,-,
6,-,
7,-,
8,Watford,
9,-,
10,-,
11,-,
12,-,
13,-,
14,-,
15,Manchester United,
16,Watford,
17,-,
18,-,
19,-,
20,Tottenham Hotspur,
21,-,
22,-,
23,-,
24,Arsenal,
25,-,
26,-,
27,-,
28,Watford,
29,-,
30,-,
31,-,
32,-,
33,-,
34,-,
35,Manchester United,
36,Watford,
37,-,
38,-,
39,-,
40,Tottenham Hotspur,
x,,
1,Ireland,
2,Argentina,
3,Scotland,
4,Spain,
5,England,
6,England,
7,England,
8,Northern Ireland,
9,England,
10,Uruguay,
11,Ireland,
12,Argentina,
13,England,
14,England,
15,Spain,
16,England,
17,France,
18,Wales,
19,England,
20,England,
21,Ireland,
22,Argentina,
23,Scotland,
24,Spain,
25,England,
26,England,
27,England,
28,Northern Ireland,
29,England,
30,Uruguay,
31,Ireland,
32,Argentina,
33,England,
34,England,
35,Spain,
36,England,
37,France,
38,Wales,
39,England,
40,England,
x,,
1,,
2,,
3,,
4,,
5,,
6,,
7,,
8,,
9,,
10,,
11,,
12,,
13,,
14,,
15,,
16,,
17,,
18,,
19,,
20,,
21,,
22,,
23,,
24,,
25,,
26,,
27,,
28,,
29,,
30,,
31,,
32,,
33,,
34,,
35,,
36,,
37,,
38,,
39,,
40,,