x,,,,,
1,1,,,Artur Boruc,5
2,2,,,Lukasz Fabianski,4
3,2,,,Simon Mignolet,4
4,2,,,John Ruddy,4
5,5,,,Aaron Cresswell,3
6,5,,,Heurelho Gomes,3
7,5,,,Brad Guzan,3
8,5,,,Phil Jagielka,3
9,5,,,Hugo Lloris,3
10,5,,,John Stones,3
11,5,,,Maya Yoshida,3
12,12,,,Leandro Bacuna,2
13,12,,,Sebastien Bassong,2
14,12,,,Emre Can,2
15,12,,,Petr Cech,2
16,12,,,Ciaran Clark,2
17,12,,,Fraser Forster,2
18,12,,,Wayne Hennessey,2
19,12,,,Alan Hutton,2
20,12,,,Branislav Ivanovic,2
21,1,,,Artur Boruc,5
22,2,,,Lukasz Fabianski,4
23,2,,,Simon Mignolet,4
24,2,,,John Ruddy,4
25,5,,,Aaron Cresswell,3
26,5,,,Heurelho Gomes,3
27,5,,,Brad Guzan,3
28,5,,,Phil Jagielka,3
29,5,,,Hugo Lloris,3
30,5,,,John Stones,3
31,5,,,Maya Yoshida,3
32,12,,,Leandro Bacuna,2
33,12,,,Sebastien Bassong,2
34,12,,,Emre Can,2
35,12,,,Petr Cech,2
36,12,,,Ciaran Clark,2
37,12,,,Fraser Forster,2
38,12,,,Wayne Hennessey,2
39,12,,,Alan Hutton,2
40,12,,,Branislav Ivanovic,2
41,12,,,Chancel Mbemba,2
42,12,,,Alex McCarthy,2
43,12,,,Eunan O'Kane,2
44,12,,,Costel Pantilimon,2
45,12,,,Joel Robles,2
46,12,,,Adrián,2
47,12,,,James Tomkins,2
48,28,,,Rolando Aarons,1
49,28,,,Jordan Amavi,1
50,28,,,Michail Antonio,1
51,28,,,Abdul Rahman Baba,1
52,28,,,Roberto Firmino,1
53,28,,,Gareth Barry,1
54,28,,,Kyle Bartley,1
55,28,,,Asmir Begovic,1
56,28,,,Valon Behrami,1
57,28,,,Adam Bogdan,1
58,28,,,Willian,1
59,28,,,Robbie Brady,1
60,28,,,Miguel Britos,1
61,28,,,Adam Federici,1
62,28,,,Federico Fernández,1
63,28,,,Jon Flanagan,1
64,28,,,Idrissa Gueye,1
65,28,,,Brede Hangeland,1
66,28,,,Joe Hart,1
67,28,,,Mile Jedinak,1
68,28,,,Carl Jenkinson,1
69,28,,,Billy Jones,1
70,28,,,Younes Kaboul,1
71,28,,,Jamaal Lascelles,1
72,28,,,Joleon Lescott,1
73,28,,,Dejan Lovren,1
74,28,,,Eliaquim Mangala,1
75,28,,,Vito Mannone,1
76,28,,,Russell Martin,1
77,28,,,Cuco Martina,1
78,28,,,Ryan Mason,1
79,28,,,Matt Miazga,1
80,28,,,Wes Morgan,1
81,28,,,Adam Federici,1
82,28,,,Federico Fernández,1
83,28,,,Jon Flanagan,1
84,28,,,Idrissa Gueye,1
85,28,,,Brede Hangeland,1
86,28,,,Joe Hart,1
87,28,,,Mile Jedinak,1
88,28,,,Carl Jenkinson,1
89,28,,,Billy Jones,1
90,28,,,Younes Kaboul,1
91,28,,,Jamaal Lascelles,1
92,28,,,Joleon Lescott,1
93,28,,,Dejan Lovren,1
94,28,,,Eliaquim Mangala,1
95,28,,,Vito Mannone,1
96,28,,,Russell Martin,1
97,28,,,Cuco Martina,1
98,28,,,Ryan Mason,1
99,28,,,Matt Miazga,1
100,28,,,Wes Morgan,1
101,28,,,Boaz Myhill,1
102,28,,,Mark Noble,1
103,28,,,Allan-Roméo Nyom,1
104,28,,,Angelo Ogbonna,1
105,28,,,Sheyi Ojo,1
106,28,,,Jonas Olsson,1
107,28,,,Martin Olsson,1
108,28,,,Alex Oxlade-Chamberlain,1
109,28,,,Dimitri Payet,1
110,28,,,Erik Pieters,1
111,28,,,Darren Randolph,1
112,28,,,Micah Richards,1
113,28,,,Pedro,1
114,28,,,Danny Rose,1
115,28,,,Julian Speroni,1
116,28,,,Patrick van Aanholt,1
117,28,,,Jordan Veretout,1
118,28,,,Theo Walcott,1
119,28,,,Kyle Walker,1
120,28,,,Victor Wanyama,1
x,,,,,
1,,,,,
2,,,,,
3,,,,,
4,,,,,
5,,,,,
6,,,,,
7,,,,,
8,,,,,
9,,,,,
10,,,,,
11,,,,,
12,,,,,
13,,,,,
14,,,,,
15,,,,,
16,,,,,
17,,,,,
18,,,,,
19,,,,,
20,,,,,
21,,,,,
22,,,,,
23,,,,,
24,,,,,
25,,,,,
26,,,,,
27,,,,,
28,,,,,
29,,,,,
30,,,,,
31,,,,,
32,,,,,
33,,,,,
34,,,,,
35,,,,,
36,,,,,
37,,,,,
38,,,,,
39,,,,,
40,,,,,
41,,,,,
42,,,,,
43,,,,,
44,,,,,
45,,,,,
46,,,,,
47,,,,,
48,,,,,
49,,,,,
50,,,,,
51,,,,,
52,,,,,
53,,,,,
54,,,,,
55,,,,,
56,,,,,
57,,,,,
58,,,,,
59,,,,,
60,,,,,
61,,,,,
62,,,,,
63,,,,,
64,,,,,
65,,,,,
66,,,,,
67,,,,,
68,,,,,
69,,,,,
70,,,,,
71,,,,,
72,,,,,
73,,,,,
74,,,,,
75,,,,,
76,,,,,
77,,,,,
78,,,,,
79,,,,,
80,,,,,
81,,,,,
82,,,,,
83,,,,,
84,,,,,
85,,,,,
86,,,,,
87,,,,,
88,,,,,
89,,,,,
90,,,,,
91,,,,,
92,,,,,
93,,,,,
94,,,,,
95,,,,,
96,,,,,
97,,,,,
98,,,,,
99,,,,,
100,,,,,
101,,,,,
102,,,,,
103,,,,,
104,,,,,
105,,,,,
106,,,,,
107,,,,,
108,,,,,
109,,,,,
110,,,,,
111,,,,,
112,,,,,
113,,,,,
114,,,,,
115,,,,,
116,,,,,
117,,,,,
118,,,,,
119,,,,,
120,,,,,
x,,,,,
1,AFC Bournemouth,,,,
2,-,,,,
3,-,,,,
4,-,,,,
5,West Ham United,,,,
6,-,,,,
7,-,,,,
8,-,,,,
9,Tottenham Hotspur,,,,
10,-,,,,
11,-,,,,
12,-,,,,
13,-,,,,
14,-,,,,
15,-,,,,
16,-,,,,
17,-,,,,
18,-,,,,
19,-,,,,
20,-,,,,
21,AFC Bournemouth,,,,
22,-,,,,
23,-,,,,
24,-,,,,
25,West Ham United,,,,
26,-,,,,
27,-,,,,
28,-,,,,
29,Tottenham Hotspur,,,,
30,-,,,,
31,-,,,,
32,-,,,,
33,-,,,,
34,-,,,,
35,-,,,,
36,-,,,,
37,-,,,,
38,-,,,,
39,-,,,,
40,-,,,,
41,-,,,,
42,-,,,,
43,-,,,,
44,-,,,,
45,-,,,,
46,-,,,,
47,-,,,,
48,-,,,,
49,-,,,,
50,-,,,,
51,-,,,,
52,Liverpool,,,,
53,-,,,,
54,-,,,,
55,-,,,,
56,-,,,,
57,-,,,,
58,Chelsea,,,,
59,-,,,,
60,-,,,,
61,-,,,,
62,-,,,,
63,-,,,,
64,-,,,,
65,Crystal Palace,,,,
66,-,,,,
67,-,,,,
68,-,,,,
69,-,,,,
70,-,,,,
71,-,,,,
72,-,,,,
73,-,,,,
74,-,,,,
75,-,,,,
76,-,,,,
77,-,,,,
78,-,,,,
79,-,,,,
80,Leicester City,,,,
81,-,,,,
82,-,,,,
83,-,,,,
84,-,,,,
85,Crystal Palace,,,,
86,-,,,,
87,-,,,,
88,-,,,,
89,-,,,,
90,-,,,,
91,-,,,,
92,-,,,,
93,-,,,,
94,-,,,,
95,-,,,,
96,-,,,,
97,-,,,,
98,-,,,,
99,-,,,,
100,Leicester City,,,,
101,-,,,,
102,West Ham United,,,,
103,-,,,,
104,West Ham United,,,,
105,-,,,,
106,-,,,,
107,-,,,,
108,-,,,,
109,-,,,,
110,-,,,,
111,-,,,,
112,-,,,,
113,Chelsea,,,,
114,Tottenham Hotspur,,,,
115,-,,,,
116,-,,,,
117,-,,,,
118,-,,,,
119,-,,,,
120,-,,,,
x,,,,,
1,Poland,,,,
2,Poland,,,,
3,Belgium,,,,
4,England,,,,
5,England,,,,
6,Brazil,,,,
7,United States,,,,
8,England,,,,
9,France,,,,
10,England,,,,
11,Japan,,,,
12,Curacao,,,,
13,Cameroon,,,,
14,Germany,,,,
15,Czech Republic,,,,
16,Ireland,,,,
17,England,,,,
18,Wales,,,,
19,Scotland,,,,
20,Serbia,,,,
21,Poland,,,,
22,Poland,,,,
23,Belgium,,,,
24,England,,,,
25,England,,,,
26,Brazil,,,,
27,United States,,,,
28,England,,,,
29,France,,,,
30,England,,,,
31,Japan,,,,
32,Curacao,,,,
33,Cameroon,,,,
34,Germany,,,,
35,Czech Republic,,,,
36,Ireland,,,,
37,England,,,,
38,Wales,,,,
39,Scotland,,,,
40,Serbia,,,,
41,The Democratic Republic Of Congo,,,,
42,England,,,,
43,Ireland,,,,
44,Romania,,,,
45,Spain,,,,
46,Spain,,,,
47,England,,,,
48,England,,,,
49,France,,,,
50,England,,,,
51,Ghana,,,,
52,Brazil,,,,
53,England,,,,
54,England,,,,
55,Bosnia And Herzegovina,,,,
56,Switzerland,,,,
57,Hungary,,,,
58,Brazil,,,,
59,Ireland,,,,
60,Uruguay,,,,
61,Australia,,,,
62,Argentina,,,,
63,England,,,,
64,Senegal,,,,
65,Norway,,,,
66,England,,,,
67,Australia,,,,
68,England,,,,
69,England,,,,
70,France,,,,
71,England,,,,
72,England,,,,
73,Croatia,,,,
74,France,,,,
75,Italy,,,,
76,Scotland,,,,
77,Curacao,,,,
78,England,,,,
79,United States,,,,
80,Jamaica,,,,
81,Australia,,,,
82,Argentina,,,,
83,England,,,,
84,Senegal,,,,
85,Norway,,,,
86,England,,,,
87,Australia,,,,
88,England,,,,
89,England,,,,
90,France,,,,
91,England,,,,
92,England,,,,
93,Croatia,,,,
94,France,,,,
95,Italy,,,,
96,Scotland,,,,
97,Curacao,,,,
98,England,,,,
99,United States,,,,
100,Jamaica,,,,
101,Wales,,,,
102,England,,,,
103,Cameroon,,,,
104,Italy,,,,
105,England,,,,
106,Sweden,,,,
107,Sweden,,,,
108,England,,,,
109,France,,,,
110,Netherlands,,,,
111,Ireland,,,,
112,England,,,,
113,Spain,,,,
114,England,,,,
115,Argentina,,,,
116,Netherlands,,,,
117,France,,,,
118,England,,,,
119,England,,,,
120,Kenya,,,,
x,,,,,
1,,,,,
2,,,,,
3,,,,,
4,,,,,
5,,,,,
6,,,,,
7,,,,,
8,,,,,
9,,,,,
10,,,,,
11,,,,,
12,,,,,
13,,,,,
14,,,,,
15,,,,,
16,,,,,
17,,,,,
18,,,,,
19,,,,,
20,,,,,
21,,,,,
22,,,,,
23,,,,,
24,,,,,
25,,,,,
26,,,,,
27,,,,,
28,,,,,
29,,,,,
30,,,,,
31,,,,,
32,,,,,
33,,,,,
34,,,,,
35,,,,,
36,,,,,
37,,,,,
38,,,,,
39,,,,,
40,,,,,
41,,,,,
42,,,,,
43,,,,,
44,,,,,
45,,,,,
46,,,,,
47,,,,,
48,,,,,
49,,,,,
50,,,,,
51,,,,,
52,,,,,
53,,,,,
54,,,,,
55,,,,,
56,,,,,
57,,,,,
58,,,,,
59,,,,,
60,,,,,
61,,,,,
62,,,,,
63,,,,,
64,,,,,
65,,,,,
66,,,,,
67,,,,,
68,,,,,
69,,,,,
70,,,,,
71,,,,,
72,,,,,
73,,,,,
74,,,,,
75,,,,,
76,,,,,
77,,,,,
78,,,,,
79,,,,,
80,,,,,
81,,,,,
82,,,,,
83,,,,,
84,,,,,
85,,,,,
86,,,,,
87,,,,,
88,,,,,
89,,,,,
90,,,,,
91,,,,,
92,,,,,
93,,,,,
94,,,,,
95,,,,,
96,,,,,
97,,,,,
98,,,,,
99,,,,,
100,,,,,
101,,,,,
102,,,,,
103,,,,,
104,,,,,
105,,,,,
106,,,,,
107,,,,,
108,,,,,
109,,,,,
110,,,,,
111,,,,,
112,,,,,
113,,,,,
114,,,,,
115,,,,,
116,,,,,
117,,,,,
118,,,,,
119,,,,,
120,,,,,