x,,
1,1,
2,1,
3,3,
4,4,
5,4,
6,4,
7,4,
8,8,
9,8,
10,8,
11,8,
12,8,
13,13,
14,13,
15,13,
16,13,
17,13,
18,13,
19,13,
20,20,
21,1,
22,1,
23,3,
24,4,
25,4,
26,4,
27,4,
28,8,
29,8,
30,8,
31,8,
32,8,
33,13,
34,13,
35,13,
36,13,
37,13,
38,13,
39,13,
40,20,
41,20,
42,20,
43,20,
44,20,
45,20,
46,20,
47,20,
48,20,
49,20,
50,20,
51,20,
52,20,
53,20,
54,20,
55,20,
56,20,
57,20,
58,20,
59,20,
60,20,
61,20,
62,20,
63,20,
64,20,
65,20,
66,20,
67,20,
68,20,
69,20,
70,20,
71,20,
72,20,
73,20,
74,54,
75,54,
76,54,
77,54,
78,54,
79,54,
80,54,
81,54,
82,54,
83,54,
84,54,
85,54,
86,54,
87,54,
88,54,
89,54,
90,54,
91,54,
92,54,
93,54,
94,54,
95,54,
96,54,
97,54,
98,54,
99,54,
100,54,
101,54,
102,54,
103,54,
104,54,
105,54,
106,54,
107,54,
108,54,
109,54,
110,54,
111,54,
112,54,
113,54,
114,54,
115,54,
116,54,
117,54,
118,54,
119,54,
120,54,
121,54,
122,54,
123,54,
124,54,
125,54,
126,54,
127,54,
128,54,
129,54,
130,54,
131,54,
132,54,
133,54,
134,54,
135,54,
136,54,
137,54,
138,54,
139,54,
140,54,
141,54,
x,,
1,Harry Kane,7
2,Romelu Lukaku,7
3,Jamie Vardy,6
4,Ross Barkley,5
5,Nathan Redmond,5
6,Alexis Sánchez,5
7,Virgil van Dijk,5
8,Sergio Agüero,4
9,Marko Arnautovic,4
10,Roberto Firmino,4
11,Christian Eriksen,4
12,Cheikhou Kouyaté,4
13,Dele Alli,3
14,Philippe Coutinho,3
15,Olivier Giroud,3
16,Aleksandar Kolarov,3
17,Shane Long,3
18,Mesut Özil,3
19,Gylfi Sigurdsson,3
20,Victor Anichebe,2
21,Harry Kane,7
22,Romelu Lukaku,7
23,Jamie Vardy,6
24,Ross Barkley,5
25,Nathan Redmond,5
26,Alexis Sánchez,5
27,Virgil van Dijk,5
28,Sergio Agüero,4
29,Marko Arnautovic,4
30,Roberto Firmino,4
31,Christian Eriksen,4
32,Cheikhou Kouyaté,4
33,Dele Alli,3
34,Philippe Coutinho,3
35,Olivier Giroud,3
36,Aleksandar Kolarov,3
37,Shane Long,3
38,Mesut Özil,3
39,Gylfi Sigurdsson,3
40,Victor Anichebe,2
41,Michail Antonio,2
42,André Ayew,2
43,Jordan Ayew,2
44,Robbie Brady,2
45,Yohan Cabaye,2
46,Tom Cleverley,2
47,Memphis Depay,2
48,Craig Gardner,2
49,Rudy Gestede,2
50,Bafétimbi Gomis,2
51,Jordon Ibe,2
52,Odion Ighalo,2
53,Adam Johnson,2
54,José Manuel Jurado,2
55,Wahbi Khazri,2
56,Erik Lamela,2
57,Riyad Mahrez,2
58,Aleksandar Mitrovic,2
59,Shinji Okazaki,2
60,Alex Oxlade-Chamberlain,2
61,Dimitri Payet,2
62,Graziano Pellè,2
63,Aaron Ramsey,2
64,Winston Reid,2
65,Jonjo Shelvey,2
66,Chris Smalling,2
67,Junior Stanislas,2
68,Daniel Sturridge,2
69,Andros Townsend,2
70,Patrick van Aanholt,2
71,Ben Watson,2
72,Connor Wickham,2
73,Mauro Zárate,2
74,Almen Abdi,1
75,Emmanuel Adebayor,1
76,Nathan Aké,1
77,Marc Albrighton,1
78,Mikel Arteta,1
79,Leandro Bacuna,1
80,Leighton Baines,1
81,Patrick Bamford,1
82,Héctor Bellerín,1
83,Christian Benteke,1
84,Saido Berahino,1
85,Muhamed Besic,1
86,Yannick Bolasie,1
87,Wilfried Bony,1
88,Emre Can,1
89,Michael Carrick,1
90,Andy Carroll,1
91,Gaël Clichy,1
92,Séamus Coleman,1
93,Fabricio Coloccini,1
94,Aaron Cresswell,1
95,Diego Costa,1
96,Scott Dann,1
97,Ben Davies,1
98,Craig Dawson,1
99,Gabriel Paulista,1
100,Kevin De Bruyne,1
101,Troy Deeney,1
102,Jermain Defoe,1
103,Damien Delaney,1
104,Fabian Delph,1
105,Graham Dorrans,1
106,Paul Dummett,1
107,Marouane Fellaini,1
108,Federico Fernández,1
109,Dwight Gayle,1
110,Dan Gosling,1
111,Jordan Henderson,1
112,Alex Iwobi,1
113,Phil Jagielka,1
114,Mile Jedinak,1
115,Cameron Jerome,1
116,Billy Jones,1
117,Ki Sung-yueng,1
118,Joshua King,1
119,Manuel Lanzini,1
120,Jeremain Lens,1
121,Joleon Lescott,1
122,Jesse Lingard,1
123,Fernandinho,1
124,Sadio Mané,1
125,Anthony Martial,1
126,Ryan Mason,1
127,Juan Mata,1
128,Nemanja Matic,1
129,Dieudonne Mbokani Bezua,1
130,Gareth McAuley,1
131,Jefferson Montero,1
132,Alberto Moreno,1
133,Victor Moses,1
134,Mark Noble,1
135,Jonas Olsson,1
136,Divock Origi,1
137,Alberto Paloschi,1
138,Marc Pugh,1
139,Angel Rangel,1
140,Fernando,1
141,Kurt Zouma,1
x,,
1,Tottenham Hotspur,
2,-,
3,Leicester City,
4,-,
5,-,
6,-,
7,-,
8,Manchester City,
9,-,
10,Liverpool,
11,Tottenham Hotspur,
12,-,
13,Tottenham Hotspur,
14,-,
15,-,
16,-,
17,-,
18,Arsenal,
19,-,
20,-,
21,Tottenham Hotspur,
22,-,
23,Leicester City,
24,-,
25,-,
26,-,
27,-,
28,Manchester City,
29,-,
30,Liverpool,
31,Tottenham Hotspur,
32,-,
33,Tottenham Hotspur,
34,-,
35,-,
36,-,
37,-,
38,Arsenal,
39,-,
40,-,
41,-,
42,Swansea City,
43,-,
44,-,
45,-,
46,-,
47,-,
48,-,
49,-,
50,-,
51,-,
52,-,
53,-,
54,-,
55,-,
56,Tottenham Hotspur,
57,-,
58,-,
59,-,
60,-,
61,-,
62,-,
63,-,
64,West Ham United,
65,Newcastle United,
66,-,
67,AFC Bournemouth,
68,-,
69,-,
70,-,
71,-,
72,Crystal Palace,
73,-,
74,-,
75,-,
76,-,
77,Leicester City,
78,Arsenal,
79,-,
80,Everton,
81,-,
82,Arsenal,
83,-,
84,-,
85,-,
86,-,
87,-,
88,-,
89,-,
90,-,
91,-,
92,-,
93,-,
94,West Ham United,
95,-,
96,-,
97,Tottenham Hotspur,
98,-,
99,-,
100,Manchester City,
101,Watford,
102,-,
103,-,
104,-,
105,-,
106,Newcastle United,
107,-,
108,-,
109,-,
110,AFC Bournemouth,
111,Liverpool,
112,-,
113,-,
114,-,
115,-,
116,-,
117,-,
118,AFC Bournemouth,
119,-,
120,-,
121,-,
122,Manchester United,
123,Manchester City,
124,-,
125,Manchester United,
126,-,
127,Manchester United,
128,-,
129,Norwich City,
130,-,
131,-,
132,-,
133,West Ham United,
134,West Ham United,
135,-,
136,Liverpool,
137,-,
138,-,
139,-,
140,-,
141,-,
x,,
1,England,
2,Belgium,
3,England,
4,England,
5,England,
6,Chile,
7,Netherlands,
8,Argentina,
9,Austria,
10,Brazil,
11,Denmark,
12,Senegal,
13,England,
14,Brazil,
15,France,
16,Serbia,
17,Ireland,
18,Germany,
19,Iceland,
20,Nigeria,
21,England,
22,Belgium,
23,England,
24,England,
25,England,
26,Chile,
27,Netherlands,
28,Argentina,
29,Austria,
30,Brazil,
31,Denmark,
32,Senegal,
33,England,
34,Brazil,
35,France,
36,Serbia,
37,Ireland,
38,Germany,
39,Iceland,
40,Nigeria,
41,England,
42,Ghana,
43,Ghana,
44,Ireland,
45,France,
46,England,
47,Netherlands,
48,England,
49,Benin,
50,France,
51,England,
52,Nigeria,
53,England,
54,Spain,
55,Tunisia,
56,Argentina,
57,Algeria,
58,Serbia,
59,Japan,
60,England,
61,France,
62,Italy,
63,Wales,
64,New Zealand,
65,England,
66,England,
67,England,
68,England,
69,England,
70,Netherlands,
71,England,
72,England,
73,Argentina,
74,Switzerland,
75,Togo,
76,Netherlands,
77,England,
78,Spain,
79,Curacao,
80,England,
81,England,
82,Spain,
83,Belgium,
84,Burundi,
85,Bosnia And Herzegovina,
86,The Democratic Republic Of Congo,
87,Cote D'Ivoire,
88,Germany,
89,England,
90,England,
91,France,
92,Ireland,
93,Argentina,
94,England,
95,Spain,
96,England,
97,Wales,
98,England,
99,Brazil,
100,Belgium,
101,England,
102,England,
103,Ireland,
104,England,
105,Scotland,
106,Wales,
107,Belgium,
108,Argentina,
109,England,
110,England,
111,England,
112,Nigeria,
113,England,
114,Australia,
115,England,
116,England,
117,South Korea,
118,Norway,
119,Argentina,
120,Netherlands,
121,England,
122,England,
123,Brazil,
124,Senegal,
125,France,
126,England,
127,Spain,
128,Serbia,
129,The Democratic Republic Of Congo,
130,Northern Ireland,
131,Ecuador,
132,Spain,
133,Nigeria,
134,England,
135,Sweden,
136,Belgium,
137,Italy,
138,England,
139,Spain,
140,Brazil,
141,France,
x,,
1,,
2,,
3,,
4,,
5,,
6,,
7,,
8,,
9,,
10,,
11,,
12,,
13,,
14,,
15,,
16,,
17,,
18,,
19,,
20,,
21,,
22,,
23,,
24,,
25,,
26,,
27,,
28,,
29,,
30,,
31,,
32,,
33,,
34,,
35,,
36,,
37,,
38,,
39,,
40,,
41,,
42,,
43,,
44,,
45,,
46,,
47,,
48,,
49,,
50,,
51,,
52,,
53,,
54,,
55,,
56,,
57,,
58,,
59,,
60,,
61,,
62,,
63,,
64,,
65,,
66,,
67,,
68,,
69,,
70,,
71,,
72,,
73,,
74,,
75,,
76,,
77,,
78,,
79,,
80,,
81,,
82,,
83,,
84,,
85,,
86,,
87,,
88,,
89,,
90,,
91,,
92,,
93,,
94,,
95,,
96,,
97,,
98,,
99,,
100,,
101,,
102,,
103,,
104,,
105,,
106,,
107,,
108,,
109,,
110,,
111,,
112,,
113,,
114,,
115,,
116,,
117,,
118,,
119,,
120,,
121,,
122,,
123,,
124,,
125,,
126,,
127,,
128,,
129,,
130,,
131,,
132,,
133,,
134,,
135,,
136,,
137,,
138,,
139,,
140,,
141,,