x,,
1,1,
2,2,
3,3,
4,4,
5,4,
6,6,
7,6,
8,8,
9,8,
10,10,
11,11,
12,11,
13,11,
14,14,
15,15,
16,15,
17,15,
18,18,
19,18,
20,18,
21,1,
22,2,
23,3,
24,4,
25,4,
26,6,
27,6,
28,8,
29,8,
30,10,
31,11,
32,11,
33,11,
34,14,
35,15,
36,15,
37,15,
38,18,
39,18,
40,18,
41,18,
42,22,
43,22,
44,22,
45,25,
46,25,
47,25,
48,25,
49,25,
50,25,
51,31,
52,31,
53,31,
54,31,
55,35,
56,35,
57,35,
58,35,
59,35,
60,35,
61,35,
62,42,
63,42,
64,42,
65,42,
66,42,
67,42,
68,42,
69,42,
70,42,
71,42,
72,42,
73,42,
74,54,
75,54,
76,54,
77,54,
78,54,
79,54,
80,54,
81,54,
82,54,
83,54,
84,54,
85,54,
86,54,
87,54,
88,68,
89,68,
90,68,
91,68,
92,68,
93,68,
94,68,
95,68,
96,68,
97,68,
98,68,
99,68,
100,68,
101,68,
102,68,
103,68,
104,68,
105,68,
106,68,
107,68,
108,88,
109,88,
110,88,
111,88,
112,88,
113,88,
114,88,
115,88,
116,88,
117,88,
118,88,
119,88,
120,88,
121,88,
122,88,
123,88,
124,88,
125,88,
126,88,
127,88,
128,88,
129,88,
130,88,
131,88,
132,88,
133,88,
134,88,
135,115,
136,115,
137,115,
138,115,
139,115,
140,115,
141,115,
142,115,
143,115,
144,115,
145,115,
146,115,
147,115,
148,115,
149,115,
150,115,
151,115,
152,115,
153,115,
154,115,
155,115,
156,115,
157,115,
158,115,
159,115,
160,115,
161,115,
162,115,
163,115,
164,115,
165,115,
166,115,
167,115,
168,115,
169,115,
170,115,
171,115,
172,115,
173,115,
174,115,
175,115,
176,156,
177,156,
178,156,
179,156,
180,156,
181,156,
182,156,
183,156,
184,156,
185,156,
186,156,
187,156,
188,156,
189,156,
190,156,
191,156,
192,156,
193,156,
194,156,
195,156,
196,156,
197,156,
198,156,
199,156,
200,156,
201,156,
202,156,
203,156,
204,156,
205,156,
206,156,
207,156,
208,156,
209,156,
210,156,
211,156,
212,156,
213,156,
214,156,
215,156,
216,156,
217,156,
218,156,
219,156,
220,156,
221,156,
222,156,
223,156,
224,156,
225,156,
226,156,
227,156,
228,156,
229,156,
230,156,
231,156,
232,156,
233,156,
234,156,
235,156,
236,156,
237,156,
238,156,
239,156,
240,156,
241,156,
242,156,
243,156,
244,156,
245,156,
246,156,
247,156,
248,156,
249,156,
250,156,
251,156,
252,156,
253,156,
254,156,
255,156,
256,156,
257,156,
258,156,
259,156,
260,156,
x,,
1,Mesut Özil,42
2,Alexis Sánchez,36
3,Cesc Fàbregas,33
4,Aaron Ramsey,20
5,Yaya Touré,20
6,Ross Barkley,19
7,Dimitri Payet,19
8,Dele Alli,18
9,Riyad Mahrez,18
10,Santi Cazorla,16
11,Philippe Coutinho,15
12,Kevin De Bruyne,15
13,Xherdan Shaqiri,15
14,Gylfi Sigurdsson,13
15,Christian Eriksen,12
16,Erik Lamela,12
17,James Milner,12
18,Daniel Drinkwater,11
19,Olivier Giroud,11
20,Jonjo Shelvey,11
21,Mesut Özil,42
22,Alexis Sánchez,36
23,Cesc Fàbregas,33
24,Aaron Ramsey,20
25,Yaya Touré,20
26,Ross Barkley,19
27,Dimitri Payet,19
28,Dele Alli,18
29,Riyad Mahrez,18
30,Santi Cazorla,16
31,Philippe Coutinho,15
32,Kevin De Bruyne,15
33,Xherdan Shaqiri,15
34,Gylfi Sigurdsson,13
35,Christian Eriksen,12
36,Erik Lamela,12
37,James Milner,12
38,Daniel Drinkwater,11
39,Olivier Giroud,11
40,Jonjo Shelvey,11
41,David Silva,11
42,Roberto Firmino,10
43,Gerard Deulofeu,10
44,Bojan,10
45,Marko Arnautovic,9
46,Héctor Bellerín,9
47,Willian,9
48,Troy Deeney,9
49,Adam Lallana,9
50,Yann M'Vila,9
51,Lee Cattermole,8
52,Adam Johnson,8
53,Graziano Pellè,8
54,Dusan Tadic,8
55,André Ayew,7
56,Eden Hazard,7
57,Ander Herrera,7
58,N'Golo Kanté,7
59,Romelu Lukaku,7
60,Juan Mata,7
61,Jesús Navas,7
62,Sergio Agüero,6
63,Wilfried Bony,6
64,Joel Campbell,6
65,Emre Can,6
66,Steven Davis,6
67,Oscar,6
68,Steven Fletcher,6
69,Darren Fletcher,6
70,Wes Hoolahan,6
71,Jeremain Lens,6
72,Anthony Martial,6
73,Moussa Sissoko,6
74,Harry Arter,5
75,Gareth Barry,5
76,Eric Dier,5
77,Harry Kane,5
78,Ki Sung-yueng,5
79,Lucas Leiva,5
80,Fernandinho,5
81,Sadio Mané,5
82,Samir Nasri,5
83,Alex Oxlade-Chamberlain,5
84,Ayoze Pérez,5
85,Jason Puncheon,5
86,Stéphane Sessegnon,5
87,Andrew Surman,5
88,Marc Albrighton,4
89,Fabio Borini,4
90,Robbie Brady,4
91,Michael Carrick,4
92,Jermain Defoe,4
93,Christian Fuchs,4
94,Odion Ighalo,4
95,Giannelli Imbula,4
96,Stephen Ireland,4
97,Jesse Lingard,4
98,James McCarthy,4
99,Aleksandar Mitrovic,4
100,Nacho Monreal,4
101,Eunan O'Kane,4
102,Matt Ritchie,4
103,Pedro,4
104,Wayne Rooney,4
105,Junior Stanislas,4
106,Raheem Sterling,4
107,Daniel Sturridge,4
108,Ibrahim Afellay,3
109,Yohan Cabaye,3
110,Geoff Cameron,3
111,Etienne Capoue,3
112,Jordy Clasie,3
113,Francis Coquelin,3
114,Jack Cork,3
115,Mousa Dembélé,3
116,Dan Gosling,3
117,Idrissa Gueye,3
118,Jordan Henderson,3
119,Jordon Ibe,3
120,Alex Iwobi,3
121,Daryl Janmaat,3
122,José Manuel Jurado,3
123,Shane Long,3
124,James Morrison,3
125,Steven Naismith,3
126,Nathan Redmond,3
127,Oriol Romeu,3
128,Wayne Routledge,3
129,Bertrand Traoré,3
130,Jamie Vardy,3
131,Theo Walcott,3
132,James Ward-Prowse,3
133,Georginio Wijnaldum,3
134,Wilfried Zaha,3
135,Almen Abdi,2
136,Toby Alderweireld,2
137,Joe Allen,2
138,Nordin Amrabat,2
139,Vurnon Anita,2
140,Leandro Bacuna,2
141,Chris Brunt,2
142,Andy Carroll,2
143,James Chester,2
144,Tom Cleverley,2
145,Diego Costa,2
146,Ben Davies,2
147,Federico Fernández,2
148,Mathieu Flamini,2
149,Craig Gardner,2
150,Kieran Gibbs,2
151,Adnan Januzaj,2
152,Glen Johnson,2
153,Younes Kaboul,2
154,Joshua King,2
155,Arouna Koné,2
156,Laurent Koscielny,2
157,Manuel Lanzini,2
158,Nemanja Matic,2
159,James McClean,2
160,Kevin Mirallas,2
161,Wes Morgan,2
162,Dame N'Doye,2
163,Mark Noble,2
164,Kenedy,2
165,Jay Rodriguez,2
166,Jack Rodwell,2
167,Bacary Sagna,2
168,Ramires,2
169,Bastian Schweinsteiger,2
170,Florian Thauvin,2
171,Leonardo Ulloa,2
172,Jordan Veretout,2
173,Jonathan Walters,2
174,Glenn Whelan,2
175,Ashley Williams,2
176,Charlie Adam,1
177,Victor Anichebe,1
178,Michail Antonio,1
179,Mikel Arteta,1
180,César Azpilicueta,1
181,Phil Bardsley,1
182,Modou Barrow,1
183,Valon Behrami,1
184,Christian Benteke,1
185,Saido Berahino,1
186,Steven Berghuis,1
187,Ryan Bertrand,1
188,Muhamed Besic,1
189,Daley Blind,1
190,Yannick Bolasie,1
191,Leon Britton,1
192,Gary Cahill,1
193,Nacer Chadli,1
194,Calum Chambers,1
195,Pedro Chirivella,1
196,Gaël Clichy,1
197,Nathaniel Clyne,1
198,Aaron Cresswell,1
199,Charlie Daniels,1
200,Gabriel Paulista,1
201,Fabian Delph,1
202,Mame Biram Diouf,1
203,Graham Dorrans,1
204,Nathan Dyer,1
205,Jonny Evans,1
206,Timothy Fosu-Mensah,1
207,Joseph Gomez,1
208,Lewis Grabban,1
209,Adlène Guédioura,1
210,Jonny Howson,1
211,Alan Hutton,1
212,Danny Ings,1
213,Cameron Jerome,1
214,Juanmi,1
215,Billy Jones,1
216,Yann Kermorgant,1
217,Wahbi Khazri,1
218,Andy King,1
219,Aleksandar Kolarov,1
220,Cheikhou Kouyaté,1
221,Rickie Lambert,1
222,Sebastian Larsson,1
223,Ruben Loftus-Cheek,1
224,Cuco Martina,1
225,Ryan Mason,1
226,Joselu,1
227,Adam Matthews,1
228,James McArthur,1
229,Gareth McAuley,1
230,Alberto Moreno,1
231,Victor Moses,1
232,Marc Muniesa,1
233,Jordon Mutch,1
234,Oumar Niasse,1
235,Allan-Roméo Nyom,1
236,Pedro Obiang,1
237,Shinji Okazaki,1
238,Bryan Oviedo,1
239,Alberto Paloschi,1
240,Erik Pieters,1
241,Alex Pritchard,1
242,Marc Pugh,1
243,Gastón Ramírez,1
244,Micah Richards,1
245,Kieran Richardson,1
246,Salomón Rondón,1
247,Danny Rose,1
248,Morgan Schneiderlin,1
249,Luke Shaw,1
250,Scott Sinclair,1
251,Chris Smalling,1
252,Adam Smith,1
253,Son Heung-Min,1
254,Alexandre Song,1
255,John Stones,1
256,Mario Suárez,1
257,Matt Targett,1
258,John Terry,1
259,Lee Tomlin,1
260,Antonio Valencia,1
x,,
1,Arsenal,
2,-,
3,-,
4,-,
5,-,
6,-,
7,-,
8,Tottenham Hotspur,
9,-,
10,-,
11,-,
12,Manchester City,
13,-,
14,-,
15,Tottenham Hotspur,
16,Tottenham Hotspur,
17,Liverpool,
18,-,
19,-,
20,Newcastle United,
21,Arsenal,
22,-,
23,-,
24,-,
25,-,
26,-,
27,-,
28,Tottenham Hotspur,
29,-,
30,-,
31,-,
32,Manchester City,
33,-,
34,-,
35,Tottenham Hotspur,
36,Tottenham Hotspur,
37,Liverpool,
38,-,
39,-,
40,Newcastle United,
41,Manchester City,
42,Liverpool,
43,-,
44,Stoke City,
45,-,
46,Arsenal,
47,Chelsea,
48,Watford,
49,-,
50,-,
51,Sunderland,
52,-,
53,-,
54,-,
55,Swansea City,
56,-,
57,-,
58,-,
59,-,
60,Manchester United,
61,-,
62,Manchester City,
63,-,
64,-,
65,-,
66,-,
67,-,
68,-,
69,-,
70,-,
71,-,
72,Manchester United,
73,-,
74,-,
75,-,
76,Tottenham Hotspur,
77,Tottenham Hotspur,
78,-,
79,-,
80,Manchester City,
81,-,
82,-,
83,-,
84,-,
85,-,
86,West Bromwich Albion,
87,AFC Bournemouth,
88,Leicester City,
89,-,
90,-,
91,-,
92,-,
93,Leicester City,
94,-,
95,-,
96,-,
97,Manchester United,
98,-,
99,-,
100,-,
101,-,
102,-,
103,Chelsea,
104,-,
105,AFC Bournemouth,
106,Manchester City,
107,-,
108,-,
109,-,
110,-,
111,Watford,
112,-,
113,-,
114,-,
115,-,
116,AFC Bournemouth,
117,-,
118,Liverpool,
119,-,
120,-,
121,-,
122,-,
123,-,
124,West Bromwich Albion,
125,-,
126,-,
127,-,
128,Swansea City,
129,-,
130,Leicester City,
131,-,
132,Southampton,
133,-,
134,Crystal Palace,
135,-,
136,Tottenham Hotspur,
137,-,
138,-,
139,-,
140,-,
141,West Bromwich Albion,
142,-,
143,-,
144,-,
145,-,
146,Tottenham Hotspur,
147,-,
148,-,
149,-,
150,-,
151,-,
152,Stoke City,
153,-,
154,AFC Bournemouth,
155,Everton,
156,-,
157,-,
158,-,
159,-,
160,-,
161,Leicester City,
162,-,
163,West Ham United,
164,-,
165,-,
166,-,
167,-,
168,-,
169,-,
170,-,
171,-,
172,-,
173,-,
174,-,
175,-,
176,-,
177,-,
178,-,
179,Arsenal,
180,Chelsea,
181,-,
182,-,
183,-,
184,-,
185,-,
186,-,
187,-,
188,-,
189,-,
190,-,
191,Swansea City,
192,-,
193,-,
194,-,
195,-,
196,-,
197,-,
198,West Ham United,
199,AFC Bournemouth,
200,-,
201,-,
202,Stoke City,
203,-,
204,Leicester City,
205,-,
206,-,
207,-,
208,-,
209,-,
210,-,
211,-,
212,-,
213,-,
214,-,
215,-,
216,-,
217,-,
218,-,
219,-,
220,-,
221,-,
222,-,
223,Chelsea,
224,-,
225,-,
226,-,
227,-,
228,Crystal Palace,
229,-,
230,-,
231,West Ham United,
232,-,
233,-,
234,-,
235,-,
236,-,
237,-,
238,-,
239,-,
240,-,
241,-,
242,-,
243,-,
244,-,
245,-,
246,-,
247,Tottenham Hotspur,
248,-,
249,Manchester United,
250,-,
251,-,
252,AFC Bournemouth,
253,Tottenham Hotspur,
254,-,
255,-,
256,-,
257,-,
258,-,
259,-,
260,-,
x,,
1,Germany,
2,Chile,
3,Spain,
4,Wales,
5,Cote D'Ivoire,
6,England,
7,France,
8,England,
9,Algeria,
10,Spain,
11,Brazil,
12,Belgium,
13,Switzerland,
14,Iceland,
15,Denmark,
16,Argentina,
17,England,
18,England,
19,France,
20,England,
21,Germany,
22,Chile,
23,Spain,
24,Wales,
25,Cote D'Ivoire,
26,England,
27,France,
28,England,
29,Algeria,
30,Spain,
31,Brazil,
32,Belgium,
33,Switzerland,
34,Iceland,
35,Denmark,
36,Argentina,
37,England,
38,England,
39,France,
40,England,
41,Spain,
42,Brazil,
43,Spain,
44,Spain,
45,Austria,
46,Spain,
47,Brazil,
48,England,
49,England,
50,France,
51,England,
52,England,
53,Italy,
54,Serbia,
55,Ghana,
56,Belgium,
57,Spain,
58,France,
59,Belgium,
60,Spain,
61,Spain,
62,Argentina,
63,Cote D'Ivoire,
64,Costa Rica,
65,Germany,
66,Northern Ireland,
67,Brazil,
68,Scotland,
69,Scotland,
70,Ireland,
71,Netherlands,
72,France,
73,France,
74,Ireland,
75,England,
76,England,
77,England,
78,South Korea,
79,Brazil,
80,Brazil,
81,Senegal,
82,France,
83,England,
84,Spain,
85,England,
86,Benin,
87,England,
88,England,
89,Italy,
90,Ireland,
91,England,
92,England,
93,Austria,
94,Nigeria,
95,The Democratic Republic Of Congo,
96,Ireland,
97,England,
98,Ireland,
99,Serbia,
100,Spain,
101,Ireland,
102,Scotland,
103,Spain,
104,England,
105,England,
106,England,
107,England,
108,Netherlands,
109,France,
110,United States,
111,France,
112,Netherlands,
113,France,
114,England,
115,Belgium,
116,England,
117,Senegal,
118,England,
119,England,
120,Nigeria,
121,Netherlands,
122,Spain,
123,Ireland,
124,Scotland,
125,Scotland,
126,England,
127,Spain,
128,England,
129,Burkina Faso,
130,England,
131,England,
132,England,
133,Netherlands,
134,Cote D'Ivoire,
135,Switzerland,
136,Belgium,
137,Wales,
138,Morocco,
139,Netherlands,
140,Curacao,
141,Northern Ireland,
142,England,
143,Wales,
144,England,
145,Spain,
146,Wales,
147,Argentina,
148,France,
149,England,
150,England,
151,Belgium,
152,England,
153,France,
154,Norway,
155,Cote D'Ivoire,
156,France,
157,Argentina,
158,Serbia,
159,Ireland,
160,Belgium,
161,Jamaica,
162,Senegal,
163,England,
164,Brazil,
165,England,
166,England,
167,France,
168,Brazil,
169,Germany,
170,France,
171,Argentina,
172,France,
173,Ireland,
174,Ireland,
175,Wales,
176,Scotland,
177,Nigeria,
178,England,
179,Spain,
180,Spain,
181,Scotland,
182,Gambia,
183,Switzerland,
184,Belgium,
185,Burundi,
186,Netherlands,
187,England,
188,Bosnia And Herzegovina,
189,Netherlands,
190,The Democratic Republic Of Congo,
191,England,
192,England,
193,Belgium,
194,England,
195,Spain,
196,France,
197,England,
198,England,
199,England,
200,Brazil,
201,England,
202,Senegal,
203,Scotland,
204,England,
205,Northern Ireland,
206,Netherlands,
207,England,
208,England,
209,Algeria,
210,England,
211,Scotland,
212,England,
213,England,
214,Spain,
215,England,
216,France,
217,Tunisia,
218,Wales,
219,Serbia,
220,Senegal,
221,England,
222,Sweden,
223,England,
224,Curacao,
225,England,
226,Spain,
227,Wales,
228,Scotland,
229,Northern Ireland,
230,Spain,
231,Nigeria,
232,Spain,
233,England,
234,Senegal,
235,Cameroon,
236,Equatorial Guinea,
237,Japan,
238,Costa Rica,
239,Italy,
240,Netherlands,
241,England,
242,England,
243,Uruguay,
244,England,
245,England,
246,Venezuela,
247,England,
248,France,
249,England,
250,England,
251,England,
252,England,
253,South Korea,
254,Cameroon,
255,England,
256,Spain,
257,England,
258,England,
259,England,
260,Ecuador,
x,,
1,,
2,,
3,,
4,,
5,,
6,,
7,,
8,,
9,,
10,,
11,,
12,,
13,,
14,,
15,,
16,,
17,,
18,,
19,,
20,,
21,,
22,,
23,,
24,,
25,,
26,,
27,,
28,,
29,,
30,,
31,,
32,,
33,,
34,,
35,,
36,,
37,,
38,,
39,,
40,,
41,,
42,,
43,,
44,,
45,,
46,,
47,,
48,,
49,,
50,,
51,,
52,,
53,,
54,,
55,,
56,,
57,,
58,,
59,,
60,,
61,,
62,,
63,,
64,,
65,,
66,,
67,,
68,,
69,,
70,,
71,,
72,,
73,,
74,,
75,,
76,,
77,,
78,,
79,,
80,,
81,,
82,,
83,,
84,,
85,,
86,,
87,,
88,,
89,,
90,,
91,,
92,,
93,,
94,,
95,,
96,,
97,,
98,,
99,,
100,,
101,,
102,,
103,,
104,,
105,,
106,,
107,,
108,,
109,,
110,,
111,,
112,,
113,,
114,,
115,,
116,,
117,,
118,,
119,,
120,,
121,,
122,,
123,,
124,,
125,,
126,,
127,,
128,,
129,,
130,,
131,,
132,,
133,,
134,,
135,,
136,,
137,,
138,,
139,,
140,,
141,,
142,,
143,,
144,,
145,,
146,,
147,,
148,,
149,,
150,,
151,,
152,,
153,,
154,,
155,,
156,,
157,,
158,,
159,,
160,,
161,,
162,,
163,,
164,,
165,,
166,,
167,,
168,,
169,,
170,,
171,,
172,,
173,,
174,,
175,,
176,,
177,,
178,,
179,,
180,,
181,,
182,,
183,,
184,,
185,,
186,,
187,,
188,,
189,,
190,,
191,,
192,,
193,,
194,,
195,,
196,,
197,,
198,,
199,,
200,,
201,,
202,,
203,,
204,,
205,,
206,,
207,,
208,,
209,,
210,,
211,,
212,,
213,,
214,,
215,,
216,,
217,,
218,,
219,,
220,,
221,,
222,,
223,,
224,,
225,,
226,,
227,,
228,,
229,,
230,,
231,,
232,,
233,,
234,,
235,,
236,,
237,,
238,,
239,,
240,,
241,,
242,,
243,,
244,,
245,,
246,,
247,,
248,,
249,,
250,,
251,,
252,,
253,,
254,,
255,,
256,,
257,,
258,,
259,,
260,,