x,,
1,1,
2,2,
3,2,
4,2,
5,5,
6,5,
7,5,
8,5,
9,5,
10,5,
11,5,
12,5,
13,5,
14,5,
15,5,
16,5,
17,5,
18,5,
19,5,
20,5,
21,5,
22,5,
23,5,
24,5,
25,5,
26,5,
27,5,
28,28,
29,28,
30,28,
x,,
1,Conor Coady,3
2,Craig Cathcart,2
3,Wesley Hoedt,2
4,Ben Mee,2
5,Toby Alderweireld,1
6,Phil Bardsley,1
7,Ashley Barnes,1
8,Héctor Bellerín,1
9,Séamus Coleman,1
10,Steve Cook,1
11,Lucas Digne,1
12,Issa Diop,1
13,Matt Doherty,1
14,Abdoulaye Doucouré,1
15,Timothy Fosu-Mensah,1
16,Martin Kelly,1
17,Terence Kongolo,1
18,Jefferson Lerma,1
19,Victor Lindelöf,1
20,Fernando Llorente,1
21,Denis Odoi,1
22,Marcos Rojo,1
23,Jack Simpson,1
24,Chris Smalling,1
25,Kieran Trippier,1
26,James Ward-Prowse,1
27,DeAndre Yedlin,1
28,Joe Bryan,0
29,Sead Kolasinac,0
30,Angelo Ogbonna,0
x,,
1,-,
2,Watford,
3,-,
4,Burnley,
5,Tottenham Hotspur,
6,Burnley,
7,Burnley,
8,Arsenal,
9,-,
10,AFC Bournemouth,
11,Everton,
12,West Ham United,
13,-,
14,Watford,
15,-,
16,Crystal Palace,
17,Huddersfield Town,
18,AFC Bournemouth,
19,Manchester United,
20,-,
21,Fulham,
22,-,
23,AFC Bournemouth,
24,-,
25,-,
26,Southampton,
27,Newcastle United,
28,Fulham,
29,Arsenal,
30,West Ham United,
x,,
1,England,
2,Northern Ireland,
3,Netherlands,
4,England,
5,Belgium,
6,Scotland,
7,Austria,
8,Spain,
9,Ireland,
10,England,
11,France,
12,France,
13,Ireland,
14,France,
15,Netherlands,
16,England,
17,Netherlands,
18,Colombia,
19,Sweden,
20,Spain,
21,Belgium,
22,Argentina,
23,England,
24,England,
25,England,
26,England,
27,United States,
28,England,
29,Bosnia And Herzegovina,
30,Italy,
x,,
1,,
2,,
3,,
4,,
5,,
6,,
7,,
8,,
9,,
10,,
11,,
12,,
13,,
14,,
15,,
16,,
17,,
18,,
19,,
20,,
21,,
22,,
23,,
24,,
25,,
26,,
27,,
28,,
29,,
30,,