x,,
1,1,
2,2,
3,2,
4,2,
5,5,
6,5,
7,5,
8,5,
9,9,
10,9,
11,9,
12,9,
13,9,
14,14,
15,14,
16,14,
17,14,
18,14,
19,14,
20,14,
21,1,
22,2,
23,2,
24,2,
25,5,
26,5,
27,5,
28,5,
29,9,
30,9,
31,9,
32,9,
33,9,
34,14,
35,14,
36,14,
37,14,
38,14,
39,14,
40,14,
41,14,
42,14,
43,14,
44,14,
45,14,
46,14,
47,14,
48,28,
49,28,
50,28,
51,28,
52,28,
53,28,
54,28,
55,28,
56,28,
57,28,
58,28,
59,28,
60,28,
61,28,
62,28,
63,28,
64,28,
65,28,
66,28,
67,28,
68,28,
69,28,
70,28,
71,28,
72,28,
73,28,
74,28,
75,55,
76,55,
77,55,
78,55,
79,55,
80,55,
81,55,
82,55,
83,55,
84,55,
85,55,
86,55,
87,55,
88,55,
89,55,
90,55,
91,55,
92,55,
93,55,
94,55,
95,55,
96,55,
97,55,
98,55,
99,55,
100,55,
101,55,
102,55,
103,55,
104,55,
105,55,
106,55,
107,55,
108,55,
109,55,
110,55,
111,55,
112,55,
113,55,
114,55,
115,55,
116,55,
117,55,
118,55,
119,55,
120,55,
121,55,
122,55,
123,55,
124,55,
125,55,
126,55,
127,55,
128,55,
129,55,
130,55,
131,55,
132,55,
133,55,
134,55,
135,55,
136,55,
137,55,
138,55,
139,55,
140,55,
141,55,
142,55,
143,55,
144,55,
145,55,
146,55,
147,55,
148,55,
149,55,
150,55,
151,55,
152,55,
153,55,
154,55,
155,55,
156,55,
157,55,
158,55,
159,55,
160,55,
x,,
1,Sergio Agüero,8
2,Marcos Alonso,6
3,Michail Antonio,6
4,Salomón Rondón,6
5,Willian,5
6,Sadio Mané,5
7,Aleksandar Mitrovic,5
8,Chris Wood,5
9,Pierre-Emerick Aubameyang,4
10,Luka Milivojevic,4
11,Roberto Pereyra,4
12,Nathan Redmond,4
13,Virgil van Dijk,4
14,Trent Alexander-Arnold,3
15,Harry Arter,3
16,Philip Billing,3
17,Lucas Digne,3
18,Christian Eriksen,3
19,Eden Hazard,3
20,Raúl Jiménez,3
21,Sergio Agüero,8
22,Marcos Alonso,6
23,Michail Antonio,6
24,Salomón Rondón,6
25,Willian,5
26,Sadio Mané,5
27,Aleksandar Mitrovic,5
28,Chris Wood,5
29,Pierre-Emerick Aubameyang,4
30,Luka Milivojevic,4
31,Roberto Pereyra,4
32,Nathan Redmond,4
33,Virgil van Dijk,4
34,Trent Alexander-Arnold,3
35,Harry Arter,3
36,Philip Billing,3
37,Lucas Digne,3
38,Christian Eriksen,3
39,Eden Hazard,3
40,Raúl Jiménez,3
41,Paul Pogba,3
42,Leroy Sané,3
43,Gylfi Sigurdsson,3
44,Raheem Sterling,3
45,Diogo Jota,3
46,Andros Townsend,3
47,Jamie Vardy,3
48,Ryan Babel,2
49,Sol Bamba,2
50,Ashley Barnes,2
51,Christian Benteke,2
52,Johann Gudmundsson,2
53,David Brooks,2
54,Tom Cairney,2
55,Víctor Camarasa,2
56,Ivan Cavaleiro,2
57,Richarlison,2
58,Leander Dendoncker,2
59,Mohamed Elyounoussi,2
60,Gonzalo Higuaín,2
61,Alireza Jahanbakhsh,2
62,Harry Kane,2
63,Romelu Lukaku,2
64,Riyad Mahrez,2
65,James McArthur,2
66,Steve Mounie,2
67,Josh Murphy,2
68,Wilfred Ndidi,2
69,Kenedy,2
70,Felipe Anderson,2
71,Fred,2
72,Mohamed Salah,2
73,Callum Wilson,2
74,Wilfried Zaha,2
75,Nathan Aké,1
76,Toby Alderweireld,1
77,Miguel Almirón,1
78,Bernard,1
79,Marko Arnautovic,1
80,Juninho Bacuna,1
81,Fabián Balbuena,1
82,Roberto Firmino,1
83,Ricardo Pereira,1
84,Ross Barkley,1
85,Ryan Bertrand,1
86,Dominic Calvert-Lewin,1
87,Andy Carroll,1
88,Jonny,1
89,Calum Chambers,1
90,Tom Cleverley,1
91,Gabriel Jesus,1
92,Troy Deeney,1
93,Laurent Depoitre,1
94,Gerard Deulofeu,1
95,Mohamed Diamé,1
96,Matt Doherty,1
97,Shane Duffy,1
98,Erik Durm,1
99,Phil Foden,1
100,Ryan Fraser,1
101,Rachid Ghezzal,1
102,Morgan Gibbs-White,1
103,Olivier Giroud,1
104,Dan Gosling,1
105,Demarai Gray,1
106,Mason Greenwood,1
107,Idrissa Gueye,1
108,Ilkay Gündogan,1
109,Kadeem Harris,1
110,Jonathan Hogg,1
111,David Junior Hoilett,1
112,José Holebas,1
113,Pierre-Emile Højbjerg,1
114,Jordon Ibe,1
115,Danny Ings,1
116,Michael Keane,1
117,Naby Keita,1
118,Jonjoe Kenny,1
119,Ki Sung-yueng,1
120,Joshua King,1
121,Cheikhou Kouyaté,1
122,Mateo Kovacic,1
123,Alexandre Lacazette,1
124,Erik Lamela,1
125,Mario Lemina,1
126,Jefferson Lerma,1
127,Fernando Llorente,1
128,Shane Long,1
129,Sean Longstaff,1
130,Ademola Lookman,1
131,Chris Löwe,1
132,David Luiz,1
133,James Maddison,1
134,Harry Maguire,1
135,Adam Masina,1
136,Joselu,1
137,Dwight McNeil,1
138,Ben Mee,1
139,Nathaniel Mendez-Laing,1
140,Max Meyer,1
141,Henrikh Mkhitaryan,1
142,Martín Montoya,1
143,Aaron Mooy,1
144,Sean Morrison,1
145,Glenn Murray,1
146,Oumar Niasse,1
147,Pedro Obiang,1
148,Divock Origi,1
149,Mesut Özil,1
150,Callum Paterson,1
151,Ayoze Pérez,1
152,Davy Pröpper,1
153,Declan Rice,1
154,Andrew Robertson,1
155,Lucas Moura,1
156,Danny Rose,1
157,Antonio Rüdiger,1
158,João Moutinho,1
159,André Schürrle,1
160,Jean Michael Seri,1
x,,
1,Manchester City,
2,Chelsea,
3,-,
4,-,
5,Chelsea,
6,Liverpool,
7,Fulham,
8,Burnley,
9,Arsenal,
10,Crystal Palace,
11,Watford,
12,-,
13,Liverpool,
14,Liverpool,
15,Cardiff City,
16,-,
17,Everton,
18,Tottenham Hotspur,
19,-,
20,-,
21,Manchester City,
22,Chelsea,
23,-,
24,-,
25,Chelsea,
26,Liverpool,
27,Fulham,
28,Burnley,
29,Arsenal,
30,Crystal Palace,
31,Watford,
32,-,
33,Liverpool,
34,Liverpool,
35,Cardiff City,
36,-,
37,Everton,
38,Tottenham Hotspur,
39,-,
40,-,
41,Manchester United,
42,Manchester City,
43,Everton,
44,Manchester City,
45,Wolverhampton Wanderers,
46,Crystal Palace,
47,Leicester City,
48,-,
49,Cardiff City,
50,Burnley,
51,Crystal Palace,
52,Burnley,
53,AFC Bournemouth,
54,Fulham,
55,Cardiff City,
56,-,
57,Everton,
58,-,
59,-,
60,-,
61,-,
62,Tottenham Hotspur,
63,-,
64,Manchester City,
65,Crystal Palace,
66,Huddersfield Town,
67,Cardiff City,
68,Leicester City,
69,-,
70,West Ham United,
71,Manchester United,
72,Liverpool,
73,AFC Bournemouth,
74,Crystal Palace,
75,AFC Bournemouth,
76,Tottenham Hotspur,
77,Newcastle United,
78,Everton,
79,-,
80,Huddersfield Town,
81,-,
82,Liverpool,
83,Leicester City,
84,-,
85,-,
86,Everton,
87,-,
88,Wolverhampton Wanderers,
89,-,
90,Watford,
91,Manchester City,
92,Watford,
93,-,
94,Watford,
95,-,
96,-,
97,Brighton and Hove Albion,
98,-,
99,-,
100,AFC Bournemouth,
101,-,
102,Wolverhampton Wanderers,
103,Chelsea,
104,AFC Bournemouth,
105,-,
106,-,
107,-,
108,-,
109,-,
110,Huddersfield Town,
111,Cardiff City,
112,Watford,
113,-,
114,AFC Bournemouth,
115,-,
116,Everton,
117,Liverpool,
118,-,
119,Newcastle United,
120,AFC Bournemouth,
121,Crystal Palace,
122,-,
123,Arsenal,
124,Tottenham Hotspur,
125,-,
126,AFC Bournemouth,
127,-,
128,-,
129,Newcastle United,
130,-,
131,Huddersfield Town,
132,-,
133,Leicester City,
134,-,
135,Watford,
136,-,
137,Burnley,
138,Burnley,
139,Cardiff City,
140,Crystal Palace,
141,-,
142,Brighton and Hove Albion,
143,-,
144,Cardiff City,
145,Brighton and Hove Albion,
146,-,
147,-,
148,Liverpool,
149,Arsenal,
150,Cardiff City,
151,-,
152,Brighton and Hove Albion,
153,-,
154,Liverpool,
155,Tottenham Hotspur,
156,Tottenham Hotspur,
157,Chelsea,
158,Wolverhampton Wanderers,
159,Fulham,
160,Fulham,
x,,
1,Argentina,
2,Spain,
3,England,
4,Venezuela,
5,Brazil,
6,Senegal,
7,Serbia,
8,New Zealand,
9,Gabon,
10,Serbia,
11,Argentina,
12,England,
13,Netherlands,
14,England,
15,Ireland,
16,Denmark,
17,France,
18,Denmark,
19,Belgium,
20,Mexico,
21,Argentina,
22,Spain,
23,England,
24,Venezuela,
25,Brazil,
26,Senegal,
27,Serbia,
28,New Zealand,
29,Gabon,
30,Serbia,
31,Argentina,
32,England,
33,Netherlands,
34,England,
35,Ireland,
36,Denmark,
37,France,
38,Denmark,
39,Belgium,
40,Mexico,
41,France,
42,Germany,
43,Iceland,
44,England,
45,Portugal,
46,England,
47,England,
48,Netherlands,
49,Cote D'Ivoire,
50,Austria,
51,Belgium,
52,Iceland,
53,Wales,
54,Scotland,
55,Spain,
56,Portugal,
57,Brazil,
58,Belgium,
59,Norway,
60,Argentina,
61,Iran,
62,England,
63,Belgium,
64,Algeria,
65,Scotland,
66,Benin,
67,England,
68,Nigeria,
69,Brazil,
70,Brazil,
71,Brazil,
72,Egypt,
73,England,
74,Cote D'Ivoire,
75,Netherlands,
76,Belgium,
77,Paraguay,
78,Brazil,
79,Austria,
80,Curacao,
81,Paraguay,
82,Brazil,
83,Portugal,
84,England,
85,England,
86,England,
87,England,
88,Spain,
89,England,
90,England,
91,Brazil,
92,England,
93,Belgium,
94,Spain,
95,Senegal,
96,Ireland,
97,Ireland,
98,Germany,
99,England,
100,Scotland,
101,Algeria,
102,England,
103,France,
104,England,
105,England,
106,England,
107,Senegal,
108,Germany,
109,England,
110,England,
111,Canada,
112,Greece,
113,Denmark,
114,England,
115,England,
116,England,
117,Guinea,
118,England,
119,South Korea,
120,Norway,
121,Senegal,
122,Croatia,
123,France,
124,Argentina,
125,Gabon,
126,Colombia,
127,Spain,
128,Ireland,
129,England,
130,England,
131,Germany,
132,Brazil,
133,England,
134,England,
135,Italy,
136,Spain,
137,England,
138,England,
139,England,
140,Germany,
141,Armenia,
142,Spain,
143,Australia,
144,England,
145,England,
146,Senegal,
147,Equatorial Guinea,
148,Belgium,
149,Germany,
150,Scotland,
151,Spain,
152,Netherlands,
153,England,
154,Scotland,
155,Brazil,
156,England,
157,Germany,
158,Portugal,
159,Germany,
160,Cote D'Ivoire,
x,,
1,,
2,,
3,,
4,,
5,,
6,,
7,,
8,,
9,,
10,,
11,,
12,,
13,,
14,,
15,,
16,,
17,,
18,,
19,,
20,,
21,,
22,,
23,,
24,,
25,,
26,,
27,,
28,,
29,,
30,,
31,,
32,,
33,,
34,,
35,,
36,,
37,,
38,,
39,,
40,,
41,,
42,,
43,,
44,,
45,,
46,,
47,,
48,,
49,,
50,,
51,,
52,,
53,,
54,,
55,,
56,,
57,,
58,,
59,,
60,,
61,,
62,,
63,,
64,,
65,,
66,,
67,,
68,,
69,,
70,,
71,,
72,,
73,,
74,,
75,,
76,,
77,,
78,,
79,,
80,,
81,,
82,,
83,,
84,,
85,,
86,,
87,,
88,,
89,,
90,,
91,,
92,,
93,,
94,,
95,,
96,,
97,,
98,,
99,,
100,,
101,,
102,,
103,,
104,,
105,,
106,,
107,,
108,,
109,,
110,,
111,,
112,,
113,,
114,,
115,,
116,,
117,,
118,,
119,,
120,,
121,,
122,,
123,,
124,,
125,,
126,,
127,,
128,,
129,,
130,,
131,,
132,,
133,,
134,,
135,,
136,,
137,,
138,,
139,,
140,,
141,,
142,,
143,,
144,,
145,,
146,,
147,,
148,,
149,,
150,,
151,,
152,,
153,,
154,,
155,,
156,,
157,,
158,,
159,,
160,,