x,,
1,1,
2,2,
3,2,
4,2,
5,2,
6,6,
7,6,
8,6,
9,6,
10,6,
11,6,
12,6,
13,6,
14,6,
15,6,
16,6,
17,6,
x,,
1,James Maddison,3
2,Rúben Neves,2
3,Lucas Digne,2
4,James Ward-Prowse,2
5,Granit Xhaka,2
6,Trent Alexander-Arnold,1
7,Cédric Soares,1
8,Christian Eriksen,1
9,Ilkay Gündogan,1
10,Alexandre Lacazette,1
11,Juan Mata,1
12,Luka Milivojevic,1
13,Aaron Mooy,1
14,Marcus Rashford,1
15,Salomón Rondón,1
16,David Silva,1
17,Kieran Trippier,1
x,,
1,Leicester City,
2,Wolverhampton Wanderers,
3,Everton,
4,Southampton,
5,Arsenal,
6,Liverpool,
7,-,
8,Tottenham Hotspur,
9,-,
10,Arsenal,
11,Manchester United,
12,Crystal Palace,
13,-,
14,Manchester United,
15,-,
16,Manchester City,
17,-,
x,,
1,England,
2,Portugal,
3,France,
4,England,
5,Switzerland,
6,England,
7,Portugal,
8,Denmark,
9,Germany,
10,France,
11,Spain,
12,Serbia,
13,Australia,
14,England,
15,Venezuela,
16,Spain,
17,England,
x,,
1,,
2,,
3,,
4,,
5,,
6,,
7,,
8,,
9,,
10,,
11,,
12,,
13,,
14,,
15,,
16,,
17,,