x,,
1,1,
2,1,
3,1,
4,1,
5,1,
6,1,
7,1,
8,8,
9,8,
10,8,
11,8,
12,8,
13,8,
14,8,
15,8,
16,8,
17,8,
18,8,
19,8,
20,8,
21,1,
22,1,
23,1,
24,1,
25,1,
26,1,
27,1,
28,8,
29,8,
30,8,
31,8,
32,8,
33,8,
34,8,
35,8,
36,8,
37,8,
38,8,
39,8,
40,8,
41,8,
42,8,
43,8,
44,8,
45,8,
46,8,
47,8,
48,8,
49,8,
50,8,
51,8,
52,8,
53,8,
54,8,
55,8,
56,8,
57,8,
58,8,
59,8,
60,8,
x,,
1,Craig Cathcart,2
2,Lewis Dunk,2
3,Wesley Hoedt,2
4,Jamaal Lascelles,2
5,Harry Maguire,2
6,Adrian Mariappa,2
7,Charlie Taylor,2
8,Nathan Aké,1
9,Toby Alderweireld,1
10,Cédric Soares,1
11,Kepa Arrizabalaga,1
12,Fabián Balbuena,1
13,Phil Bardsley,1
14,Jan Bednarek,1
15,Willy Boly,1
16,Ben Chilwell,1
17,Nathaniel Clyne,1
18,Séamus Coleman,1
19,Steve Cook,1
20,Aaron Cresswell,1
21,Craig Cathcart,2
22,Lewis Dunk,2
23,Wesley Hoedt,2
24,Jamaal Lascelles,2
25,Harry Maguire,2
26,Adrian Mariappa,2
27,Charlie Taylor,2
28,Nathan Aké,1
29,Toby Alderweireld,1
30,Cédric Soares,1
31,Kepa Arrizabalaga,1
32,Fabián Balbuena,1
33,Phil Bardsley,1
34,Jan Bednarek,1
35,Willy Boly,1
36,Ben Chilwell,1
37,Nathaniel Clyne,1
38,Séamus Coleman,1
39,Steve Cook,1
40,Aaron Cresswell,1
41,Greg Cunningham,1
42,Lucas Digne,1
43,Rui Patrício,1
44,Martin Dubravka,1
45,Neil Etheridge,1
46,Lukasz Fabianski,1
47,Juan Foyth,1
48,Ryan Fredericks,1
49,Ben Gibson,1
50,Pascal Groß,1
51,José Holebas,1
52,Phil Jones,1
53,Christian Kabasele,1
54,Michael Keane,1
55,Terence Kongolo,1
56,Victor Lindelöf,1
57,David Luiz,1
58,Ainsley Maitland-Niles,1
59,Ben Mee,1
60,Nathaniel Mendez-Laing,1
x,,
1,Watford,
2,Brighton and Hove Albion,
3,-,
4,-,
5,-,
6,Watford,
7,Burnley,
8,AFC Bournemouth,
9,Tottenham Hotspur,
10,-,
11,Chelsea,
12,-,
13,Burnley,
14,-,
15,Wolverhampton Wanderers,
16,Leicester City,
17,-,
18,-,
19,AFC Bournemouth,
20,West Ham United,
21,Watford,
22,Brighton and Hove Albion,
23,-,
24,-,
25,-,
26,Watford,
27,Burnley,
28,AFC Bournemouth,
29,Tottenham Hotspur,
30,-,
31,Chelsea,
32,-,
33,Burnley,
34,-,
35,Wolverhampton Wanderers,
36,Leicester City,
37,-,
38,-,
39,AFC Bournemouth,
40,West Ham United,
41,-,
42,Everton,
43,Wolverhampton Wanderers,
44,Newcastle United,
45,Cardiff City,
46,West Ham United,
47,Tottenham Hotspur,
48,West Ham United,
49,Burnley,
50,Brighton and Hove Albion,
51,Watford,
52,Manchester United,
53,Watford,
54,Everton,
55,Huddersfield Town,
56,Manchester United,
57,-,
58,Arsenal,
59,Burnley,
60,Cardiff City,
x,,
1,Northern Ireland,
2,England,
3,Netherlands,
4,England,
5,England,
6,Jamaica,
7,England,
8,Netherlands,
9,Belgium,
10,Portugal,
11,Spain,
12,Paraguay,
13,Scotland,
14,Poland,
15,Cote D'Ivoire,
16,England,
17,England,
18,Ireland,
19,England,
20,England,
21,Northern Ireland,
22,England,
23,Netherlands,
24,England,
25,England,
26,Jamaica,
27,England,
28,Netherlands,
29,Belgium,
30,Portugal,
31,Spain,
32,Paraguay,
33,Scotland,
34,Poland,
35,Cote D'Ivoire,
36,England,
37,England,
38,Ireland,
39,England,
40,England,
41,Ireland,
42,France,
43,Portugal,
44,Slovakia,
45,Philippines,
46,Poland,
47,Argentina,
48,England,
49,England,
50,Germany,
51,Greece,
52,England,
53,Belgium,
54,England,
55,Netherlands,
56,Sweden,
57,Brazil,
58,England,
59,England,
60,England,
x,,
1,,
2,,
3,,
4,,
5,,
6,,
7,,
8,,
9,,
10,,
11,,
12,,
13,,
14,,
15,,
16,,
17,,
18,,
19,,
20,,
21,,
22,,
23,,
24,,
25,,
26,,
27,,
28,,
29,,
30,,
31,,
32,,
33,,
34,,
35,,
36,,
37,,
38,,
39,,
40,,
41,,
42,,
43,,
44,,
45,,
46,,
47,,
48,,
49,,
50,,
51,,
52,,
53,,
54,,
55,,
56,,
57,,
58,,
59,,
60,,