x,,
1,1,
2,2,
3,3,
4,4,
5,4,
6,4,
7,4,
8,4,
9,4,
10,10,
11,10,
12,10,
13,13,
14,13,
15,13,
16,13,
17,13,
18,18,
19,18,
20,18,
21,1,
22,2,
23,3,
24,4,
25,4,
26,4,
27,4,
28,4,
29,4,
30,10,
31,10,
32,10,
33,13,
34,13,
35,13,
36,13,
37,13,
38,18,
39,18,
40,18,
x,,
1,Luka Milivojevic,10
2,Paul Pogba,7
3,Joshua King,5
4,Pierre-Emerick Aubameyang,4
5,Eden Hazard,4
6,Harry Kane,4
7,Glenn Murray,4
8,Mark Noble,4
9,Jamie Vardy,4
10,Danny Ings,3
11,James Milner,3
12,Mohamed Salah,3
13,Sergio Agüero,2
14,Ashley Barnes,2
15,Rúben Neves,2
16,Raúl Jiménez,2
17,Gylfi Sigurdsson,2
18,Marko Arnautovic,1
19,Roberto Firmino,1
20,Víctor Camarasa,1
21,Luka Milivojevic,10
22,Paul Pogba,7
23,Joshua King,5
24,Pierre-Emerick Aubameyang,4
25,Eden Hazard,4
26,Harry Kane,4
27,Glenn Murray,4
28,Mark Noble,4
29,Jamie Vardy,4
30,Danny Ings,3
31,James Milner,3
32,Mohamed Salah,3
33,Sergio Agüero,2
34,Ashley Barnes,2
35,Rúben Neves,2
36,Raúl Jiménez,2
37,Gylfi Sigurdsson,2
38,Marko Arnautovic,1
39,Roberto Firmino,1
40,Víctor Camarasa,1
x,,
1,Crystal Palace,
2,Manchester United,
3,AFC Bournemouth,
4,Arsenal,
5,-,
6,Tottenham Hotspur,
7,Brighton and Hove Albion,
8,West Ham United,
9,Leicester City,
10,-,
11,Liverpool,
12,Liverpool,
13,Manchester City,
14,Burnley,
15,Wolverhampton Wanderers,
16,-,
17,Everton,
18,-,
19,Liverpool,
20,Cardiff City,
21,Crystal Palace,
22,Manchester United,
23,AFC Bournemouth,
24,Arsenal,
25,-,
26,Tottenham Hotspur,
27,Brighton and Hove Albion,
28,West Ham United,
29,Leicester City,
30,-,
31,Liverpool,
32,Liverpool,
33,Manchester City,
34,Burnley,
35,Wolverhampton Wanderers,
36,-,
37,Everton,
38,-,
39,Liverpool,
40,Cardiff City,
x,,
1,Serbia,
2,France,
3,Norway,
4,Gabon,
5,Belgium,
6,England,
7,England,
8,England,
9,England,
10,England,
11,England,
12,Egypt,
13,Argentina,
14,Austria,
15,Portugal,
16,Mexico,
17,Iceland,
18,Austria,
19,Brazil,
20,Spain,
21,Serbia,
22,France,
23,Norway,
24,Gabon,
25,Belgium,
26,England,
27,England,
28,England,
29,England,
30,England,
31,England,
32,Egypt,
33,Argentina,
34,Austria,
35,Portugal,
36,Mexico,
37,Iceland,
38,Austria,
39,Brazil,
40,Spain,
x,,
1,,
2,,
3,,
4,,
5,,
6,,
7,,
8,,
9,,
10,,
11,,
12,,
13,,
14,,
15,,
16,,
17,,
18,,
19,,
20,,
21,,
22,,
23,,
24,,
25,,
26,,
27,,
28,,
29,,
30,,
31,,
32,,
33,,
34,,
35,,
36,,
37,,
38,,
39,,
40,,