x,,
1,1,
2,2,
3,3,
4,3,
5,5,
6,6,
7,6,
8,8,
9,8,
10,10,
11,10,
12,10,
13,10,
14,10,
15,10,
16,16,
17,16,
18,16,
19,16,
20,16,
21,1,
22,2,
23,3,
24,3,
25,5,
26,6,
27,6,
28,8,
29,8,
30,10,
31,10,
32,10,
33,10,
34,10,
35,10,
36,16,
37,16,
38,16,
39,16,
40,16,
41,21,
42,21,
43,21,
44,21,
45,21,
46,21,
47,21,
48,21,
49,21,
50,21,
51,21,
52,21,
53,21,
54,21,
55,35,
56,35,
57,35,
58,35,
59,35,
60,35,
61,35,
62,35,
63,35,
64,35,
65,35,
66,35,
67,35,
68,35,
69,35,
70,35,
71,51,
72,51,
73,51,
74,51,
75,51,
76,51,
77,51,
78,51,
79,51,
80,51,
81,51,
82,51,
83,51,
84,51,
85,51,
86,51,
87,51,
88,51,
89,51,
90,51,
91,51,
92,51,
93,73,
94,73,
95,73,
96,73,
97,73,
98,73,
99,73,
100,73,
101,73,
102,73,
103,73,
104,73,
105,73,
106,73,
107,73,
108,73,
109,73,
110,73,
111,73,
112,73,
113,73,
114,73,
115,73,
116,73,
117,73,
118,73,
119,73,
120,73,
121,73,
122,73,
123,73,
124,73,
125,105,
126,105,
127,105,
128,105,
129,105,
130,105,
131,105,
132,105,
133,105,
134,105,
135,105,
136,105,
137,105,
138,105,
139,105,
140,105,
141,105,
142,105,
143,105,
144,105,
145,105,
146,105,
147,105,
148,105,
149,105,
150,105,
151,105,
152,105,
153,105,
154,105,
155,105,
156,105,
157,105,
158,105,
159,105,
160,105,
161,105,
162,105,
163,105,
164,105,
165,105,
166,105,
167,105,
168,105,
169,105,
170,105,
171,105,
172,105,
173,105,
174,105,
175,105,
176,156,
177,156,
178,156,
179,156,
180,156,
181,156,
182,156,
183,156,
184,156,
185,156,
186,156,
187,156,
188,156,
189,156,
190,156,
191,156,
192,156,
193,156,
194,156,
195,156,
196,156,
197,156,
198,156,
199,156,
200,156,
201,156,
202,156,
203,156,
204,156,
205,156,
206,156,
207,156,
208,156,
209,156,
210,156,
211,156,
212,156,
213,156,
214,156,
215,156,
216,156,
217,156,
218,156,
219,156,
220,156,
221,156,
222,156,
223,156,
224,156,
225,156,
226,156,
227,156,
228,156,
229,156,
230,156,
231,156,
232,156,
233,156,
234,156,
235,156,
236,156,
237,156,
238,156,
239,156,
240,156,
241,156,
242,156,
243,156,
244,156,
245,156,
246,156,
247,156,
248,156,
249,156,
250,156,
251,156,
252,156,
253,156,
254,156,
255,156,
256,156,
257,156,
258,156,
259,156,
260,156,
261,156,
262,156,
263,263,
264,263,
x,,
1,Eden Hazard,15
2,Ryan Fraser,14
3,Trent Alexander-Arnold,12
4,Christian Eriksen,12
5,Andrew Robertson,11
6,Leroy Sané,10
7,Raheem Sterling,10
8,Paul Pogba,9
9,Callum Wilson,9
10,Sergio Agüero,8
11,Alexandre Lacazette,8
12,Matt Ritchie,8
13,Mohamed Salah,8
14,João Moutinho,8
15,David Silva,8
16,Raúl Jiménez,7
17,James Maddison,7
18,Salomón Rondón,7
19,Bernardo Silva,7
20,Ashley Westwood,7
21,Eden Hazard,15
22,Ryan Fraser,14
23,Trent Alexander-Arnold,12
24,Christian Eriksen,12
25,Andrew Robertson,11
26,Leroy Sané,10
27,Raheem Sterling,10
28,Paul Pogba,9
29,Callum Wilson,9
30,Sergio Agüero,8
31,Alexandre Lacazette,8
32,Matt Ritchie,8
33,Mohamed Salah,8
34,João Moutinho,8
35,David Silva,8
36,Raúl Jiménez,7
37,James Maddison,7
38,Salomón Rondón,7
39,Bernardo Silva,7
40,Ashley Westwood,7
41,Roberto Firmino,6
42,Ricardo Pereira,6
43,Johann Gudmundsson,6
44,Willian,6
45,Abdoulaye Doucouré,6
46,José Holebas,6
47,Alex Iwobi,6
48,Anthony Knockaert,6
49,James McArthur,6
50,Aaron Ramsey,6
51,Marcus Rashford,6
52,Ryan Sessegnon,6
53,Gylfi Sigurdsson,6
54,Son Heung-Min,6
55,Pierre-Emerick Aubameyang,5
56,César Azpilicueta,5
57,Ross Barkley,5
58,Héctor Bellerín,5
59,David Brooks,5
60,Troy Deeney,5
61,Gerard Deulofeu,5
62,Matt Doherty,5
63,Sead Kolasinac,5
64,Solly March,5
65,Dwight McNeil,5
66,Benjamin Mendy,5
67,Mark Noble,5
68,Robert Snodgrass,5
69,Diogo Jota,5
70,Wilfried Zaha,5
71,Marcos Alonso,4
72,Michail Antonio,4
73,Marko Arnautovic,4
74,Víctor Camarasa,4
75,Ben Chilwell,4
76,Lucas Digne,4
77,Olivier Giroud,4
78,Isaac Hayden,4
79,Will Hughes,4
80,Harry Kane,4
81,N'Golo Kanté,4
82,Fernando Llorente,4
83,Riyad Mahrez,4
84,James Milner,4
85,Henrikh Mkhitaryan,4
86,Felipe Anderson,4
87,Nathan Redmond,4
88,Luke Shaw,4
89,Youri Tielemans,4
90,Andros Townsend,4
91,Jamie Vardy,4
92,Luciano Vietto,4
93,Dele Alli,3
94,Bernard,3
95,Ryan Babel,3
96,Etienne Capoue,3
97,Rúben Neves,3
98,Gabriel Jesus,3
99,Pascal Groß,3
100,Ilkay Gündogan,3
101,Jordan Henderson,3
102,Ander Herrera,3
103,Pierre-Emile Højbjerg,3
104,Kelechi Iheanacho,3
105,Danny Ings,3
106,Joshua King,3
107,Aymeric Laporte,3
108,Fernandinho,3
109,Javier Manquillo,3
110,Aleksandar Mitrovic,3
111,Nacho Monreal,3
112,Sean Morrison,3
113,Steve Mounie,3
114,Danny Rose,3
115,Alexis Sánchez,3
116,Xherdan Shaqiri,3
117,Moussa Sissoko,3
118,Junior Stanislas,3
119,Matt Targett,3
120,Cenk Tosun,3
121,Kieran Trippier,3
122,Kyle Walker-Peters,3
123,Aaron Wan-Bissaka,3
124,Oleksandr Zinchenko,3
125,Marc Albrighton,2
126,Cédric Soares,2
127,Stuart Armstrong,2
128,Serge Aurier,2
129,Charlie Austin,2
130,Jordan Ayew,2
131,Harvey Barnes,2
132,Ashley Barnes,2
133,Dominic Calvert-Lewin,2
134,Séamus Coleman,2
135,Jack Cork,2
136,Diogo Dalot,2
137,Kevin De Bruyne,2
138,Bobby De Cordova-Reid,2
139,Simon Francis,2
140,Andre Gray,2
141,Idrissa Gueye,2
142,Daryl Janmaat,2
143,Michael Keane,2
144,Cheikhou Kouyaté,2
145,Mateo Kovacic,2
146,Erik Lamela,2
147,Jesse Lingard,2
148,Ruben Loftus-Cheek,2
149,Ademola Lookman,2
150,Chris Löwe,2
151,David Luiz,2
152,Anthony Martial,2
153,Juan Mata,2
154,Ben Mee,2
155,Max Meyer,2
156,Luka Milivojevic,2
157,Josh Murphy,2
158,Samir Nasri,2
159,Mesut Özil,2
160,Sokratis,2
161,Ayoze Pérez,2
162,Pedro,2
163,Ken Sema,2
164,Jean Michael Seri,2
165,Hélder Costa,2
166,Fabinho,2
167,Lucas Torreira,2
168,Patrick van Aanholt,2
169,Virgil van Dijk,2
170,Theo Walcott,2
171,Chris Wood,2
172,Granit Xhaka,2
173,DeAndre Yedlin,2
174,Ashley Young,2
175,Kurt Zouma,2
176,Harry Arter,1
177,Sol Bamba,1
178,Jan Bednarek,1
179,Joe Bennett,1
180,Christian Benteke,1
181,Robbie Brady,1
182,Joe Bryan,1
183,Tom Cairney,1
184,Jonny,1
185,Ivan Cavaleiro,1
186,Cyrus Christie,1
187,Nathaniel Clyne,1
188,Steve Cook,1
189,Aaron Cresswell,1
190,Scott Dann,1
191,Steven Davis,1
192,Richarlison,1
193,Fabian Delph,1
194,Laurent Depoitre,1
195,Grady Diangana,1
196,Shane Duffy,1
197,Lewis Dunk,1
198,Erik Durm,1
199,Bruno Ecuele Manga,1
200,Marouane Fellaini,1
201,Kiko Femenía,1
202,Bernardo,1
203,Federico Fernández,1
204,Morgan Gibbs-White,1
205,Dan Gosling,1
206,Demarai Gray,1
207,Aron Gunnarsson,1
208,Chicharito,1
209,Andreas Pereira,1
210,Jonathan Hogg,1
211,David Junior Hoilett,1
212,Callum Hudson-Odoi,1
213,Jordon Ibe,1
214,José Izquierdo,1
215,Phil Jones,1
216,Zanka,1
217,Beram Kayal,1
218,Naby Keita,1
219,Jonjoe Kenny,1
220,Ki Sung-yueng,1
221,Terence Kongolo,1
222,Manuel Lanzini,1
223,Jamaal Lascelles,1
224,Maxime Le Marchand,1
225,Mario Lemina,1
226,Aaron Lennon,1
227,Victor Lindelöf,1
228,Léo Bonatini,1
229,Kevin Long,1
230,Shane Long,1
231,Jonas Lössl,1
232,Ainsley Maitland-Niles,1
233,Sadio Mané,1
234,Adam Masina,1
235,Arthur Masuaku,1
236,Isaac Mbenza,1
237,Nathaniel Mendez-Laing,1
238,Chris Mepham,1
239,Martín Montoya,1
240,Aaron Mooy,1
241,Jacob Murphy,1
242,Glenn Murray,1
243,Georges-Kévin Nkoudou,1
244,Håvard Nordtveit,1
245,Kenedy,1
246,Michael Obafemi,1
247,Pedro Obiang,1
248,Denis Odoi,1
249,Angelo Ogbonna,1
250,Shinji Okazaki,1
251,Divock Origi,1
252,Callum Paterson,1
253,Roberto Pereyra,1
254,Davy Pröpper,1
255,Fred,1
256,Bruno,1
257,Davinson Sánchez,1
258,Ederson,1
259,Fabian Schär,1
260,Jeffrey Schlupp,1
261,Pablo Zabaleta,1
262,Kenneth Zohore,1
263,Ben Davies,0
264,Issa Diop,0
x,,
1,-,
2,AFC Bournemouth,
3,Liverpool,
4,Tottenham Hotspur,
5,Liverpool,
6,Manchester City,
7,Manchester City,
8,Manchester United,
9,AFC Bournemouth,
10,Manchester City,
11,Arsenal,
12,Newcastle United,
13,Liverpool,
14,Wolverhampton Wanderers,
15,Manchester City,
16,-,
17,Leicester City,
18,-,
19,Manchester City,
20,Burnley,
21,-,
22,AFC Bournemouth,
23,Liverpool,
24,Tottenham Hotspur,
25,Liverpool,
26,Manchester City,
27,Manchester City,
28,Manchester United,
29,AFC Bournemouth,
30,Manchester City,
31,Arsenal,
32,Newcastle United,
33,Liverpool,
34,Wolverhampton Wanderers,
35,Manchester City,
36,-,
37,Leicester City,
38,-,
39,Manchester City,
40,Burnley,
41,Liverpool,
42,Leicester City,
43,Burnley,
44,Chelsea,
45,Watford,
46,Watford,
47,-,
48,-,
49,Crystal Palace,
50,-,
51,Manchester United,
52,-,
53,Everton,
54,Tottenham Hotspur,
55,Arsenal,
56,Chelsea,
57,-,
58,Arsenal,
59,AFC Bournemouth,
60,Watford,
61,Watford,
62,-,
63,Arsenal,
64,Brighton and Hove Albion,
65,Burnley,
66,-,
67,West Ham United,
68,West Ham United,
69,Wolverhampton Wanderers,
70,Crystal Palace,
71,Chelsea,
72,-,
73,-,
74,Cardiff City,
75,Leicester City,
76,Everton,
77,Chelsea,
78,Newcastle United,
79,Watford,
80,Tottenham Hotspur,
81,Chelsea,
82,-,
83,Manchester City,
84,Liverpool,
85,-,
86,West Ham United,
87,-,
88,Manchester United,
89,-,
90,Crystal Palace,
91,Leicester City,
92,-,
93,Tottenham Hotspur,
94,Everton,
95,-,
96,Watford,
97,Wolverhampton Wanderers,
98,Manchester City,
99,Brighton and Hove Albion,
100,-,
101,Liverpool,
102,-,
103,-,
104,-,
105,-,
106,AFC Bournemouth,
107,Manchester City,
108,Manchester City,
109,Newcastle United,
110,Fulham,
111,-,
112,Cardiff City,
113,Huddersfield Town,
114,Tottenham Hotspur,
115,-,
116,Liverpool,
117,Tottenham Hotspur,
118,AFC Bournemouth,
119,-,
120,Everton,
121,-,
122,-,
123,-,
124,Manchester City,
125,Leicester City,
126,-,
127,Southampton,
128,Tottenham Hotspur,
129,-,
130,-,
131,-,
132,Burnley,
133,Everton,
134,-,
135,Burnley,
136,Manchester United,
137,Manchester City,
138,-,
139,AFC Bournemouth,
140,Watford,
141,-,
142,Watford,
143,Everton,
144,Crystal Palace,
145,-,
146,Tottenham Hotspur,
147,Manchester United,
148,Chelsea,
149,-,
150,Huddersfield Town,
151,-,
152,Manchester United,
153,Manchester United,
154,Burnley,
155,Crystal Palace,
156,Crystal Palace,
157,Cardiff City,
158,-,
159,Arsenal,
160,Arsenal,
161,-,
162,Chelsea,
163,-,
164,Fulham,
165,-,
166,Liverpool,
167,Arsenal,
168,Crystal Palace,
169,Liverpool,
170,Everton,
171,Burnley,
172,Arsenal,
173,Newcastle United,
174,Manchester United,
175,-,
176,Cardiff City,
177,Cardiff City,
178,-,
179,Cardiff City,
180,Crystal Palace,
181,Burnley,
182,Fulham,
183,Fulham,
184,Wolverhampton Wanderers,
185,-,
186,Fulham,
187,-,
188,AFC Bournemouth,
189,West Ham United,
190,-,
191,-,
192,Everton,
193,-,
194,-,
195,-,
196,Brighton and Hove Albion,
197,Brighton and Hove Albion,
198,-,
199,Cardiff City,
200,-,
201,Watford,
202,-,
203,Newcastle United,
204,Wolverhampton Wanderers,
205,AFC Bournemouth,
206,-,
207,Cardiff City,
208,-,
209,Manchester United,
210,Huddersfield Town,
211,Cardiff City,
212,Chelsea,
213,AFC Bournemouth,
214,Brighton and Hove Albion,
215,Manchester United,
216,Huddersfield Town,
217,-,
218,Liverpool,
219,-,
220,Newcastle United,
221,Huddersfield Town,
222,West Ham United,
223,-,
224,Fulham,
225,-,
226,Burnley,
227,Manchester United,
228,-,
229,-,
230,-,
231,-,
232,Arsenal,
233,Liverpool,
234,Watford,
235,West Ham United,
236,-,
237,Cardiff City,
238,AFC Bournemouth,
239,Brighton and Hove Albion,
240,-,
241,-,
242,Brighton and Hove Albion,
243,-,
244,Fulham,
245,-,
246,Southampton,
247,-,
248,Fulham,
249,West Ham United,
250,-,
251,Liverpool,
252,Cardiff City,
253,Watford,
254,Brighton and Hove Albion,
255,Manchester United,
256,-,
257,Tottenham Hotspur,
258,Manchester City,
259,Newcastle United,
260,Crystal Palace,
261,West Ham United,
262,-,
263,Tottenham Hotspur,
264,West Ham United,
x,,
1,Belgium,
2,Scotland,
3,England,
4,Denmark,
5,Scotland,
6,Germany,
7,England,
8,France,
9,England,
10,Argentina,
11,France,
12,Scotland,
13,Egypt,
14,Portugal,
15,Spain,
16,Mexico,
17,England,
18,Venezuela,
19,Portugal,
20,England,
21,Belgium,
22,Scotland,
23,England,
24,Denmark,
25,Scotland,
26,Germany,
27,England,
28,France,
29,England,
30,Argentina,
31,France,
32,Scotland,
33,Egypt,
34,Portugal,
35,Spain,
36,Mexico,
37,England,
38,Venezuela,
39,Portugal,
40,England,
41,Brazil,
42,Portugal,
43,Iceland,
44,Brazil,
45,France,
46,Greece,
47,Nigeria,
48,France,
49,Scotland,
50,Wales,
51,England,
52,England,
53,Iceland,
54,South Korea,
55,Gabon,
56,Spain,
57,England,
58,Spain,
59,Wales,
60,England,
61,Spain,
62,Ireland,
63,Bosnia And Herzegovina,
64,England,
65,England,
66,France,
67,England,
68,Scotland,
69,Portugal,
70,Cote D'Ivoire,
71,Spain,
72,England,
73,Austria,
74,Spain,
75,England,
76,France,
77,France,
78,England,
79,England,
80,England,
81,France,
82,Spain,
83,Algeria,
84,England,
85,Armenia,
86,Brazil,
87,England,
88,England,
89,Belgium,
90,England,
91,England,
92,Argentina,
93,England,
94,Brazil,
95,Netherlands,
96,France,
97,Portugal,
98,Brazil,
99,Germany,
100,Germany,
101,England,
102,Spain,
103,Denmark,
104,Nigeria,
105,England,
106,Norway,
107,France,
108,Brazil,
109,Spain,
110,Serbia,
111,Spain,
112,England,
113,Benin,
114,England,
115,Chile,
116,Switzerland,
117,France,
118,England,
119,England,
120,Turkey,
121,England,
122,England,
123,England,
124,Ukraine,
125,England,
126,Portugal,
127,Scotland,
128,Cote D'Ivoire,
129,England,
130,Ghana,
131,England,
132,Austria,
133,England,
134,Ireland,
135,England,
136,Portugal,
137,Belgium,
138,England,
139,England,
140,England,
141,Senegal,
142,Netherlands,
143,England,
144,Senegal,
145,Croatia,
146,Argentina,
147,England,
148,England,
149,England,
150,Germany,
151,Brazil,
152,France,
153,Spain,
154,England,
155,Germany,
156,Serbia,
157,England,
158,France,
159,Germany,
160,Greece,
161,Spain,
162,Spain,
163,Sweden,
164,Cote D'Ivoire,
165,Portugal,
166,Brazil,
167,Uruguay,
168,Netherlands,
169,Netherlands,
170,England,
171,New Zealand,
172,Switzerland,
173,United States,
174,England,
175,France,
176,Ireland,
177,Cote D'Ivoire,
178,Poland,
179,England,
180,Belgium,
181,Ireland,
182,England,
183,Scotland,
184,Spain,
185,Portugal,
186,Ireland,
187,England,
188,England,
189,England,
190,England,
191,Northern Ireland,
192,Brazil,
193,England,
194,Belgium,
195,England,
196,Ireland,
197,England,
198,Germany,
199,Gabon,
200,Belgium,
201,Spain,
202,Brazil,
203,Argentina,
204,England,
205,England,
206,England,
207,Iceland,
208,Mexico,
209,Brazil,
210,England,
211,Canada,
212,England,
213,England,
214,Colombia,
215,England,
216,Denmark,
217,Israel,
218,Guinea,
219,England,
220,South Korea,
221,Netherlands,
222,Argentina,
223,England,
224,France,
225,Gabon,
226,England,
227,Sweden,
228,Brazil,
229,Ireland,
230,Ireland,
231,Denmark,
232,England,
233,Senegal,
234,Italy,
235,The Democratic Republic Of Congo,
236,Belgium,
237,England,
238,Wales,
239,Spain,
240,Australia,
241,England,
242,England,
243,France,
244,Norway,
245,Brazil,
246,Ireland,
247,Equatorial Guinea,
248,Belgium,
249,Italy,
250,Japan,
251,Belgium,
252,Scotland,
253,Argentina,
254,Netherlands,
255,Brazil,
256,Spain,
257,Colombia,
258,Brazil,
259,Switzerland,
260,Ghana,
261,Argentina,
262,Denmark,
263,Wales,
264,France,
x,,
1,,
2,,
3,,
4,,
5,,
6,,
7,,
8,,
9,,
10,,
11,,
12,,
13,,
14,,
15,,
16,,
17,,
18,,
19,,
20,,
21,,
22,,
23,,
24,,
25,,
26,,
27,,
28,,
29,,
30,,
31,,
32,,
33,,
34,,
35,,
36,,
37,,
38,,
39,,
40,,
41,,
42,,
43,,
44,,
45,,
46,,
47,,
48,,
49,,
50,,
51,,
52,,
53,,
54,,
55,,
56,,
57,,
58,,
59,,
60,,
61,,
62,,
63,,
64,,
65,,
66,,
67,,
68,,
69,,
70,,
71,,
72,,
73,,
74,,
75,,
76,,
77,,
78,,
79,,
80,,
81,,
82,,
83,,
84,,
85,,
86,,
87,,
88,,
89,,
90,,
91,,
92,,
93,,
94,,
95,,
96,,
97,,
98,,
99,,
100,,
101,,
102,,
103,,
104,,
105,,
106,,
107,,
108,,
109,,
110,,
111,,
112,,
113,,
114,,
115,,
116,,
117,,
118,,
119,,
120,,
121,,
122,,
123,,
124,,
125,,
126,,
127,,
128,,
129,,
130,,
131,,
132,,
133,,
134,,
135,,
136,,
137,,
138,,
139,,
140,,
141,,
142,,
143,,
144,,
145,,
146,,
147,,
148,,
149,,
150,,
151,,
152,,
153,,
154,,
155,,
156,,
157,,
158,,
159,,
160,,
161,,
162,,
163,,
164,,
165,,
166,,
167,,
168,,
169,,
170,,
171,,
172,,
173,,
174,,
175,,
176,,
177,,
178,,
179,,
180,,
181,,
182,,
183,,
184,,
185,,
186,,
187,,
188,,
189,,
190,,
191,,
192,,
193,,
194,,
195,,
196,,
197,,
198,,
199,,
200,,
201,,
202,,
203,,
204,,
205,,
206,,
207,,
208,,
209,,
210,,
211,,
212,,
213,,
214,,
215,,
216,,
217,,
218,,
219,,
220,,
221,,
222,,
223,,
224,,
225,,
226,,
227,,
228,,
229,,
230,,
231,,
232,,
233,,
234,,
235,,
236,,
237,,
238,,
239,,
240,,
241,,
242,,
243,,
244,,
245,,
246,,
247,,
248,,
249,,
250,,
251,,
252,,
253,,
254,,
255,,
256,,
257,,
258,,
259,,
260,,
261,,
262,,
263,,
264,,