x,,
1,1,
2,1,
3,1,
4,4,
5,5,
6,6,
7,6,
8,8,
9,9,
10,10,
11,10,
12,10,
13,10,
14,10,
15,10,
16,16,
17,16,
18,16,
19,16,
20,16,
21,16,
22,16,
23,23,
24,23,
25,25,
26,25,
27,25,
28,25,
29,25,
30,25,
31,25,
32,25,
33,33,
34,33,
35,33,
36,36,
37,36,
38,38,
39,38,
40,38,
41,16,
42,16,
43,23,
44,23,
45,25,
46,25,
47,25,
48,25,
49,25,
50,25,
51,25,
52,25,
53,33,
54,33,
55,33,
56,36,
57,36,
58,38,
59,38,
60,38,
61,38,
62,38,
63,38,
64,38,
65,38,
66,38,
67,38,
68,48,
69,48,
70,48,
71,48,
72,48,
73,48,
74,48,
75,48,
76,48,
77,48,
78,48,
79,59,
80,59,
81,59,
82,59,
83,59,
84,59,
85,59,
86,59,
87,59,
88,59,
89,59,
90,59,
91,59,
92,59,
93,73,
94,73,
95,73,
96,73,
97,73,
98,73,
99,73,
100,73,
101,73,
102,73,
103,73,
104,73,
105,73,
106,73,
107,73,
108,73,
109,73,
110,73,
111,73,
112,92,
113,92,
114,92,
115,92,
116,92,
117,92,
118,92,
119,92,
120,92,
121,92,
122,92,
123,92,
124,92,
125,92,
126,92,
127,92,
128,92,
129,92,
130,92,
131,92,
132,92,
133,92,
134,92,
135,92,
136,92,
137,92,
138,92,
139,92,
140,92,
141,92,
142,92,
143,92,
144,92,
145,92,
146,126,
147,126,
148,126,
149,126,
150,126,
151,126,
152,126,
153,126,
154,126,
155,126,
156,126,
157,126,
158,126,
159,126,
160,126,
161,126,
162,126,
163,126,
164,126,
165,126,
166,126,
167,126,
168,126,
169,126,
170,126,
171,126,
172,126,
173,126,
174,126,
175,126,
176,126,
177,126,
178,126,
179,126,
180,126,
181,126,
182,126,
183,126,
184,164,
185,164,
186,164,
187,164,
188,164,
189,164,
190,164,
191,164,
192,164,
193,164,
194,164,
195,164,
196,164,
197,164,
198,164,
199,164,
200,164,
201,164,
202,164,
203,164,
204,164,
205,164,
206,164,
207,164,
208,164,
209,164,
210,164,
211,164,
212,164,
213,164,
214,164,
215,164,
216,164,
217,164,
218,164,
219,164,
220,164,
221,164,
222,164,
223,164,
224,164,
225,164,
226,164,
227,164,
228,164,
229,164,
230,164,
231,164,
232,164,
233,164,
234,164,
235,164,
236,164,
237,164,
238,164,
239,164,
240,164,
241,164,
242,164,
243,164,
244,164,
245,164,
246,164,
247,164,
248,164,
249,164,
250,164,
251,164,
252,164,
253,164,
254,164,
255,164,
256,164,
257,164,
258,164,
259,164,
260,164,
261,164,
262,164,
263,164,
264,164,
265,164,
266,164,
267,164,
x,,
1,Pierre-Emerick Aubameyang,22
2,Sadio Mané,22
3,Mohamed Salah,22
4,Sergio Agüero,21
5,Jamie Vardy,18
6,Harry Kane,17
7,Raheem Sterling,17
8,Eden Hazard,16
9,Callum Wilson,14
10,Richarlison,13
11,Raúl Jiménez,13
12,Alexandre Lacazette,13
13,Glenn Murray,13
14,Paul Pogba,13
15,Gylfi Sigurdsson,13
16,Roberto Firmino,12
17,Ashley Barnes,12
18,Joshua King,12
19,Romelu Lukaku,12
20,Luka Milivojevic,12
21,Ayoze Pérez,12
22,Son Heung-Min,12
23,Aleksandar Mitrovic,11
24,Salomón Rondón,11
25,Marko Arnautovic,10
26,Gerard Deulofeu,10
27,Anthony Martial,10
28,Marcus Rashford,10
29,Lucas Moura,10
30,Leroy Sané,10
31,Chris Wood,10
32,Wilfried Zaha,10
33,Troy Deeney,9
34,Felipe Anderson,9
35,Diogo Jota,9
36,Christian Eriksen,8
37,Pedro,8
38,David Brooks,7
39,Gabriel Jesus,7
40,Ryan Fraser,7
41,Ayoze Pérez,12
42,Son Heung-Min,12
43,Aleksandar Mitrovic,11
44,Salomón Rondón,11
45,Marko Arnautovic,10
46,Gerard Deulofeu,10
47,Anthony Martial,10
48,Marcus Rashford,10
49,Lucas Moura,10
50,Leroy Sané,10
51,Chris Wood,10
52,Wilfried Zaha,10
53,Troy Deeney,9
54,Felipe Anderson,9
55,Diogo Jota,9
56,Christian Eriksen,8
57,Pedro,8
58,David Brooks,7
59,Gabriel Jesus,7
60,Ryan Fraser,7
61,Andre Gray,7
62,Chicharito,7
63,Danny Ings,7
64,James Maddison,7
65,Riyad Mahrez,7
66,Bernardo Silva,7
67,James Ward-Prowse,7
68,Michail Antonio,6
69,Dominic Calvert-Lewin,6
70,Ilkay Gündogan,6
71,Ruben Loftus-Cheek,6
72,Henrikh Mkhitaryan,6
73,Roberto Pereyra,6
74,Nathan Redmond,6
75,André Schürrle,6
76,Xherdan Shaqiri,6
77,David Silva,6
78,Andros Townsend,6
79,Dele Alli,5
80,Ryan Babel,5
81,Michy Batshuayi,5
82,Víctor Camarasa,5
83,Bobby De Cordova-Reid,5
84,Abdoulaye Doucouré,5
85,Shane Duffy,5
86,Gonzalo Higuaín,5
87,Shane Long,5
88,James Milner,5
89,Álvaro Morata,5
90,Mark Noble,5
91,Mesut Özil,5
92,Theo Walcott,5
93,Nathan Aké,4
94,Sol Bamba,4
95,Willy Boly,4
96,Rúben Neves,4
97,Lucas Digne,4
98,Matt Doherty,4
99,Karlan Grant,4
100,Demarai Gray,4
101,Pierre-Emile Højbjerg,4
102,N'Golo Kanté,4
103,Erik Lamela,4
104,Jesse Lingard,4
105,Nathaniel Mendez-Laing,4
106,Callum Paterson,4
107,Aaron Ramsey,4
108,Fabian Schär,4
109,Jeffrey Schlupp,4
110,Virgil van Dijk,4
111,Granit Xhaka,4
112,Florin Andone,3
113,Stuart Armstrong,3
114,Ross Barkley,3
115,Johann Gudmundsson,3
116,Willian,3
117,Craig Cathcart,3
118,Ivan Cavaleiro,3
119,Ciaran Clark,3
120,Eric Dier,3
121,Pascal Groß,3
122,Jeff Hendrick,3
123,David Junior Hoilett,3
124,José Holebas,3
125,Alex Iwobi,3
126,Zanka,3
127,Aboubakar Kamara,3
128,Laurent Koscielny,3
129,Aymeric Laporte,3
130,David Luiz,3
131,Harry Maguire,3
132,Juan Mata,3
133,James McArthur,3
134,Dwight McNeil,3
135,Aaron Mooy,3
136,Wes Morgan,3
137,Josh Murphy,3
138,Divock Origi,3
139,Lucas Pérez,3
140,James Tarkowski,3
141,Youri Tielemans,3
142,Cenk Tosun,3
143,Patrick van Aanholt,3
144,Sam Vokes,3
145,Georginio Wijnaldum,3
146,Marc Albrighton,2
147,Marcos Alonso,2
148,Charlie Austin,2
149,Ricardo Pereira,2
150,Philip Billing,2
151,Calum Chambers,2
152,Séamus Coleman,2
153,Kevin De Bruyne,2
154,Leander Dendoncker,2
155,Lewis Dunk,2
156,Jorginho,2
157,Olivier Giroud,2
158,Dan Gosling,2
159,Ander Herrera,2
160,Will Hughes,2
161,Naby Keita,2
162,Anthony Knockaert,2
163,Jefferson Lerma,2
164,Jürgen Locadia,2
165,Joselu,2
166,Scott McTominay,2
167,Steve Mounie,2
168,Shkodran Mustafi,2
169,Wilfred Ndidi,2
170,Alex Pritchard,2
171,Declan Rice,2
172,Matt Ritchie,2
173,Romain Saïss,2
174,Ryan Sessegnon,2
175,Robert Snodgrass,2
176,Junior Stanislas,2
177,Daniel Sturridge,2
178,Lucas Torreira,2
179,Yan Valery,2
180,Ashley Westwood,2
181,Andriy Yarmolenko,2
182,Ashley Young,2
183,Kurt Zouma,2
184,Trent Alexander-Arnold,1
185,Cédric Soares,1
186,Bernard,1
187,Christian Atsu,1
188,Jordan Ayew,1
189,Floyd Ayité,1
190,César Azpilicueta,1
191,Juninho Bacuna,1
192,Fabián Balbuena,1
193,Leon Balogun,1
194,Harvey Barnes,1
195,Ryan Bennett,1
196,Christian Benteke,1
197,Ryan Bertrand,1
198,Tom Cairney,1
199,Etienne Capoue,1
200,Jonny,1
201,Tom Cleverley,1
202,Steve Cook,1
203,Jack Cork,1
204,Danilo,1
205,Charlie Daniels,1
206,Issa Diop,1
207,Jonny Evans,1
208,Kiko Femenía,1
209,Phil Foden,1
210,Juan Foyth,1
211,Ryan Fredericks,1
212,Manolo Gabbiadini,1
213,Rachid Ghezzal,1
214,Ben Gibson,1
215,Aron Gunnarsson,1
216,Kadeem Harris,1
217,Isaac Hayden,1
218,Jordan Henderson,1
219,Andreas Pereira,1
220,Jordon Ibe,1
221,Kelechi Iheanacho,1
222,Phil Jagielka,1
223,Beram Kayal,1
224,Michael Keane,1
225,Vincent Kompany,1
226,Terence Kongolo,1
227,Manuel Lanzini,1
228,Mario Lemina,1
229,Aaron Lennon,1
230,Victor Lindelöf,1
231,Fernando Llorente,1
232,Sean Longstaff,1
233,Dejan Lovren,1
234,Fernandinho,1
235,Ainsley Maitland-Niles,1
236,Solly March,1
237,Nemanja Matic,1
238,Joel Matip,1
239,Isaac Mbenza,1
240,Max Meyer,1
241,Yerry Mina,1
242,Nacho Monreal,1
243,Sean Morrison,1
244,Lys Mousset,1
245,Yoshinori Muto,1
246,Eddie Nketiah,1
247,Kenedy,1
248,Michael Obafemi,1
249,Angelo Ogbonna,1
250,Sokratis,1
251,Davy Pröpper,1
252,Domingos Quina,1
253,Fred,1
254,Oriol Romeu,1
255,Antonio Rüdiger,1
256,Davinson Sánchez,1
257,Alexis Sánchez,1
258,João Moutinho,1
259,Christopher Schindler,1
260,Ken Sema,1
261,Victor Wanyama,1
262,Danny Ward,1
263,Joel Ward,1
264,Danny Welbeck,1
265,Harry Winks,1
266,DeAndre Yedlin,1
267,Kenneth Zohore,1
x,,
1,Arsenal,
2,Liverpool,
3,Liverpool,
4,Manchester City,
5,Leicester City,
6,Tottenham Hotspur,
7,Manchester City,
8,-,
9,AFC Bournemouth,
10,Everton,
11,-,
12,Arsenal,
13,Brighton and Hove Albion,
14,Manchester United,
15,Everton,
16,Liverpool,
17,Burnley,
18,AFC Bournemouth,
19,-,
20,Crystal Palace,
21,-,
22,Tottenham Hotspur,
23,Fulham,
24,-,
25,-,
26,Watford,
27,Manchester United,
28,Manchester United,
29,Tottenham Hotspur,
30,Manchester City,
31,Burnley,
32,Crystal Palace,
33,Watford,
34,West Ham United,
35,Wolverhampton Wanderers,
36,Tottenham Hotspur,
37,Chelsea,
38,AFC Bournemouth,
39,Manchester City,
40,AFC Bournemouth,
41,-,
42,Tottenham Hotspur,
43,Fulham,
44,-,
45,-,
46,Watford,
47,Manchester United,
48,Manchester United,
49,Tottenham Hotspur,
50,Manchester City,
51,Burnley,
52,Crystal Palace,
53,Watford,
54,West Ham United,
55,Wolverhampton Wanderers,
56,Tottenham Hotspur,
57,Chelsea,
58,AFC Bournemouth,
59,Manchester City,
60,AFC Bournemouth,
61,Watford,
62,-,
63,-,
64,Leicester City,
65,Manchester City,
66,Manchester City,
67,Southampton,
68,-,
69,Everton,
70,-,
71,Chelsea,
72,-,
73,Watford,
74,-,
75,Fulham,
76,Liverpool,
77,Manchester City,
78,Crystal Palace,
79,Tottenham Hotspur,
80,-,
81,-,
82,Cardiff City,
83,-,
84,Watford,
85,Brighton and Hove Albion,
86,-,
87,-,
88,Liverpool,
89,-,
90,West Ham United,
91,Arsenal,
92,Everton,
93,AFC Bournemouth,
94,Cardiff City,
95,Wolverhampton Wanderers,
96,Wolverhampton Wanderers,
97,Everton,
98,-,
99,Huddersfield Town,
100,-,
101,-,
102,Chelsea,
103,Tottenham Hotspur,
104,Manchester United,
105,Cardiff City,
106,Cardiff City,
107,-,
108,Newcastle United,
109,Crystal Palace,
110,Liverpool,
111,Arsenal,
112,-,
113,Southampton,
114,-,
115,Burnley,
116,Chelsea,
117,Watford,
118,-,
119,Newcastle United,
120,Tottenham Hotspur,
121,Brighton and Hove Albion,
122,Burnley,
123,Cardiff City,
124,Watford,
125,-,
126,Huddersfield Town,
127,-,
128,-,
129,Manchester City,
130,-,
131,-,
132,Manchester United,
133,Crystal Palace,
134,Burnley,
135,-,
136,Leicester City,
137,Cardiff City,
138,Liverpool,
139,-,
140,Burnley,
141,-,
142,Everton,
143,Crystal Palace,
144,-,
145,Liverpool,
146,Leicester City,
147,Chelsea,
148,-,
149,Leicester City,
150,-,
151,-,
152,-,
153,Manchester City,
154,-,
155,Brighton and Hove Albion,
156,Chelsea,
157,Chelsea,
158,AFC Bournemouth,
159,-,
160,Watford,
161,Liverpool,
162,-,
163,AFC Bournemouth,
164,-,
165,-,
166,Manchester United,
167,Huddersfield Town,
168,Arsenal,
169,Leicester City,
170,Huddersfield Town,
171,-,
172,Newcastle United,
173,Wolverhampton Wanderers,
174,-,
175,West Ham United,
176,AFC Bournemouth,
177,-,
178,Arsenal,
179,-,
180,Burnley,
181,West Ham United,
182,Manchester United,
183,-,
184,Liverpool,
185,-,
186,Everton,
187,Newcastle United,
188,-,
189,-,
190,Chelsea,
191,Huddersfield Town,
192,-,
193,Brighton and Hove Albion,
194,-,
195,Wolverhampton Wanderers,
196,Crystal Palace,
197,-,
198,Fulham,
199,Watford,
200,Wolverhampton Wanderers,
201,Watford,
202,AFC Bournemouth,
203,Burnley,
204,-,
205,AFC Bournemouth,
206,West Ham United,
207,Leicester City,
208,Watford,
209,-,
210,Tottenham Hotspur,
211,West Ham United,
212,-,
213,-,
214,Burnley,
215,Cardiff City,
216,-,
217,Newcastle United,
218,Liverpool,
219,Manchester United,
220,AFC Bournemouth,
221,-,
222,-,
223,-,
224,Everton,
225,-,
226,Huddersfield Town,
227,West Ham United,
228,-,
229,Burnley,
230,Manchester United,
231,-,
232,Newcastle United,
233,-,
234,Manchester City,
235,Arsenal,
236,Brighton and Hove Albion,
237,Manchester United,
238,Liverpool,
239,-,
240,Crystal Palace,
241,Everton,
242,-,
243,Cardiff City,
244,-,
245,Newcastle United,
246,-,
247,-,
248,Southampton,
249,West Ham United,
250,Arsenal,
251,Brighton and Hove Albion,
252,Watford,
253,Manchester United,
254,-,
255,Chelsea,
256,Tottenham Hotspur,
257,-,
258,Wolverhampton Wanderers,
259,Huddersfield Town,
260,-,
261,Tottenham Hotspur,
262,Cardiff City,
263,Crystal Palace,
264,-,
265,Tottenham Hotspur,
266,Newcastle United,
267,-,
x,,
1,Gabon,
2,Senegal,
3,Egypt,
4,Argentina,
5,England,
6,England,
7,England,
8,Belgium,
9,England,
10,Brazil,
11,Mexico,
12,France,
13,England,
14,France,
15,Iceland,
16,Brazil,
17,Austria,
18,Norway,
19,Belgium,
20,Serbia,
21,Spain,
22,South Korea,
23,Serbia,
24,Venezuela,
25,Austria,
26,Spain,
27,France,
28,England,
29,Brazil,
30,Germany,
31,New Zealand,
32,Cote D'Ivoire,
33,England,
34,Brazil,
35,Portugal,
36,Denmark,
37,Spain,
38,Wales,
39,Brazil,
40,Scotland,
41,Spain,
42,South Korea,
43,Serbia,
44,Venezuela,
45,Austria,
46,Spain,
47,France,
48,England,
49,Brazil,
50,Germany,
51,New Zealand,
52,Cote D'Ivoire,
53,England,
54,Brazil,
55,Portugal,
56,Denmark,
57,Spain,
58,Wales,
59,Brazil,
60,Scotland,
61,England,
62,Mexico,
63,England,
64,England,
65,Algeria,
66,Portugal,
67,England,
68,England,
69,England,
70,Germany,
71,England,
72,Armenia,
73,Argentina,
74,England,
75,Germany,
76,Switzerland,
77,Spain,
78,England,
79,England,
80,Netherlands,
81,Belgium,
82,Spain,
83,England,
84,France,
85,Ireland,
86,Argentina,
87,Ireland,
88,England,
89,Spain,
90,England,
91,Germany,
92,England,
93,Netherlands,
94,Cote D'Ivoire,
95,Cote D'Ivoire,
96,Portugal,
97,France,
98,Ireland,
99,England,
100,England,
101,Denmark,
102,France,
103,Argentina,
104,England,
105,England,
106,Scotland,
107,Wales,
108,Switzerland,
109,Ghana,
110,Netherlands,
111,Switzerland,
112,Romania,
113,Scotland,
114,England,
115,Iceland,
116,Brazil,
117,Northern Ireland,
118,Portugal,
119,Ireland,
120,England,
121,Germany,
122,Ireland,
123,Canada,
124,Greece,
125,Nigeria,
126,Denmark,
127,France,
128,France,
129,France,
130,Brazil,
131,England,
132,Spain,
133,Scotland,
134,England,
135,Australia,
136,Jamaica,
137,England,
138,Belgium,
139,Spain,
140,England,
141,Belgium,
142,Turkey,
143,Netherlands,
144,Wales,
145,Netherlands,
146,England,
147,Spain,
148,England,
149,Portugal,
150,Denmark,
151,England,
152,Ireland,
153,Belgium,
154,Belgium,
155,England,
156,Italy,
157,France,
158,England,
159,Spain,
160,England,
161,Guinea,
162,France,
163,Colombia,
164,Netherlands,
165,Spain,
166,Scotland,
167,Benin,
168,Germany,
169,Nigeria,
170,England,
171,England,
172,Scotland,
173,Morocco,
174,England,
175,Scotland,
176,England,
177,England,
178,Uruguay,
179,France,
180,England,
181,Ukraine,
182,England,
183,France,
184,England,
185,Portugal,
186,Brazil,
187,Ghana,
188,Ghana,
189,Togo,
190,Spain,
191,Curacao,
192,Paraguay,
193,Nigeria,
194,England,
195,England,
196,Belgium,
197,England,
198,Scotland,
199,France,
200,Spain,
201,England,
202,England,
203,England,
204,Brazil,
205,England,
206,France,
207,Northern Ireland,
208,Spain,
209,England,
210,Argentina,
211,England,
212,Italy,
213,Algeria,
214,England,
215,Iceland,
216,England,
217,England,
218,England,
219,Brazil,
220,England,
221,Nigeria,
222,England,
223,Israel,
224,England,
225,Belgium,
226,Netherlands,
227,Argentina,
228,Gabon,
229,England,
230,Sweden,
231,Spain,
232,England,
233,Croatia,
234,Brazil,
235,England,
236,England,
237,Serbia,
238,Cameroon,
239,Belgium,
240,Germany,
241,Colombia,
242,Spain,
243,England,
244,France,
245,Japan,
246,England,
247,Brazil,
248,Ireland,
249,Italy,
250,Greece,
251,Netherlands,
252,Portugal,
253,Brazil,
254,Spain,
255,Germany,
256,Colombia,
257,Chile,
258,Portugal,
259,Germany,
260,Sweden,
261,Kenya,
262,England,
263,England,
264,England,
265,England,
266,United States,
267,Denmark,
x,,
1,,
2,,
3,,
4,,
5,,
6,,
7,,
8,,
9,,
10,,
11,,
12,,
13,,
14,,
15,,
16,,
17,,
18,,
19,,
20,,
21,,
22,,
23,,
24,,
25,,
26,,
27,,
28,,
29,,
30,,
31,,
32,,
33,,
34,,
35,,
36,,
37,,
38,,
39,,
40,,
41,,
42,,
43,,
44,,
45,,
46,,
47,,
48,,
49,,
50,,
51,,
52,,
53,,
54,,
55,,
56,,
57,,
58,,
59,,
60,,
61,,
62,,
63,,
64,,
65,,
66,,
67,,
68,,
69,,
70,,
71,,
72,,
73,,
74,,
75,,
76,,
77,,
78,,
79,,
80,,
81,,
82,,
83,,
84,,
85,,
86,,
87,,
88,,
89,,
90,,
91,,
92,,
93,,
94,,
95,,
96,,
97,,
98,,
99,,
100,,
101,,
102,,
103,,
104,,
105,,
106,,
107,,
108,,
109,,
110,,
111,,
112,,
113,,
114,,
115,,
116,,
117,,
118,,
119,,
120,,
121,,
122,,
123,,
124,,
125,,
126,,
127,,
128,,
129,,
130,,
131,,
132,,
133,,
134,,
135,,
136,,
137,,
138,,
139,,
140,,
141,,
142,,
143,,
144,,
145,,
146,,
147,,
148,,
149,,
150,,
151,,
152,,
153,,
154,,
155,,
156,,
157,,
158,,
159,,
160,,
161,,
162,,
163,,
164,,
165,,
166,,
167,,
168,,
169,,
170,,
171,,
172,,
173,,
174,,
175,,
176,,
177,,
178,,
179,,
180,,
181,,
182,,
183,,
184,,
185,,
186,,
187,,
188,,
189,,
190,,
191,,
192,,
193,,
194,,
195,,
196,,
197,,
198,,
199,,
200,,
201,,
202,,
203,,
204,,
205,,
206,,
207,,
208,,
209,,
210,,
211,,
212,,
213,,
214,,
215,,
216,,
217,,
218,,
219,,
220,,
221,,
222,,
223,,
224,,
225,,
226,,
227,,
228,,
229,,
230,,
231,,
232,,
233,,
234,,
235,,
236,,
237,,
238,,
239,,
240,,
241,,
242,,
243,,
244,,
245,,
246,,
247,,
248,,
249,,
250,,
251,,
252,,
253,,
254,,
255,,
256,,
257,,
258,,
259,,
260,,
261,,
262,,
263,,
264,,
265,,
266,,
267,,