x,,
1,1,
2,2,
3,3,
4,4,
5,5,
6,5,
7,7,
8,7,
9,9,
10,9,
11,11,
12,11,
13,11,
14,14,
15,14,
16,14,
17,14,
18,14,
19,14,
20,20,
21,1,
22,2,
23,3,
24,4,
25,5,
26,5,
27,7,
28,7,
29,9,
30,9,
31,11,
32,11,
33,11,
34,14,
35,14,
36,14,
37,14,
38,14,
39,14,
40,20,
41,20,
42,20,
43,20,
44,24,
45,24,
46,24,
47,24,
48,24,
49,24,
50,24,
51,24,
52,32,
53,32,
54,32,
55,32,
56,32,
57,32,
58,32,
59,32,
60,32,
61,32,
62,42,
63,42,
64,42,
65,42,
66,42,
67,42,
68,42,
69,42,
70,42,
71,42,
72,52,
73,52,
74,52,
75,52,
76,52,
77,52,
78,52,
79,52,
80,52,
81,52,
82,52,
83,52,
84,52,
85,52,
86,66,
87,66,
88,66,
89,66,
90,66,
91,66,
92,66,
93,66,
94,66,
95,66,
96,66,
97,66,
98,66,
99,66,
100,66,
101,66,
102,82,
103,82,
104,82,
105,82,
106,82,
107,82,
108,82,
109,82,
110,82,
111,82,
112,82,
113,82,
114,82,
115,82,
116,82,
117,82,
118,82,
119,82,
120,82,
121,82,
122,82,
123,82,
124,82,
125,82,
126,82,
127,82,
128,82,
129,82,
130,82,
131,82,
132,82,
133,82,
134,82,
135,82,
136,82,
137,117,
138,117,
139,117,
140,117,
141,117,
142,117,
143,117,
144,117,
145,117,
146,117,
147,117,
148,117,
149,117,
150,117,
151,117,
152,117,
153,117,
154,117,
155,117,
156,117,
157,117,
158,117,
159,117,
160,117,
161,117,
162,117,
163,117,
164,117,
165,117,
166,117,
167,117,
168,117,
169,117,
170,117,
171,117,
172,117,
173,117,
174,117,
175,117,
176,117,
177,117,
178,117,
179,117,
180,117,
181,117,
182,117,
183,117,
184,117,
185,117,
186,166,
187,166,
188,166,
189,166,
190,166,
191,166,
192,166,
193,166,
194,166,
195,166,
196,166,
197,166,
198,166,
199,166,
200,166,
201,166,
202,166,
203,166,
204,166,
205,166,
206,166,
207,166,
208,166,
209,166,
210,166,
211,166,
212,166,
213,166,
214,166,
215,166,
216,166,
217,166,
218,166,
219,166,
220,166,
221,166,
222,166,
223,166,
224,166,
225,166,
226,166,
227,166,
228,166,
229,166,
230,166,
231,166,
232,166,
233,166,
234,166,
235,166,
236,166,
237,166,
238,166,
239,166,
240,166,
241,166,
242,166,
243,166,
244,166,
245,166,
246,166,
247,166,
248,166,
249,166,
250,166,
251,166,
252,166,
253,166,
254,166,
255,166,
256,166,
257,166,
258,166,
259,166,
260,166,
x,,
1,Pierre-Emerick Aubameyang,23
2,Callum Wilson,21
3,Gabriel Jesus,18
4,Jamie Vardy,17
5,Marcus Rashford,16
6,Mohamed Salah,16
7,Romelu Lukaku,15
8,Aleksandar Mitrovic,15
9,Ashley Barnes,13
10,Alexandre Lacazette,13
11,Harry Kane,11
12,Sadio Mané,11
13,Lucas Moura,11
14,Sergio Agüero,10
15,Andre Gray,10
16,Raúl Jiménez,10
17,Joshua King,10
18,Álvaro Morata,10
19,Gylfi Sigurdsson,10
20,Roberto Firmino,9
21,Pierre-Emerick Aubameyang,23
22,Callum Wilson,21
23,Gabriel Jesus,18
24,Jamie Vardy,17
25,Marcus Rashford,16
26,Mohamed Salah,16
27,Romelu Lukaku,15
28,Aleksandar Mitrovic,15
29,Ashley Barnes,13
30,Alexandre Lacazette,13
31,Harry Kane,11
32,Sadio Mané,11
33,Lucas Moura,11
34,Sergio Agüero,10
35,Andre Gray,10
36,Raúl Jiménez,10
37,Joshua King,10
38,Álvaro Morata,10
39,Gylfi Sigurdsson,10
40,Roberto Firmino,9
41,Ryan Sessegnon,9
42,Theo Walcott,9
43,Chris Wood,9
44,David Brooks,8
45,Richarlison,8
46,Troy Deeney,8
47,Eden Hazard,8
48,Danny Ings,8
49,Raheem Sterling,8
50,Diogo Jota,8
51,Bernardo Silva,8
52,Marko Arnautovic,7
53,Ryan Babel,7
54,Dominic Calvert-Lewin,7
55,Leander Dendoncker,7
56,Chicharito,7
57,Sean Morrison,7
58,Steve Mounie,7
59,Ayoze Pérez,7
60,Paul Pogba,7
61,Salomón Rondón,7
62,Christian Benteke,6
63,Willian,6
64,Gerard Deulofeu,6
65,Matt Doherty,6
66,Shane Long,6
67,Glenn Murray,6
68,Roberto Pereyra,6
69,Nathan Redmond,6
70,David Silva,6
71,Andros Townsend,6
72,Michail Antonio,5
73,Charlie Austin,5
74,Abdoulaye Doucouré,5
75,Olivier Giroud,5
76,Demarai Gray,5
77,Gonzalo Higuaín,5
78,Fernando Llorente,5
79,David Luiz,5
80,James Maddison,5
81,Riyad Mahrez,5
82,Anthony Martial,5
83,Oumar Niasse,5
84,Leroy Sané,5
85,Son Heung-Min,5
86,Dele Alli,4
87,Marcos Alonso,4
88,Bernard,4
89,Andy Carroll,4
90,Mohamed Elyounoussi,4
91,Christian Eriksen,4
92,Aboubakar Kamara,4
93,N'Golo Kanté,4
94,Erik Lamela,4
95,James McArthur,4
96,Henrikh Mkhitaryan,4
97,Josh Murphy,4
98,Isaac Success,4
99,Luciano Vietto,4
100,Georginio Wijnaldum,4
101,Wilfried Zaha,4
102,Nathan Aké,3
103,Florin Andone,3
104,Stuart Armstrong,3
105,Ross Barkley,3
106,Harvey Barnes,3
107,Michy Batshuayi,3
108,Willy Boly,3
109,Craig Cathcart,3
110,Laurent Depoitre,3
111,Karlan Grant,3
112,Pascal Groß,3
113,David Junior Hoilett,3
114,Will Hughes,3
115,Kelechi Iheanacho,3
116,Alex Iwobi,3
117,Christian Kabasele,3
118,Michael Keane,3
119,Naby Keita,3
120,Aymeric Laporte,3
121,Jürgen Locadia,3
122,Adrian Mariappa,3
123,Lys Mousset,3
124,Wilfred Ndidi,3
125,Kenedy,3
126,Michael Obafemi,3
127,Callum Paterson,3
128,Matt Ritchie,3
129,Antonio Rüdiger,3
130,Jeffrey Schlupp,3
131,Xherdan Shaqiri,3
132,Hélder Costa,3
133,James Tarkowski,3
134,Cenk Tosun,3
135,Sam Vokes,3
136,Ashley Westwood,3
137,Miguel Almirón,2
138,Fabián Balbuena,2
139,Ryan Bertrand,2
140,Yves Bissouma,2
141,Víctor Camarasa,2
142,Jonny,2
143,Calum Chambers,2
144,Adama Diakhaby,2
145,Mohamed Diamé,2
146,Phil Foden,2
147,Ryan Fraser,2
148,Manolo Gabbiadini,2
149,Morgan Gibbs-White,2
150,Dan Gosling,2
151,Mason Greenwood,2
152,Aron Gunnarsson,2
153,Jeff Hendrick,2
154,Martin Kelly,2
155,Anthony Knockaert,2
156,Terence Kongolo,2
157,Cheikhou Kouyaté,2
158,Mateo Kovacic,2
159,Jesse Lingard,2
160,Ruben Loftus-Cheek,2
161,Léo Bonatini,2
162,Ademola Lookman,2
163,Fernandinho,2
164,Solly March,2
165,Joselu,2
166,Scott McTominay,2
167,Luka Milivojevic,2
168,Wes Morgan,2
169,Yoshinori Muto,2
170,Shinji Okazaki,2
171,Felipe Anderson,2
172,Aaron Ramsey,2
173,Declan Rice,2
174,Pedro,2
175,Mamadou Sakho,2
176,Davinson Sánchez,2
177,Fabian Schär,2
178,Luke Shaw,2
179,Chris Smalling,2
180,Robert Snodgrass,2
181,Jon Gorenc Stankovic,2
182,Jack Stephens,2
183,Matej Vydra,2
184,Maya Yoshida,2
185,Kenneth Zohore,2
186,Toby Alderweireld,1
187,Trent Alexander-Arnold,1
188,Daniel Amartey,1
189,Christian Atsu,1
190,Jordan Ayew,1
191,Sol Bamba,1
192,Jan Bednarek,1
193,Ryan Bennett,1
194,Robbie Brady,1
195,Etienne Capoue,1
196,Ivan Cavaleiro,1
197,Ben Chilwell,1
198,Tahith Chong,1
199,Hamza Choudhury,1
200,Séamus Coleman,1
201,Steve Cook,1
202,Peter Crouch,1
203,Diogo Dalot,1
204,Charlie Daniels,1
205,Bobby De Cordova-Reid,1
206,Shane Duffy,1
207,Bruno Ecuele Manga,1
208,Marouane Fellaini,1
209,Ryan Fredericks,1
210,Rachid Ghezzal,1
211,Ilkay Gündogan,1
212,Kadeem Harris,1
213,Jordan Henderson,1
214,Ander Herrera,1
215,Wesley Hoedt,1
216,José Holebas,1
217,Callum Hudson-Odoi,1
218,Pierre-Emile Højbjerg,1
219,Jordon Ibe,1
220,Vicente Iborra,1
221,Vincent Janssen,1
222,Phil Jones,1
223,Zanka,1
224,Elias Kachunga,1
225,Laurent Koscielny,1
226,Aaron Lennon,1
227,Jefferson Lerma,1
228,Dejan Lovren,1
229,Matthew Lowton,1
230,Harry Maguire,1
231,Nemanja Matic,1
232,Joel Matip,1
233,Alfie Mawson,1
234,Dwight McNeil,1
235,Ben Mee,1
236,Yerry Mina,1
237,Nacho Monreal,1
238,Shkodran Mustafi,1
239,Denis Odoi,1
240,Stefano Okaka,1
241,Divock Origi,1
242,Nicolás Otamendi,1
243,Alex Oxlade-Chamberlain,1
244,Mesut Özil,1
245,Davy Pröpper,1
246,Jason Puncheon,1
247,Joe Ralls,1
248,Fred,1
249,Oriol Romeu,1
250,Danny Rose,1
251,Alexis Sánchez,1
252,Christopher Schindler,1
253,André Schürrle,1
254,Jean Michael Seri,1
255,Rúben Vinagre,1
256,Jack Simpson,1
257,Josh Sims,1
258,Moussa Sissoko,1
259,Adam Smith,1
260,Dominic Solanke,1
x,,
1,Arsenal,
2,AFC Bournemouth,
3,Manchester City,
4,Leicester City,
5,Manchester United,
6,Liverpool,
7,-,
8,Fulham,
9,Burnley,
10,Arsenal,
11,Tottenham Hotspur,
12,Liverpool,
13,Tottenham Hotspur,
14,Manchester City,
15,Watford,
16,-,
17,AFC Bournemouth,
18,-,
19,Everton,
20,Liverpool,
21,Arsenal,
22,AFC Bournemouth,
23,Manchester City,
24,Leicester City,
25,Manchester United,
26,Liverpool,
27,-,
28,Fulham,
29,Burnley,
30,Arsenal,
31,Tottenham Hotspur,
32,Liverpool,
33,Tottenham Hotspur,
34,Manchester City,
35,Watford,
36,-,
37,AFC Bournemouth,
38,-,
39,Everton,
40,Liverpool,
41,-,
42,Everton,
43,Burnley,
44,AFC Bournemouth,
45,Everton,
46,Watford,
47,-,
48,-,
49,Manchester City,
50,Wolverhampton Wanderers,
51,Manchester City,
52,-,
53,-,
54,Everton,
55,-,
56,-,
57,Cardiff City,
58,Huddersfield Town,
59,-,
60,Manchester United,
61,-,
62,Crystal Palace,
63,Chelsea,
64,Watford,
65,-,
66,-,
67,Brighton and Hove Albion,
68,Watford,
69,-,
70,Manchester City,
71,Crystal Palace,
72,-,
73,-,
74,Watford,
75,Chelsea,
76,-,
77,-,
78,-,
79,-,
80,Leicester City,
81,Manchester City,
82,Manchester United,
83,-,
84,Manchester City,
85,Tottenham Hotspur,
86,Tottenham Hotspur,
87,Chelsea,
88,Everton,
89,-,
90,-,
91,Tottenham Hotspur,
92,-,
93,Chelsea,
94,Tottenham Hotspur,
95,Crystal Palace,
96,-,
97,Cardiff City,
98,Watford,
99,-,
100,Liverpool,
101,Crystal Palace,
102,AFC Bournemouth,
103,-,
104,Southampton,
105,-,
106,-,
107,-,
108,Wolverhampton Wanderers,
109,Watford,
110,-,
111,Huddersfield Town,
112,Brighton and Hove Albion,
113,Cardiff City,
114,Watford,
115,-,
116,-,
117,Watford,
118,Everton,
119,Liverpool,
120,Manchester City,
121,-,
122,Watford,
123,-,
124,Leicester City,
125,-,
126,Southampton,
127,Cardiff City,
128,Newcastle United,
129,Chelsea,
130,Crystal Palace,
131,Liverpool,
132,-,
133,Burnley,
134,Everton,
135,-,
136,Burnley,
137,Newcastle United,
138,-,
139,-,
140,Brighton and Hove Albion,
141,Cardiff City,
142,Wolverhampton Wanderers,
143,-,
144,Huddersfield Town,
145,-,
146,-,
147,AFC Bournemouth,
148,-,
149,Wolverhampton Wanderers,
150,AFC Bournemouth,
151,-,
152,Cardiff City,
153,Burnley,
154,Crystal Palace,
155,-,
156,Huddersfield Town,
157,Crystal Palace,
158,-,
159,Manchester United,
160,Chelsea,
161,-,
162,-,
163,Manchester City,
164,Brighton and Hove Albion,
165,-,
166,Manchester United,
167,Crystal Palace,
168,Leicester City,
169,Newcastle United,
170,-,
171,West Ham United,
172,-,
173,-,
174,Chelsea,
175,Crystal Palace,
176,Tottenham Hotspur,
177,Newcastle United,
178,Manchester United,
179,-,
180,West Ham United,
181,-,
182,Southampton,
183,Burnley,
184,-,
185,-,
186,Tottenham Hotspur,
187,Liverpool,
188,-,
189,Newcastle United,
190,-,
191,Cardiff City,
192,-,
193,Wolverhampton Wanderers,
194,Burnley,
195,Watford,
196,-,
197,Leicester City,
198,-,
199,Leicester City,
200,-,
201,AFC Bournemouth,
202,-,
203,Manchester United,
204,AFC Bournemouth,
205,-,
206,Brighton and Hove Albion,
207,Cardiff City,
208,-,
209,West Ham United,
210,-,
211,-,
212,-,
213,Liverpool,
214,-,
215,-,
216,Watford,
217,Chelsea,
218,-,
219,AFC Bournemouth,
220,-,
221,-,
222,Manchester United,
223,Huddersfield Town,
224,Huddersfield Town,
225,-,
226,Burnley,
227,AFC Bournemouth,
228,-,
229,-,
230,-,
231,Manchester United,
232,Liverpool,
233,Fulham,
234,Burnley,
235,Burnley,
236,Everton,
237,-,
238,Arsenal,
239,Fulham,
240,-,
241,Liverpool,
242,Manchester City,
243,-,
244,Arsenal,
245,Brighton and Hove Albion,
246,Huddersfield Town,
247,Cardiff City,
248,Manchester United,
249,-,
250,Tottenham Hotspur,
251,-,
252,Huddersfield Town,
253,Fulham,
254,Fulham,
255,Wolverhampton Wanderers,
256,AFC Bournemouth,
257,-,
258,Tottenham Hotspur,
259,AFC Bournemouth,
260,AFC Bournemouth,
x,,
1,Gabon,
2,England,
3,Brazil,
4,England,
5,England,
6,Egypt,
7,Belgium,
8,Serbia,
9,Austria,
10,France,
11,England,
12,Senegal,
13,Brazil,
14,Argentina,
15,England,
16,Mexico,
17,Norway,
18,Spain,
19,Iceland,
20,Brazil,
21,Gabon,
22,England,
23,Brazil,
24,England,
25,England,
26,Egypt,
27,Belgium,
28,Serbia,
29,Austria,
30,France,
31,England,
32,Senegal,
33,Brazil,
34,Argentina,
35,England,
36,Mexico,
37,Norway,
38,Spain,
39,Iceland,
40,Brazil,
41,England,
42,England,
43,New Zealand,
44,Wales,
45,Brazil,
46,England,
47,Belgium,
48,England,
49,England,
50,Portugal,
51,Portugal,
52,Austria,
53,Netherlands,
54,England,
55,Belgium,
56,Mexico,
57,England,
58,Benin,
59,Spain,
60,France,
61,Venezuela,
62,Belgium,
63,Brazil,
64,Spain,
65,Ireland,
66,Ireland,
67,England,
68,Argentina,
69,England,
70,Spain,
71,England,
72,England,
73,England,
74,France,
75,France,
76,England,
77,Argentina,
78,Spain,
79,Brazil,
80,England,
81,Algeria,
82,France,
83,Senegal,
84,Germany,
85,South Korea,
86,England,
87,Spain,
88,Brazil,
89,England,
90,Norway,
91,Denmark,
92,France,
93,France,
94,Argentina,
95,Scotland,
96,Armenia,
97,England,
98,Nigeria,
99,Argentina,
100,Netherlands,
101,Cote D'Ivoire,
102,Netherlands,
103,Romania,
104,Scotland,
105,England,
106,England,
107,Belgium,
108,Cote D'Ivoire,
109,Northern Ireland,
110,Belgium,
111,England,
112,Germany,
113,Canada,
114,England,
115,Nigeria,
116,Nigeria,
117,Belgium,
118,England,
119,Guinea,
120,France,
121,Netherlands,
122,Jamaica,
123,France,
124,Nigeria,
125,Brazil,
126,Ireland,
127,Scotland,
128,Scotland,
129,Germany,
130,Ghana,
131,Switzerland,
132,Portugal,
133,England,
134,Turkey,
135,Wales,
136,England,
137,Paraguay,
138,Paraguay,
139,England,
140,Mali,
141,Spain,
142,Spain,
143,England,
144,France,
145,Senegal,
146,England,
147,Scotland,
148,Italy,
149,England,
150,England,
151,England,
152,Iceland,
153,Ireland,
154,England,
155,France,
156,Netherlands,
157,Senegal,
158,Croatia,
159,England,
160,England,
161,Brazil,
162,England,
163,Brazil,
164,England,
165,Spain,
166,Scotland,
167,Serbia,
168,Jamaica,
169,Japan,
170,Japan,
171,Brazil,
172,Wales,
173,England,
174,Spain,
175,France,
176,Colombia,
177,Switzerland,
178,England,
179,England,
180,Scotland,
181,Slovenia,
182,England,
183,Czech Republic,
184,Japan,
185,Denmark,
186,Belgium,
187,England,
188,Ghana,
189,Ghana,
190,Ghana,
191,Cote D'Ivoire,
192,Poland,
193,England,
194,Ireland,
195,France,
196,Portugal,
197,England,
198,Netherlands,
199,England,
200,Ireland,
201,England,
202,England,
203,Portugal,
204,England,
205,England,
206,Ireland,
207,Gabon,
208,Belgium,
209,England,
210,Algeria,
211,Germany,
212,England,
213,England,
214,Spain,
215,Netherlands,
216,Greece,
217,England,
218,Denmark,
219,England,
220,Spain,
221,Netherlands,
222,England,
223,Denmark,
224,The Democratic Republic Of Congo,
225,France,
226,England,
227,Colombia,
228,Croatia,
229,England,
230,England,
231,Serbia,
232,Cameroon,
233,England,
234,England,
235,England,
236,Colombia,
237,Spain,
238,Germany,
239,Belgium,
240,Italy,
241,Belgium,
242,Argentina,
243,England,
244,Germany,
245,Netherlands,
246,England,
247,England,
248,Brazil,
249,Spain,
250,England,
251,Chile,
252,Germany,
253,Germany,
254,Cote D'Ivoire,
255,Portugal,
256,England,
257,England,
258,France,
259,England,
260,England,
x,,
1,,
2,,
3,,
4,,
5,,
6,,
7,,
8,,
9,,
10,,
11,,
12,,
13,,
14,,
15,,
16,,
17,,
18,,
19,,
20,,
21,,
22,,
23,,
24,,
25,,
26,,
27,,
28,,
29,,
30,,
31,,
32,,
33,,
34,,
35,,
36,,
37,,
38,,
39,,
40,,
41,,
42,,
43,,
44,,
45,,
46,,
47,,
48,,
49,,
50,,
51,,
52,,
53,,
54,,
55,,
56,,
57,,
58,,
59,,
60,,
61,,
62,,
63,,
64,,
65,,
66,,
67,,
68,,
69,,
70,,
71,,
72,,
73,,
74,,
75,,
76,,
77,,
78,,
79,,
80,,
81,,
82,,
83,,
84,,
85,,
86,,
87,,
88,,
89,,
90,,
91,,
92,,
93,,
94,,
95,,
96,,
97,,
98,,
99,,
100,,
101,,
102,,
103,,
104,,
105,,
106,,
107,,
108,,
109,,
110,,
111,,
112,,
113,,
114,,
115,,
116,,
117,,
118,,
119,,
120,,
121,,
122,,
123,,
124,,
125,,
126,,
127,,
128,,
129,,
130,,
131,,
132,,
133,,
134,,
135,,
136,,
137,,
138,,
139,,
140,,
141,,
142,,
143,,
144,,
145,,
146,,
147,,
148,,
149,,
150,,
151,,
152,,
153,,
154,,
155,,
156,,
157,,
158,,
159,,
160,,
161,,
162,,
163,,
164,,
165,,
166,,
167,,
168,,
169,,
170,,
171,,
172,,
173,,
174,,
175,,
176,,
177,,
178,,
179,,
180,,
181,,
182,,
183,,
184,,
185,,
186,,
187,,
188,,
189,,
190,,
191,,
192,,
193,,
194,,
195,,
196,,
197,,
198,,
199,,
200,,
201,,
202,,
203,,
204,,
205,,
206,,
207,,
208,,
209,,
210,,
211,,
212,,
213,,
214,,
215,,
216,,
217,,
218,,
219,,
220,,
221,,
222,,
223,,
224,,
225,,
226,,
227,,
228,,
229,,
230,,
231,,
232,,
233,,
234,,
235,,
236,,
237,,
238,,
239,,
240,,
241,,
242,,
243,,
244,,
245,,
246,,
247,,
248,,
249,,
250,,
251,,
252,,
253,,
254,,
255,,
256,,
257,,
258,,
259,,
260,,