x,,
1,1,
2,1,
3,3,
4,3,
5,3,
6,3,
7,3,
8,3,
9,3,
10,3,
11,3,
12,3,
13,3,
14,3,
15,3,
16,3,
17,3,
18,3,
19,3,
20,3,
21,1,
22,1,
23,3,
24,3,
25,3,
26,3,
27,3,
28,3,
29,3,
30,3,
31,3,
32,3,
33,3,
34,3,
35,3,
36,3,
37,3,
38,3,
39,3,
40,3,
41,3,
42,3,
43,3,
44,3,
45,3,
46,3,
47,3,
48,3,
49,3,
50,3,
51,3,
52,3,
53,3,
54,3,
55,3,
56,3,
57,3,
58,3,
59,3,
60,3,
x,,
1,Pierre-Emile Højbjerg,2
2,Wes Morgan,2
3,Eric Bailly,1
4,Willy Boly,1
5,Robbie Brady,1
6,Etienne Capoue,1
7,Richarlison,1
8,Troy Deeney,1
9,Fabian Delph,1
10,Lucas Digne,1
11,Shane Duffy,1
12,Lewis Dunk,1
13,Juan Foyth,1
14,Isaac Hayden,1
15,Jordan Henderson,1
16,Jonathan Hogg,1
17,José Holebas,1
18,Phil Jagielka,1
19,Christian Kabasele,1
20,Anthony Knockaert,1
21,Pierre-Emile Højbjerg,2
22,Wes Morgan,2
23,Eric Bailly,1
24,Willy Boly,1
25,Robbie Brady,1
26,Etienne Capoue,1
27,Richarlison,1
28,Troy Deeney,1
29,Fabian Delph,1
30,Lucas Digne,1
31,Shane Duffy,1
32,Lewis Dunk,1
33,Juan Foyth,1
34,Isaac Hayden,1
35,Jordan Henderson,1
36,Jonathan Hogg,1
37,José Holebas,1
38,Phil Jagielka,1
39,Christian Kabasele,1
40,Anthony Knockaert,1
41,James Maddison,1
42,Harry Maguire,1
43,Ainsley Maitland-Niles,1
44,Nemanja Matic,1
45,Kevin McDonald,1
46,James Milner,1
47,Steve Mounie,1
48,Mark Noble,1
49,Joe Ralls,1
50,Marcus Rashford,1
51,Christopher Schindler,1
52,Tommy Smith,1
53,Adam Smith,1
54,Son Heung-Min,1
55,Dale Stephens,1
56,Lucas Torreira,1
57,Yan Valery,1
58,Jamie Vardy,1
59,Jan Vertonghen,1
60,Aaron Wan-Bissaka,1
x,,
1,-,
2,Leicester City,
3,Manchester United,
4,Wolverhampton Wanderers,
5,Burnley,
6,Watford,
7,Everton,
8,Watford,
9,-,
10,Everton,
11,Brighton and Hove Albion,
12,Brighton and Hove Albion,
13,Tottenham Hotspur,
14,Newcastle United,
15,Liverpool,
16,Huddersfield Town,
17,Watford,
18,-,
19,Watford,
20,-,
21,-,
22,Leicester City,
23,Manchester United,
24,Wolverhampton Wanderers,
25,Burnley,
26,Watford,
27,Everton,
28,Watford,
29,-,
30,Everton,
31,Brighton and Hove Albion,
32,Brighton and Hove Albion,
33,Tottenham Hotspur,
34,Newcastle United,
35,Liverpool,
36,Huddersfield Town,
37,Watford,
38,-,
39,Watford,
40,-,
41,Leicester City,
42,-,
43,Arsenal,
44,Manchester United,
45,Fulham,
46,Liverpool,
47,Huddersfield Town,
48,West Ham United,
49,Cardiff City,
50,Manchester United,
51,Huddersfield Town,
52,-,
53,AFC Bournemouth,
54,Tottenham Hotspur,
55,Brighton and Hove Albion,
56,Arsenal,
57,-,
58,Leicester City,
59,Tottenham Hotspur,
60,-,
x,,
1,Denmark,
2,Jamaica,
3,Cote D'Ivoire,
4,Cote D'Ivoire,
5,Ireland,
6,France,
7,Brazil,
8,England,
9,England,
10,France,
11,Ireland,
12,England,
13,Argentina,
14,England,
15,England,
16,England,
17,Greece,
18,England,
19,Belgium,
20,France,
21,Denmark,
22,Jamaica,
23,Cote D'Ivoire,
24,Cote D'Ivoire,
25,Ireland,
26,France,
27,Brazil,
28,England,
29,England,
30,France,
31,Ireland,
32,England,
33,Argentina,
34,England,
35,England,
36,England,
37,Greece,
38,England,
39,Belgium,
40,France,
41,England,
42,England,
43,England,
44,Serbia,
45,Scotland,
46,England,
47,Benin,
48,England,
49,England,
50,England,
51,Germany,
52,England,
53,England,
54,South Korea,
55,England,
56,Uruguay,
57,France,
58,England,
59,Belgium,
60,England,
x,,
1,,
2,,
3,,
4,,
5,,
6,,
7,,
8,,
9,,
10,,
11,,
12,,
13,,
14,,
15,,
16,,
17,,
18,,
19,,
20,,
21,,
22,,
23,,
24,,
25,,
26,,
27,,
28,,
29,,
30,,
31,,
32,,
33,,
34,,
35,,
36,,
37,,
38,,
39,,
40,,
41,,
42,,
43,,
44,,
45,,
46,,
47,,
48,,
49,,
50,,
51,,
52,,
53,,
54,,
55,,
56,,
57,,
58,,
59,,
60,,