x,,
1,1,
2,2,
3,3,
4,4,
5,5,
6,5,
7,7,
8,8,
9,9,
10,9,
11,11,
12,12,
13,13,
14,13,
15,13,
16,16,
17,17,
18,18,
19,19,
20,20,
21,1,
22,2,
23,3,
24,4,
25,5,
26,5,
27,7,
28,8,
29,9,
30,9,
31,11,
32,12,
33,13,
34,13,
35,13,
36,16,
37,17,
38,18,
39,19,
40,20,
41,21,
42,22,
43,23,
44,24,
45,25,
46,26,
47,26,
48,28,
49,28,
50,28,
51,31,
52,32,
53,33,
54,33,
55,33,
56,33,
57,37,
58,37,
59,39,
60,40,
61,41,
62,42,
63,42,
64,44,
65,44,
66,46,
67,46,
68,48,
69,49,
70,49,
71,49,
72,49,
73,53,
74,54,
75,54,
76,54,
77,57,
78,57,
79,57,
80,60,
81,60,
82,60,
83,63,
84,63,
85,65,
86,65,
87,65,
88,68,
89,69,
90,69,
91,71,
92,72,
93,72,
94,72,
95,75,
96,75,
97,75,
98,78,
99,78,
100,78,
101,78,
102,82,
103,82,
104,82,
105,82,
106,82,
107,87,
108,87,
109,87,
110,87,
111,87,
112,87,
113,87,
114,87,
115,87,
116,87,
117,97,
118,97,
119,97,
120,97,
121,97,
122,97,
123,103,
124,103,
125,103,
126,103,
127,103,
128,103,
129,103,
130,103,
131,111,
132,111,
133,111,
134,111,
135,111,
136,111,
137,111,
138,111,
139,111,
140,111,
141,111,
142,111,
143,111,
144,111,
145,111,
146,111,
147,111,
148,111,
149,111,
150,111,
151,111,
152,111,
153,111,
154,111,
155,111,
156,136,
157,136,
158,136,
159,136,
160,136,
161,136,
162,136,
163,136,
164,136,
165,136,
166,136,
167,136,
168,136,
169,136,
170,136,
171,136,
172,136,
173,136,
174,136,
175,136,
176,136,
177,136,
178,136,
179,136,
180,136,
x,,
1,James Maddison,163
2,João Moutinho,159
3,Luka Milivojevic,143
4,Ryan Fraser,116
5,José Holebas,115
6,Robert Snodgrass,115
7,Willian,111
8,Gylfi Sigurdsson,105
9,Matt Ritchie,102
10,Ashley Young,102
11,Granit Xhaka,95
12,Jean Michael Seri,93
13,Eden Hazard,92
14,James Milner,92
15,James Ward-Prowse,92
16,Lucas Digne,89
17,Ilkay Gündogan,81
18,Víctor Camarasa,77
19,Aaron Mooy,75
20,Trent Alexander-Arnold,74
21,James Maddison,163
22,João Moutinho,159
23,Luka Milivojevic,143
24,Ryan Fraser,116
25,José Holebas,115
26,Robert Snodgrass,115
27,Willian,111
28,Gylfi Sigurdsson,105
29,Matt Ritchie,102
30,Ashley Young,102
31,Granit Xhaka,95
32,Jean Michael Seri,93
33,Eden Hazard,92
34,James Milner,92
35,James Ward-Prowse,92
36,Lucas Digne,89
37,Ilkay Gündogan,81
38,Víctor Camarasa,77
39,Aaron Mooy,75
40,Trent Alexander-Arnold,74
41,Kieran Trippier,73
42,Christian Eriksen,67
43,Pascal Groß,61
44,Kevin De Bruyne,51
45,Leroy Sané,50
46,Felipe Anderson,49
47,Joe Ralls,49
48,Johann Gudmundsson,46
49,Anthony Knockaert,46
50,Henrikh Mkhitaryan,46
51,Riyad Mahrez,44
52,Ashley Westwood,43
53,Ki Sung-yueng,38
54,Solly March,38
55,Mesut Özil,38
56,Andros Townsend,38
57,Juan Mata,35
58,Mohamed Salah,35
59,Chris Löwe,34
60,Jonjo Shelvey,31
61,Ryan Bertrand,30
62,Ryan Sessegnon,27
63,Xherdan Shaqiri,27
64,David Junior Hoilett,26
65,Junior Stanislas,26
66,Rachid Ghezzal,25
67,Bernardo Silva,25
68,Mohamed Elyounoussi,24
69,Alex Pritchard,23
70,Marcus Rashford,23
71,David Silva,23
72,Lucas Torreira,23
73,Dwight McNeil,22
74,Robbie Brady,20
75,Erik Lamela,20
76,Matt Targett,20
77,David Brooks,19
78,Max Meyer,19
79,Raheem Sterling,19
80,Ivan Cavaleiro,17
81,Roberto Pereyra,17
82,Danny Rose,17
83,Juninho Bacuna,16
84,Adam Masina,16
85,Ryan Babel,15
86,Joe Bryan,15
87,Luke Shaw,15
88,Stuart Armstrong,13
89,Josh Murphy,12
90,Diego Rico,12
91,Nathan Redmond,11
92,Gerard Deulofeu,9
93,Morgan Gibbs-White,9
94,Demarai Gray,9
95,Marc Albrighton,8
96,Leighton Baines,8
97,Aaron Cresswell,8
98,Ben Davies,7
99,Kiko Femenía,7
100,Ademola Lookman,7
101,Georginio Wijnaldum,7
102,Andreas Pereira,6
103,Jordon Ibe,6
104,Manuel Lanzini,6
105,Adam Smith,6
106,Hélder Costa,6
107,Tom Cairney,5
108,Grady Diangana,5
109,Alireza Jahanbakhsh,5
110,Isaac Mbenza,5
111,Kenedy,5
112,Jason Puncheon,5
113,Pedro,5
114,Alexis Sánchez,5
115,Ken Sema,5
116,Son Heung-Min,5
117,Bernard,4
118,Ben Chilwell,4
119,Adam Lallana,4
120,Andrew Robertson,4
121,Fred,4
122,Charlie Taylor,4
123,Dele Alli,3
124,Christian Atsu,3
125,Yves Bissouma,3
126,Diogo Dalot,3
127,Phil Foden,3
128,Callum Hudson-Odoi,3
129,Will Hughes,3
130,Sead Kolasinac,3
131,Floyd Ayité,2
132,Roberto Firmino,2
133,Philip Billing,2
134,Tom Cleverley,2
135,Rúben Neves,2
136,Charlie Daniels,2
137,Mason Greenwood,2
138,Matteo Guendouzi,2
139,Jeff Hendrick,2
140,Ander Herrera,2
141,Pierre-Emile Højbjerg,2
142,Stefan Johansen,2
143,Beram Kayal,2
144,Naby Keita,2
145,Jesse Lingard,2
146,Ruben Loftus-Cheek,2
147,Sadio Mané,2
148,Nathaniel Mendez-Laing,2
149,André Schürrle,2
150,Rúben Vinagre,2
151,Patrick van Aanholt,2
152,Theo Walcott,2
153,Jack Wilshere,2
154,Harry Winks,2
155,Wilfried Zaha,2
156,Sergio Agüero,1
157,Miguel Almirón,1
158,Cédric Soares,1
159,Leandro Bacuna,1
160,Ashley Barnes,1
161,Joe Bennett,1
162,Etienne Capoue,1
163,Jack Cork,1
164,Troy Deeney,1
165,Adama Diakhaby,1
166,Abdoulaye Doucouré,1
167,Paul Dummett,1
168,Erik Durm,1
169,Cesc Fàbregas,1
170,Simon Francis,1
171,Alex Iwobi,1
172,Joshua King,1
173,Mateo Kovacic,1
174,Anthony Martial,1
175,Arthur Masuaku,1
176,James McArthur,1
177,Samir Nasri,1
178,Mark Noble,1
179,Aaron Ramsey,1
180,Bruno,1
x,,
1,Leicester City,
2,Wolverhampton Wanderers,
3,Crystal Palace,
4,AFC Bournemouth,
5,Watford,
6,West Ham United,
7,Chelsea,
8,Everton,
9,Newcastle United,
10,Manchester United,
11,Arsenal,
12,Fulham,
13,-,
14,Liverpool,
15,Southampton,
16,Everton,
17,-,
18,Cardiff City,
19,-,
20,Liverpool,
21,Leicester City,
22,Wolverhampton Wanderers,
23,Crystal Palace,
24,AFC Bournemouth,
25,Watford,
26,West Ham United,
27,Chelsea,
28,Everton,
29,Newcastle United,
30,Manchester United,
31,Arsenal,
32,Fulham,
33,-,
34,Liverpool,
35,Southampton,
36,Everton,
37,-,
38,Cardiff City,
39,-,
40,Liverpool,
41,-,
42,Tottenham Hotspur,
43,Brighton and Hove Albion,
44,Manchester City,
45,Manchester City,
46,West Ham United,
47,Cardiff City,
48,Burnley,
49,-,
50,-,
51,Manchester City,
52,Burnley,
53,Newcastle United,
54,Brighton and Hove Albion,
55,Arsenal,
56,Crystal Palace,
57,Manchester United,
58,Liverpool,
59,Huddersfield Town,
60,Newcastle United,
61,-,
62,-,
63,Liverpool,
64,Cardiff City,
65,AFC Bournemouth,
66,-,
67,Manchester City,
68,-,
69,Huddersfield Town,
70,Manchester United,
71,Manchester City,
72,Arsenal,
73,Burnley,
74,Burnley,
75,Tottenham Hotspur,
76,-,
77,AFC Bournemouth,
78,Crystal Palace,
79,Manchester City,
80,-,
81,Watford,
82,Tottenham Hotspur,
83,Huddersfield Town,
84,Watford,
85,-,
86,Fulham,
87,Manchester United,
88,Southampton,
89,Cardiff City,
90,AFC Bournemouth,
91,-,
92,Watford,
93,Wolverhampton Wanderers,
94,-,
95,Leicester City,
96,Everton,
97,West Ham United,
98,Tottenham Hotspur,
99,Watford,
100,-,
101,Liverpool,
102,Manchester United,
103,AFC Bournemouth,
104,West Ham United,
105,AFC Bournemouth,
106,-,
107,Fulham,
108,-,
109,-,
110,-,
111,-,
112,Huddersfield Town,
113,Chelsea,
114,-,
115,-,
116,Tottenham Hotspur,
117,Everton,
118,Leicester City,
119,-,
120,Liverpool,
121,Manchester United,
122,Burnley,
123,Tottenham Hotspur,
124,Newcastle United,
125,Brighton and Hove Albion,
126,Manchester United,
127,-,
128,Chelsea,
129,Watford,
130,Arsenal,
131,-,
132,Liverpool,
133,-,
134,Watford,
135,Wolverhampton Wanderers,
136,AFC Bournemouth,
137,-,
138,Arsenal,
139,Burnley,
140,-,
141,-,
142,-,
143,-,
144,Liverpool,
145,Manchester United,
146,Chelsea,
147,Liverpool,
148,Cardiff City,
149,Fulham,
150,Wolverhampton Wanderers,
151,Crystal Palace,
152,Everton,
153,West Ham United,
154,Tottenham Hotspur,
155,Crystal Palace,
156,Manchester City,
157,Newcastle United,
158,-,
159,Cardiff City,
160,Burnley,
161,Cardiff City,
162,Watford,
163,Burnley,
164,Watford,
165,Huddersfield Town,
166,Watford,
167,Newcastle United,
168,-,
169,-,
170,AFC Bournemouth,
171,-,
172,AFC Bournemouth,
173,-,
174,Manchester United,
175,West Ham United,
176,Crystal Palace,
177,-,
178,West Ham United,
179,-,
180,-,
x,,
1,England,
2,Portugal,
3,Serbia,
4,Scotland,
5,Greece,
6,Scotland,
7,Brazil,
8,Iceland,
9,Scotland,
10,England,
11,Switzerland,
12,Cote D'Ivoire,
13,Belgium,
14,England,
15,England,
16,France,
17,Germany,
18,Spain,
19,Australia,
20,England,
21,England,
22,Portugal,
23,Serbia,
24,Scotland,
25,Greece,
26,Scotland,
27,Brazil,
28,Iceland,
29,Scotland,
30,England,
31,Switzerland,
32,Cote D'Ivoire,
33,Belgium,
34,England,
35,England,
36,France,
37,Germany,
38,Spain,
39,Australia,
40,England,
41,England,
42,Denmark,
43,Germany,
44,Belgium,
45,Germany,
46,Brazil,
47,England,
48,Iceland,
49,France,
50,Armenia,
51,Algeria,
52,England,
53,South Korea,
54,England,
55,Germany,
56,England,
57,Spain,
58,Egypt,
59,Germany,
60,England,
61,England,
62,England,
63,Switzerland,
64,Canada,
65,England,
66,Algeria,
67,Portugal,
68,Norway,
69,England,
70,England,
71,Spain,
72,Uruguay,
73,England,
74,Ireland,
75,Argentina,
76,England,
77,Wales,
78,Germany,
79,England,
80,Portugal,
81,Argentina,
82,England,
83,Curacao,
84,Italy,
85,Netherlands,
86,England,
87,England,
88,Scotland,
89,England,
90,Spain,
91,England,
92,Spain,
93,England,
94,England,
95,England,
96,England,
97,England,
98,Wales,
99,Spain,
100,England,
101,Netherlands,
102,Brazil,
103,England,
104,Argentina,
105,England,
106,Portugal,
107,Scotland,
108,England,
109,Iran,
110,Belgium,
111,Brazil,
112,England,
113,Spain,
114,Chile,
115,Sweden,
116,South Korea,
117,Brazil,
118,England,
119,England,
120,Scotland,
121,Brazil,
122,England,
123,England,
124,Ghana,
125,Mali,
126,Portugal,
127,England,
128,England,
129,England,
130,Bosnia And Herzegovina,
131,Togo,
132,Brazil,
133,Denmark,
134,England,
135,Portugal,
136,England,
137,England,
138,France,
139,Ireland,
140,Spain,
141,Denmark,
142,Norway,
143,Israel,
144,Guinea,
145,England,
146,England,
147,Senegal,
148,England,
149,Germany,
150,Portugal,
151,Netherlands,
152,England,
153,England,
154,England,
155,Cote D'Ivoire,
156,Argentina,
157,Paraguay,
158,Portugal,
159,Curacao,
160,Austria,
161,England,
162,France,
163,England,
164,England,
165,France,
166,France,
167,Wales,
168,Germany,
169,Spain,
170,England,
171,Nigeria,
172,Norway,
173,Croatia,
174,France,
175,The Democratic Republic Of Congo,
176,Scotland,
177,France,
178,England,
179,Wales,
180,Spain,
x,,
1,,
2,,
3,,
4,,
5,,
6,,
7,,
8,,
9,,
10,,
11,,
12,,
13,,
14,,
15,,
16,,
17,,
18,,
19,,
20,,
21,,
22,,
23,,
24,,
25,,
26,,
27,,
28,,
29,,
30,,
31,,
32,,
33,,
34,,
35,,
36,,
37,,
38,,
39,,
40,,
41,,
42,,
43,,
44,,
45,,
46,,
47,,
48,,
49,,
50,,
51,,
52,,
53,,
54,,
55,,
56,,
57,,
58,,
59,,
60,,
61,,
62,,
63,,
64,,
65,,
66,,
67,,
68,,
69,,
70,,
71,,
72,,
73,,
74,,
75,,
76,,
77,,
78,,
79,,
80,,
81,,
82,,
83,,
84,,
85,,
86,,
87,,
88,,
89,,
90,,
91,,
92,,
93,,
94,,
95,,
96,,
97,,
98,,
99,,
100,,
101,,
102,,
103,,
104,,
105,,
106,,
107,,
108,,
109,,
110,,
111,,
112,,
113,,
114,,
115,,
116,,
117,,
118,,
119,,
120,,
121,,
122,,
123,,
124,,
125,,
126,,
127,,
128,,
129,,
130,,
131,,
132,,
133,,
134,,
135,,
136,,
137,,
138,,
139,,
140,,
141,,
142,,
143,,
144,,
145,,
146,,
147,,
148,,
149,,
150,,
151,,
152,,
153,,
154,,
155,,
156,,
157,,
158,,
159,,
160,,
161,,
162,,
163,,
164,,
165,,
166,,
167,,
168,,
169,,
170,,
171,,
172,,
173,,
174,,
175,,
176,,
177,,
178,,
179,,
180,,