x,,
1,1,
2,1,
3,1,
4,4,
5,4,
6,4,
7,7,
8,7,
9,7,
10,7,
11,7,
12,7,
13,7,
14,7,
15,7,
16,7,
17,7,
18,7,
19,7,
20,7,
21,1,
22,1,
23,1,
24,4,
25,4,
26,4,
27,7,
28,7,
29,7,
30,7,
31,7,
32,7,
33,7,
34,7,
35,7,
36,7,
37,7,
38,7,
39,7,
40,7,
41,8,
42,22,
43,22,
44,22,
45,22,
46,22,
47,22,
48,22,
49,22,
50,22,
51,22,
52,22,
53,22,
54,22,
55,22,
56,22,
57,22,
58,22,
59,22,
60,22,
61,22,
62,22,
63,22,
64,44,
65,44,
66,44,
67,44,
68,44,
69,44,
70,44,
71,44,
72,44,
73,44,
74,44,
75,44,
76,44,
77,44,
78,44,
79,44,
80,44,
81,44,
82,44,
83,44,
84,44,
85,44,
86,44,
87,44,
88,44,
89,44,
90,44,
91,44,
92,44,
93,44,
94,44,
95,44,
96,44,
97,44,
98,44,
99,44,
100,44,
101,44,
102,44,
103,44,
104,44,
105,44,
106,44,
107,44,
108,44,
x,,
1,Sadio Mané,6
2,Aleksandar Mitrovic,6
3,Chris Wood,6
4,Dele Alli,4
5,Dominic Calvert-Lewin,4
6,Ayoze Pérez,4
7,Nathan Aké,3
8,Michail Antonio,3
9,Roberto Firmino,3
10,Willy Boly,3
11,Craig Cathcart,3
12,Ciaran Clark,3
13,Troy Deeney,3
14,Shane Duffy,3
15,Raúl Jiménez,3
16,Aymeric Laporte,3
17,David Luiz,3
18,Virgil van Dijk,3
19,Jamie Vardy,3
20,Sam Vokes,3
21,Sadio Mané,6
22,Aleksandar Mitrovic,6
23,Chris Wood,6
24,Dele Alli,4
25,Dominic Calvert-Lewin,4
26,Ayoze Pérez,4
27,Nathan Aké,3
28,Michail Antonio,3
29,Roberto Firmino,3
30,Willy Boly,3
31,Craig Cathcart,3
32,Ciaran Clark,3
33,Troy Deeney,3
34,Shane Duffy,3
35,Raúl Jiménez,3
36,Aymeric Laporte,3
37,David Luiz,3
38,Virgil van Dijk,3
39,Jamie Vardy,3
40,Sam Vokes,3
41,Callum Wilson,3
42,Sergio Agüero,2
43,Marc Albrighton,2
44,Florin Andone,2
45,Ashley Barnes,2
46,Richarlison,2
47,Gabriel Jesus,2
48,Matt Doherty,2
49,Abdoulaye Doucouré,2
50,Lewis Dunk,2
51,Chicharito,2
52,Danny Ings,2
53,Harry Kane,2
54,Ruben Loftus-Cheek,2
55,Romelu Lukaku,2
56,Joselu,2
57,Wes Morgan,2
58,Glenn Murray,2
59,Shkodran Mustafi,2
60,Divock Origi,2
61,Salomón Rondón,2
62,Raheem Sterling,2
63,Kurt Zouma,2
64,Marko Arnautovic,1
65,Charlie Austin,1
66,César Azpilicueta,1
67,Juninho Bacuna,1
68,Ryan Bennett,1
69,Christian Benteke,1
70,Johann Gudmundsson,1
71,Philip Billing,1
72,David Brooks,1
73,Séamus Coleman,1
74,Steve Cook,1
75,Charlie Daniels,1
76,Eric Dier,1
77,Issa Diop,1
78,Phil Foden,1
79,Juan Foyth,1
80,Olivier Giroud,1
81,Karlan Grant,1
82,Pascal Groß,1
83,Ilkay Gündogan,1
84,Zanka,1
85,Michael Keane,1
86,Naby Keita,1
87,Joshua King,1
88,Terence Kongolo,1
89,Laurent Koscielny,1
90,Erik Lamela,1
91,Manuel Lanzini,1
92,Jefferson Lerma,1
93,Fernando Llorente,1
94,Harry Maguire,1
95,Joel Matip,1
96,James McArthur,1
97,Yerry Mina,1
98,Henrikh Mkhitaryan,1
99,Sean Morrison,1
100,Steve Mounie,1
101,Cenk Tosun,1
102,Bernardo Silva,1
103,Jan Vertonghen,1
104,Luciano Vietto,1
105,Joel Ward,1
106,Danny Ward,1
107,Georginio Wijnaldum,1
108,Harry Winks,1
x,,
1,Liverpool,
2,Fulham,
3,Burnley,
4,Tottenham Hotspur,
5,Everton,
6,-,
7,AFC Bournemouth,
8,-,
9,Liverpool,
10,Wolverhampton Wanderers,
11,Watford,
12,Newcastle United,
13,Watford,
14,Brighton and Hove Albion,
15,-,
16,Manchester City,
17,-,
18,Liverpool,
19,Leicester City,
20,-,
21,Liverpool,
22,Fulham,
23,Burnley,
24,Tottenham Hotspur,
25,Everton,
26,-,
27,AFC Bournemouth,
28,-,
29,Liverpool,
30,Wolverhampton Wanderers,
31,Watford,
32,Newcastle United,
33,Watford,
34,Brighton and Hove Albion,
35,-,
36,Manchester City,
37,-,
38,Liverpool,
39,Leicester City,
40,-,
41,AFC Bournemouth,
42,Manchester City,
43,Leicester City,
44,-,
45,Burnley,
46,Everton,
47,Manchester City,
48,-,
49,Watford,
50,Brighton and Hove Albion,
51,-,
52,-,
53,Tottenham Hotspur,
54,Chelsea,
55,-,
56,-,
57,Leicester City,
58,Brighton and Hove Albion,
59,Arsenal,
60,Liverpool,
61,-,
62,Manchester City,
63,-,
64,-,
65,-,
66,Chelsea,
67,Huddersfield Town,
68,Wolverhampton Wanderers,
69,Crystal Palace,
70,Burnley,
71,-,
72,AFC Bournemouth,
73,-,
74,AFC Bournemouth,
75,AFC Bournemouth,
76,Tottenham Hotspur,
77,West Ham United,
78,-,
79,Tottenham Hotspur,
80,Chelsea,
81,Huddersfield Town,
82,Brighton and Hove Albion,
83,-,
84,Huddersfield Town,
85,Everton,
86,Liverpool,
87,AFC Bournemouth,
88,Huddersfield Town,
89,-,
90,Tottenham Hotspur,
91,West Ham United,
92,AFC Bournemouth,
93,-,
94,-,
95,Liverpool,
96,Crystal Palace,
97,Everton,
98,-,
99,Cardiff City,
100,Huddersfield Town,
101,Everton,
102,Manchester City,
103,Tottenham Hotspur,
104,-,
105,Crystal Palace,
106,Cardiff City,
107,Liverpool,
108,Tottenham Hotspur,
x,,
1,Senegal,
2,Serbia,
3,New Zealand,
4,England,
5,England,
6,Spain,
7,Netherlands,
8,England,
9,Brazil,
10,Cote D'Ivoire,
11,Northern Ireland,
12,Ireland,
13,England,
14,Ireland,
15,Mexico,
16,France,
17,Brazil,
18,Netherlands,
19,England,
20,Wales,
21,Senegal,
22,Serbia,
23,New Zealand,
24,England,
25,England,
26,Spain,
27,Netherlands,
28,England,
29,Brazil,
30,Cote D'Ivoire,
31,Northern Ireland,
32,Ireland,
33,England,
34,Ireland,
35,Mexico,
36,France,
37,Brazil,
38,Netherlands,
39,England,
40,Wales,
41,England,
42,Argentina,
43,England,
44,Romania,
45,Austria,
46,Brazil,
47,Brazil,
48,Ireland,
49,France,
50,England,
51,Mexico,
52,England,
53,England,
54,England,
55,Belgium,
56,Spain,
57,Jamaica,
58,England,
59,Germany,
60,Belgium,
61,Venezuela,
62,England,
63,France,
64,Austria,
65,England,
66,Spain,
67,Curacao,
68,England,
69,Belgium,
70,Iceland,
71,Denmark,
72,Wales,
73,Ireland,
74,England,
75,England,
76,England,
77,France,
78,England,
79,Argentina,
80,France,
81,England,
82,Germany,
83,Germany,
84,Denmark,
85,England,
86,Guinea,
87,Norway,
88,Netherlands,
89,France,
90,Argentina,
91,Argentina,
92,Colombia,
93,Spain,
94,England,
95,Cameroon,
96,Scotland,
97,Colombia,
98,Armenia,
99,England,
100,Benin,
101,Turkey,
102,Portugal,
103,Belgium,
104,Argentina,
105,England,
106,England,
107,Netherlands,
108,England,
x,,
1,,
2,,
3,,
4,,
5,,
6,,
7,,
8,,
9,,
10,,
11,,
12,,
13,,
14,,
15,,
16,,
17,,
18,,
19,,
20,,
21,,
22,,
23,,
24,,
25,,
26,,
27,,
28,,
29,,
30,,
31,,
32,,
33,,
34,,
35,,
36,,
37,,
38,,
39,,
40,,
41,,
42,,
43,,
44,,
45,,
46,,
47,,
48,,
49,,
50,,
51,,
52,,
53,,
54,,
55,,
56,,
57,,
58,,
59,,
60,,
61,,
62,,
63,,
64,,
65,,
66,,
67,,
68,,
69,,
70,,
71,,
72,,
73,,
74,,
75,,
76,,
77,,
78,,
79,,
80,,
81,,
82,,
83,,
84,,
85,,
86,,
87,,
88,,
89,,
90,,
91,,
92,,
93,,
94,,
95,,
96,,
97,,
98,,
99,,
100,,
101,,
102,,
103,,
104,,
105,,
106,,
107,,
108,,