x,,
1,1,
2,2,
3,3,
4,4,
5,4,
6,6,
7,6,
8,8,
9,8,
10,10,
11,11,
12,11,
13,13,
14,14,
15,15,
16,15,
17,15,
18,15,
19,19,
20,19,
21,1,
22,2,
23,3,
24,4,
25,4,
26,6,
27,6,
28,8,
29,8,
30,10,
31,11,
32,11,
33,13,
34,14,
35,15,
36,15,
37,15,
38,15,
39,19,
40,19,
41,19,
42,19,
43,23,
44,23,
45,23,
46,23,
47,27,
48,27,
49,27,
50,27,
51,27,
52,32,
53,32,
54,32,
55,32,
56,32,
57,37,
58,37,
59,37,
60,37,
61,37,
62,37,
63,37,
64,37,
65,37,
66,37,
67,47,
68,47,
69,47,
70,47,
71,47,
72,47,
73,47,
74,47,
75,47,
76,47,
77,47,
78,47,
79,47,
80,47,
81,48,
82,48,
83,48,
84,48,
85,48,
86,66,
87,66,
88,66,
89,66,
90,66,
91,66,
92,66,
93,66,
94,66,
95,66,
96,66,
97,66,
98,66,
99,66,
100,66,
101,66,
102,66,
103,66,
104,66,
105,66,
106,86,
107,86,
108,86,
109,86,
110,86,
111,86,
112,86,
113,86,
114,86,
115,86,
116,86,
117,86,
118,86,
119,86,
120,86,
121,86,
122,86,
123,86,
124,86,
125,86,
126,86,
127,86,
128,108,
129,108,
130,108,
131,108,
132,108,
133,108,
134,108,
135,108,
136,108,
137,108,
138,108,
139,108,
140,108,
141,108,
142,108,
143,108,
144,108,
145,108,
146,108,
147,108,
148,108,
149,108,
150,108,
151,108,
152,108,
153,108,
154,108,
155,108,
156,108,
157,108,
158,108,
159,108,
160,108,
161,141,
162,141,
163,141,
164,141,
165,141,
166,141,
167,141,
168,141,
169,141,
170,141,
171,141,
172,141,
173,141,
174,141,
175,141,
176,141,
177,141,
178,141,
179,141,
180,141,
181,141,
182,141,
183,141,
184,141,
185,141,
186,141,
187,141,
188,141,
189,141,
190,141,
191,141,
192,141,
193,141,
194,141,
195,141,
196,141,
197,141,
198,141,
199,141,
200,141,
201,141,
202,141,
203,141,
204,141,
205,141,
206,141,
207,141,
208,141,
209,141,
210,141,
211,141,
212,141,
213,193,
214,193,
215,193,
216,193,
217,193,
218,193,
219,193,
220,193,
221,193,
222,193,
223,193,
224,193,
225,193,
226,193,
227,193,
228,193,
229,193,
230,193,
231,193,
232,193,
233,193,
234,193,
235,193,
236,193,
237,193,
238,193,
239,193,
240,193,
241,193,
242,193,
243,193,
244,193,
245,193,
246,193,
247,193,
248,193,
249,193,
250,193,
251,193,
252,193,
253,193,
254,193,
255,193,
256,193,
257,193,
258,193,
259,193,
260,193,
261,193,
262,193,
263,193,
264,193,
265,193,
266,193,
267,193,
268,193,
269,193,
270,193,
271,193,
272,193,
273,193,
274,193,
275,193,
276,193,
277,193,
278,193,
279,193,
280,193,
x,,
1,David Luiz,41
2,Jorginho,34
3,Christian Eriksen,24
4,James Maddison,22
5,Felipe Anderson,22
6,Mohamed Salah,19
7,Gylfi Sigurdsson,19
8,Dele Alli,18
9,David Silva,18
10,Ilkay Gündogan,17
11,Roberto Firmino,16
12,David Brooks,16
13,Paul Pogba,15
14,Sadio Mané,14
15,Víctor Camarasa,13
16,Eden Hazard,13
17,Raúl Jiménez,13
18,Fernandinho,13
19,Rúben Neves,11
20,Joshua King,11
21,David Luiz,41
22,Jorginho,34
23,Christian Eriksen,24
24,James Maddison,22
25,Felipe Anderson,22
26,Mohamed Salah,19
27,Gylfi Sigurdsson,19
28,Dele Alli,18
29,David Silva,18
30,Ilkay Gündogan,17
31,Roberto Firmino,16
32,David Brooks,16
33,Paul Pogba,15
34,Sadio Mané,14
35,Víctor Camarasa,13
36,Eden Hazard,13
37,Raúl Jiménez,13
38,Fernandinho,13
39,Rúben Neves,11
40,Joshua King,11
41,Riyad Mahrez,11
42,Youri Tielemans,11
43,Kevin De Bruyne,10
44,Alexandre Lacazette,10
45,Mark Noble,10
46,Bernardo Silva,10
47,Marc Albrighton,9
48,Matteo Guendouzi,9
49,Harry Kane,9
50,Xherdan Shaqiri,9
51,Robert Snodgrass,9
52,Willian,8
53,Gerard Deulofeu,8
54,Demarai Gray,8
55,Mateo Kovacic,8
56,Antonio Rüdiger,8
57,Bernard,7
58,Tom Cairney,7
59,Chicharito,7
60,Pierre-Emile Højbjerg,7
61,Kelechi Iheanacho,7
62,Naby Keita,7
63,Anthony Martial,7
64,Mesut Özil,7
65,Pedro,7
66,Leroy Sané,7
67,Sergio Agüero,6
68,Toby Alderweireld,6
69,Marko Arnautovic,6
70,Juninho Bacuna,6
71,Héctor Bellerín,6
72,Troy Deeney,6
73,Ryan Fraser,6
74,Rachid Ghezzal,6
75,Jordan Henderson,6
76,Jonathan Hogg,6
77,Erik Lamela,6
78,Juan Mata,6
79,James Milner,6
80,Wilfred Ndidi,6
81,Ayoze Pérez,6
82,Nathan Redmond,6
83,Alexis Sánchez,6
84,Raheem Sterling,6
85,Wilfried Zaha,6
86,Michail Antonio,5
87,Ashley Barnes,5
88,Etienne Capoue,5
89,Mohamed Diamé,5
90,Eric Dier,5
91,Abdoulaye Doucouré,5
92,Isaac Hayden,5
93,Gonzalo Higuaín,5
94,Danny Ings,5
95,Romelu Lukaku,5
96,Henrikh Mkhitaryan,5
97,Aaron Ramsey,5
98,Matt Ritchie,5
99,Lucas Moura,5
100,Ryan Sessegnon,5
101,Son Heung-Min,5
102,Patrick van Aanholt,5
103,Ashley Westwood,5
104,Georginio Wijnaldum,5
105,Granit Xhaka,5
106,Ross Barkley,4
107,Richarlison,4
108,Cesc Fàbregas,4
109,Morgan Gibbs-White,4
110,Idrissa Gueye,4
111,Aron Gunnarsson,4
112,Jeff Hendrick,4
113,N'Golo Kanté,4
114,Manuel Lanzini,4
115,Joel Matip,4
116,James McArthur,4
117,Dwight McNeil,4
118,Aleksandar Mitrovic,4
119,Josh Murphy,4
120,Shkodran Mustafi,4
121,Salomón Rondón,4
122,João Moutinho,4
123,Fabian Schär,4
124,Jonjo Shelvey,4
125,Junior Stanislas,4
126,Kyle Walker,4
127,Chris Wood,4
128,Trent Alexander-Arnold,3
129,Harry Arter,3
130,Christian Atsu,3
131,Pierre-Emerick Aubameyang,3
132,Ryan Babel,3
133,Ricardo Pereira,3
134,Jan Bednarek,3
135,Yves Bissouma,3
136,Dominic Calvert-Lewin,3
137,Ben Chilwell,3
138,Conor Coady,3
139,Jack Cork,3
140,Matt Doherty,3
141,Phil Foden,3
142,Dan Gosling,3
143,Ander Herrera,3
144,Alex Iwobi,3
145,Sead Kolasinac,3
146,Florian Lejeune,3
147,Mario Lemina,3
148,Jefferson Lerma,3
149,Jesse Lingard,3
150,Matthew Lowton,3
151,Nemanja Matic,3
152,Roberto Pereyra,3
153,Marcus Rashford,3
154,Fred,3
155,Jeffrey Schlupp,3
156,Hélder Costa,3
157,Diogo Jota,3
158,Kieran Trippier,3
159,Jamie Vardy,3
160,Jannik Vestergaard,3
161,Marcos Alonso,2
162,Jordan Ayew,2
163,César Azpilicueta,2
164,Harvey Barnes,2
165,Joe Bennett,2
166,Willy Boly,2
167,Calum Chambers,2
168,Nathaniel Clyne,2
169,Bobby De Cordova-Reid,2
170,Gabriel Jesus,2
171,Lewis Dunk,2
172,Bruno Ecuele Manga,2
173,Mohamed Elneny,2
174,Mohamed Elyounoussi,2
175,Pascal Groß,2
176,Florent Hadergjonaj,2
177,David Junior Hoilett,2
178,Will Hughes,2
179,Jordon Ibe,2
180,Vicente Iborra,2
181,Ki Sung-yueng,2
182,Jamaal Lascelles,2
183,Ruben Loftus-Cheek,2
184,Harry Maguire,2
185,Kevin McDonald,2
186,Benjamin Mendy,2
187,Nampalys Mendy,2
188,Luka Milivojevic,2
189,Aaron Mooy,2
190,Lys Mousset,2
191,Pedro Obiang,2
192,Denis Odoi,2
193,Emerson,2
194,Callum Paterson,2
195,Davy Pröpper,2
196,Declan Rice,2
197,Andrew Robertson,2
198,Danny Rose,2
199,Morgan Schneiderlin,2
200,André Schürrle,2
201,Jean Michael Seri,2
202,Luke Shaw,2
203,Daniel Sturridge,2
204,Isaac Success,2
205,Andrew Surman,2
206,Matt Targett,2
207,Fabinho,2
208,Lucas Torreira,2
209,Callum Wilson,2
210,Andriy Yarmolenko,2
211,Ashley Young,2
212,Oleksandr Zinchenko,2
213,Nathan Aké,1
214,Miguel Almirón,1
215,Leandro Bacuna,1
216,Fabián Balbuena,1
217,Sol Bamba,1
218,Michy Batshuayi,1
219,Ryan Bennett,1
220,Johann Gudmundsson,1
221,Ryan Bertrand,1
222,Robbie Brady,1
223,Joe Bryan,1
224,Jonny,1
225,Ivan Cavaleiro,1
226,Lewis Cook,1
227,Charlie Daniels,1
228,Tom Davies,1
229,Steven Davis,1
230,Steven Defour,1
231,Adama Diakhaby,1
232,Timothy Fosu-Mensah,1
233,Juan Foyth,1
234,Manolo Gabbiadini,1
235,Mason Greenwood,1
236,Andreas Pereira,1
237,Alireza Jahanbakhsh,1
238,Daryl Janmaat,1
239,Beram Kayal,1
240,Anthony Knockaert,1
241,Terence Kongolo,1
242,Cheikhou Kouyaté,1
243,Adam Lallana,1
244,Maxime Le Marchand,1
245,Aaron Lennon,1
246,Victor Lindelöf,1
247,Fernando Llorente,1
248,Ademola Lookman,1
249,Dejan Lovren,1
250,Javier Manquillo,1
251,Solly March,1
252,Arthur Masuaku,1
253,Joselu,1
254,Isaac Mbenza,1
255,Scott McTominay,1
256,Ben Mee,1
257,Nathaniel Mendez-Laing,1
258,Martín Montoya,1
259,Álvaro Morata,1
260,Jacob Murphy,1
261,Yoshinori Muto,1
262,Kenedy,1
263,Angelo Ogbonna,1
264,Shinji Okazaki,1
265,Sokratis,1
266,Lucas Pérez,1
267,Alex Pritchard,1
268,Jason Puncheon,1
269,Joe Ralls,1
270,Oriol Romeu,1
271,Carlos Sánchez,1
272,Ederson,1
273,Kasper Schmeichel,1
274,Rúben Vinagre,1
275,Chris Smalling,1
276,Ramadan Sobhi,1
277,Dominic Solanke,1
278,Dale Stephens,1
279,André Gomes,1
280,Cenk Tosun,1
x,,
1,-,
2,Chelsea,
3,Tottenham Hotspur,
4,Leicester City,
5,West Ham United,
6,Liverpool,
7,Everton,
8,Tottenham Hotspur,
9,Manchester City,
10,-,
11,Liverpool,
12,AFC Bournemouth,
13,Manchester United,
14,Liverpool,
15,Cardiff City,
16,-,
17,-,
18,Manchester City,
19,Wolverhampton Wanderers,
20,AFC Bournemouth,
21,-,
22,Chelsea,
23,Tottenham Hotspur,
24,Leicester City,
25,West Ham United,
26,Liverpool,
27,Everton,
28,Tottenham Hotspur,
29,Manchester City,
30,-,
31,Liverpool,
32,AFC Bournemouth,
33,Manchester United,
34,Liverpool,
35,Cardiff City,
36,-,
37,-,
38,Manchester City,
39,Wolverhampton Wanderers,
40,AFC Bournemouth,
41,Manchester City,
42,-,
43,Manchester City,
44,Arsenal,
45,West Ham United,
46,Manchester City,
47,Leicester City,
48,Arsenal,
49,Tottenham Hotspur,
50,Liverpool,
51,West Ham United,
52,Chelsea,
53,Watford,
54,-,
55,-,
56,Chelsea,
57,Everton,
58,Fulham,
59,-,
60,-,
61,-,
62,Liverpool,
63,Manchester United,
64,Arsenal,
65,Chelsea,
66,Manchester City,
67,Manchester City,
68,Tottenham Hotspur,
69,-,
70,Huddersfield Town,
71,Arsenal,
72,Watford,
73,AFC Bournemouth,
74,-,
75,Liverpool,
76,Huddersfield Town,
77,Tottenham Hotspur,
78,Manchester United,
79,Liverpool,
80,Leicester City,
81,-,
82,-,
83,-,
84,Manchester City,
85,Crystal Palace,
86,-,
87,Burnley,
88,Watford,
89,-,
90,Tottenham Hotspur,
91,Watford,
92,Newcastle United,
93,-,
94,-,
95,-,
96,-,
97,-,
98,Newcastle United,
99,Tottenham Hotspur,
100,-,
101,Tottenham Hotspur,
102,Crystal Palace,
103,Burnley,
104,Liverpool,
105,Arsenal,
106,-,
107,Everton,
108,-,
109,Wolverhampton Wanderers,
110,-,
111,Cardiff City,
112,Burnley,
113,Chelsea,
114,West Ham United,
115,Liverpool,
116,Crystal Palace,
117,Burnley,
118,Fulham,
119,Cardiff City,
120,Arsenal,
121,-,
122,Wolverhampton Wanderers,
123,Newcastle United,
124,Newcastle United,
125,AFC Bournemouth,
126,Manchester City,
127,Burnley,
128,Liverpool,
129,Cardiff City,
130,Newcastle United,
131,Arsenal,
132,-,
133,Leicester City,
134,-,
135,Brighton and Hove Albion,
136,Everton,
137,Leicester City,
138,-,
139,Burnley,
140,-,
141,-,
142,AFC Bournemouth,
143,-,
144,-,
145,Arsenal,
146,Newcastle United,
147,-,
148,AFC Bournemouth,
149,Manchester United,
150,-,
151,Manchester United,
152,Watford,
153,Manchester United,
154,Manchester United,
155,Crystal Palace,
156,-,
157,Wolverhampton Wanderers,
158,-,
159,Leicester City,
160,Southampton,
161,Chelsea,
162,-,
163,Chelsea,
164,-,
165,Cardiff City,
166,Wolverhampton Wanderers,
167,-,
168,-,
169,-,
170,Manchester City,
171,Brighton and Hove Albion,
172,Cardiff City,
173,-,
174,-,
175,Brighton and Hove Albion,
176,Huddersfield Town,
177,Cardiff City,
178,Watford,
179,AFC Bournemouth,
180,-,
181,Newcastle United,
182,-,
183,Chelsea,
184,-,
185,Fulham,
186,-,
187,Leicester City,
188,Crystal Palace,
189,-,
190,-,
191,-,
192,Fulham,
193,Chelsea,
194,Cardiff City,
195,Brighton and Hove Albion,
196,-,
197,Liverpool,
198,Tottenham Hotspur,
199,Everton,
200,Fulham,
201,Fulham,
202,Manchester United,
203,-,
204,Watford,
205,AFC Bournemouth,
206,-,
207,Liverpool,
208,Arsenal,
209,AFC Bournemouth,
210,West Ham United,
211,Manchester United,
212,Manchester City,
213,AFC Bournemouth,
214,Newcastle United,
215,Cardiff City,
216,-,
217,Cardiff City,
218,-,
219,Wolverhampton Wanderers,
220,Burnley,
221,-,
222,Burnley,
223,Fulham,
224,Wolverhampton Wanderers,
225,-,
226,AFC Bournemouth,
227,AFC Bournemouth,
228,Everton,
229,-,
230,-,
231,Huddersfield Town,
232,-,
233,Tottenham Hotspur,
234,-,
235,-,
236,Manchester United,
237,-,
238,Watford,
239,-,
240,-,
241,Huddersfield Town,
242,Crystal Palace,
243,-,
244,Fulham,
245,Burnley,
246,Manchester United,
247,-,
248,-,
249,-,
250,Newcastle United,
251,Brighton and Hove Albion,
252,West Ham United,
253,-,
254,-,
255,Manchester United,
256,Burnley,
257,Cardiff City,
258,Brighton and Hove Albion,
259,-,
260,-,
261,Newcastle United,
262,-,
263,West Ham United,
264,-,
265,Arsenal,
266,-,
267,Huddersfield Town,
268,Huddersfield Town,
269,Cardiff City,
270,-,
271,-,
272,Manchester City,
273,Leicester City,
274,Wolverhampton Wanderers,
275,-,
276,-,
277,AFC Bournemouth,
278,Brighton and Hove Albion,
279,-,
280,Everton,
x,,
1,Brazil,
2,Italy,
3,Denmark,
4,England,
5,Brazil,
6,Egypt,
7,Iceland,
8,England,
9,Spain,
10,Germany,
11,Brazil,
12,Wales,
13,France,
14,Senegal,
15,Spain,
16,Belgium,
17,Mexico,
18,Brazil,
19,Portugal,
20,Norway,
21,Brazil,
22,Italy,
23,Denmark,
24,England,
25,Brazil,
26,Egypt,
27,Iceland,
28,England,
29,Spain,
30,Germany,
31,Brazil,
32,Wales,
33,France,
34,Senegal,
35,Spain,
36,Belgium,
37,Mexico,
38,Brazil,
39,Portugal,
40,Norway,
41,Algeria,
42,Belgium,
43,Belgium,
44,France,
45,England,
46,Portugal,
47,England,
48,France,
49,England,
50,Switzerland,
51,Scotland,
52,Brazil,
53,Spain,
54,England,
55,Croatia,
56,Germany,
57,Brazil,
58,Scotland,
59,Mexico,
60,Denmark,
61,Nigeria,
62,Guinea,
63,France,
64,Germany,
65,Spain,
66,Germany,
67,Argentina,
68,Belgium,
69,Austria,
70,Curacao,
71,Spain,
72,England,
73,Scotland,
74,Algeria,
75,England,
76,England,
77,Argentina,
78,Spain,
79,England,
80,Nigeria,
81,Spain,
82,England,
83,Chile,
84,England,
85,Cote D'Ivoire,
86,England,
87,Austria,
88,France,
89,Senegal,
90,England,
91,France,
92,England,
93,Argentina,
94,England,
95,Belgium,
96,Armenia,
97,Wales,
98,Scotland,
99,Brazil,
100,England,
101,South Korea,
102,Netherlands,
103,England,
104,Netherlands,
105,Switzerland,
106,England,
107,Brazil,
108,Spain,
109,England,
110,Senegal,
111,Iceland,
112,Ireland,
113,France,
114,Argentina,
115,Cameroon,
116,Scotland,
117,England,
118,Serbia,
119,England,
120,Germany,
121,Venezuela,
122,Portugal,
123,Switzerland,
124,England,
125,England,
126,England,
127,New Zealand,
128,England,
129,Ireland,
130,Ghana,
131,Gabon,
132,Netherlands,
133,Portugal,
134,Poland,
135,Mali,
136,England,
137,England,
138,England,
139,England,
140,Ireland,
141,England,
142,England,
143,Spain,
144,Nigeria,
145,Bosnia And Herzegovina,
146,France,
147,Gabon,
148,Colombia,
149,England,
150,England,
151,Serbia,
152,Argentina,
153,England,
154,Brazil,
155,Ghana,
156,Portugal,
157,Portugal,
158,England,
159,England,
160,Denmark,
161,Spain,
162,Ghana,
163,Spain,
164,England,
165,England,
166,Cote D'Ivoire,
167,England,
168,England,
169,England,
170,Brazil,
171,England,
172,Gabon,
173,Egypt,
174,Norway,
175,Germany,
176,Kosovo,
177,Canada,
178,England,
179,England,
180,Spain,
181,South Korea,
182,England,
183,England,
184,England,
185,Scotland,
186,France,
187,France,
188,Serbia,
189,Australia,
190,France,
191,Equatorial Guinea,
192,Belgium,
193,Italy,
194,Scotland,
195,Netherlands,
196,England,
197,Scotland,
198,England,
199,France,
200,Germany,
201,Cote D'Ivoire,
202,England,
203,England,
204,Nigeria,
205,England,
206,England,
207,Brazil,
208,Uruguay,
209,England,
210,Ukraine,
211,England,
212,Ukraine,
213,Netherlands,
214,Paraguay,
215,Curacao,
216,Paraguay,
217,Cote D'Ivoire,
218,Belgium,
219,England,
220,Iceland,
221,England,
222,Ireland,
223,England,
224,Spain,
225,Portugal,
226,England,
227,England,
228,England,
229,Northern Ireland,
230,Belgium,
231,France,
232,Netherlands,
233,Argentina,
234,Italy,
235,England,
236,Brazil,
237,Iran,
238,Netherlands,
239,Israel,
240,France,
241,Netherlands,
242,Senegal,
243,England,
244,France,
245,England,
246,Sweden,
247,Spain,
248,England,
249,Croatia,
250,Spain,
251,England,
252,The Democratic Republic Of Congo,
253,Spain,
254,Belgium,
255,Scotland,
256,England,
257,England,
258,Spain,
259,Spain,
260,England,
261,Japan,
262,Brazil,
263,Italy,
264,Japan,
265,Greece,
266,Spain,
267,England,
268,England,
269,England,
270,Spain,
271,Colombia,
272,Brazil,
273,Denmark,
274,Portugal,
275,England,
276,Egypt,
277,England,
278,England,
279,Portugal,
280,Turkey,
x,,
1,,
2,,
3,,
4,,
5,,
6,,
7,,
8,,
9,,
10,,
11,,
12,,
13,,
14,,
15,,
16,,
17,,
18,,
19,,
20,,
21,,
22,,
23,,
24,,
25,,
26,,
27,,
28,,
29,,
30,,
31,,
32,,
33,,
34,,
35,,
36,,
37,,
38,,
39,,
40,,
41,,
42,,
43,,
44,,
45,,
46,,
47,,
48,,
49,,
50,,
51,,
52,,
53,,
54,,
55,,
56,,
57,,
58,,
59,,
60,,
61,,
62,,
63,,
64,,
65,,
66,,
67,,
68,,
69,,
70,,
71,,
72,,
73,,
74,,
75,,
76,,
77,,
78,,
79,,
80,,
81,,
82,,
83,,
84,,
85,,
86,,
87,,
88,,
89,,
90,,
91,,
92,,
93,,
94,,
95,,
96,,
97,,
98,,
99,,
100,,
101,,
102,,
103,,
104,,
105,,
106,,
107,,
108,,
109,,
110,,
111,,
112,,
113,,
114,,
115,,
116,,
117,,
118,,
119,,
120,,
121,,
122,,
123,,
124,,
125,,
126,,
127,,
128,,
129,,
130,,
131,,
132,,
133,,
134,,
135,,
136,,
137,,
138,,
139,,
140,,
141,,
142,,
143,,
144,,
145,,
146,,
147,,
148,,
149,,
150,,
151,,
152,,
153,,
154,,
155,,
156,,
157,,
158,,
159,,
160,,
161,,
162,,
163,,
164,,
165,,
166,,
167,,
168,,
169,,
170,,
171,,
172,,
173,,
174,,
175,,
176,,
177,,
178,,
179,,
180,,
181,,
182,,
183,,
184,,
185,,
186,,
187,,
188,,
189,,
190,,
191,,
192,,
193,,
194,,
195,,
196,,
197,,
198,,
199,,
200,,
201,,
202,,
203,,
204,,
205,,
206,,
207,,
208,,
209,,
210,,
211,,
212,,
213,,
214,,
215,,
216,,
217,,
218,,
219,,
220,,
221,,
222,,
223,,
224,,
225,,
226,,
227,,
228,,
229,,
230,,
231,,
232,,
233,,
234,,
235,,
236,,
237,,
238,,
239,,
240,,
241,,
242,,
243,,
244,,
245,,
246,,
247,,
248,,
249,,
250,,
251,,
252,,
253,,
254,,
255,,
256,,
257,,
258,,
259,,
260,,
261,,
262,,
263,,
264,,
265,,
266,,
267,,
268,,
269,,
270,,
271,,
272,,
273,,
274,,
275,,
276,,
277,,
278,,
279,,
280,,