x,,
1,1,
2,2,
3,3,
4,4,
5,4,
6,6,
7,7,
8,8,
9,9,
10,10,
11,11,
12,11,
13,13,
14,13,
15,15,
16,16,
17,16,
18,18,
19,18,
20,20,
21,1,
22,2,
23,3,
24,4,
25,4,
26,6,
27,7,
28,8,
29,9,
30,10,
31,11,
32,11,
33,13,
34,13,
35,15,
36,16,
37,16,
38,18,
39,18,
40,20,
41,21,
42,22,
43,23,
44,23,
45,23,
46,23,
47,23,
48,28,
49,29,
50,29,
51,29,
52,32,
53,32,
54,32,
55,35,
56,35,
57,35,
58,35,
59,35,
60,35,
61,35,
62,42,
63,42,
64,42,
65,42,
66,42,
67,42,
68,42,
69,42,
70,42,
71,42,
72,52,
73,52,
74,52,
75,52,
76,52,
77,52,
78,52,
79,52,
80,52,
81,61,
82,61,
83,61,
84,61,
85,61,
86,61,
87,67,
88,67,
89,67,
90,67,
91,67,
92,67,
93,67,
94,74,
95,74,
96,74,
97,74,
98,74,
99,74,
100,74,
101,74,
102,74,
103,74,
104,74,
105,74,
106,86,
107,86,
108,86,
109,86,
110,86,
111,86,
112,86,
113,86,
114,94,
115,94,
116,94,
117,94,
118,94,
119,94,
120,94,
121,94,
122,94,
123,94,
124,94,
125,94,
126,94,
127,94,
128,94,
129,94,
130,94,
131,94,
132,94,
133,94,
134,114,
135,114,
136,114,
137,114,
138,114,
139,114,
140,114,
141,114,
142,114,
143,114,
144,114,
145,114,
146,114,
147,114,
148,114,
149,114,
150,114,
151,114,
152,114,
153,114,
154,114,
155,114,
156,114,
157,114,
158,114,
159,114,
160,114,
161,114,
162,114,
163,114,
164,114,
165,145,
166,145,
167,145,
168,145,
169,145,
170,145,
171,145,
172,145,
173,145,
174,145,
175,145,
176,145,
177,145,
178,145,
179,145,
180,145,
181,145,
182,145,
183,145,
184,145,
185,145,
186,145,
187,145,
188,145,
189,145,
190,145,
191,145,
192,145,
193,145,
194,145,
195,145,
196,145,
197,145,
198,145,
199,145,
200,145,
201,145,
202,145,
203,145,
204,145,
205,145,
206,145,
207,145,
208,145,
209,145,
210,145,
211,145,
212,145,
213,145,
214,145,
215,145,
216,145,
217,145,
218,198,
219,198,
220,198,
221,198,
222,198,
223,198,
224,198,
225,198,
226,198,
227,198,
228,198,
229,198,
230,198,
231,198,
232,198,
233,198,
234,198,
235,198,
236,198,
237,198,
238,198,
239,198,
240,198,
241,198,
242,198,
243,198,
244,198,
245,198,
246,198,
247,198,
248,198,
249,198,
250,198,
251,198,
252,198,
253,198,
254,198,
255,198,
256,198,
257,198,
258,198,
259,198,
260,198,
261,198,
262,198,
263,198,
264,198,
265,198,
266,198,
267,198,
268,198,
269,198,
270,198,
271,198,
272,198,
273,198,
274,198,
275,198,
276,198,
277,198,
278,198,
279,198,
280,198,
281,198,
282,198,
283,198,
284,198,
285,198,
286,198,
287,198,
288,198,
289,198,
290,198,
291,198,
292,198,
293,198,
294,198,
295,198,
296,198,
297,198,
298,198,
299,198,
300,198,
x,,
1,Chris Wood,53
2,Glenn Murray,38
3,Jamie Vardy,37
4,Gerard Deulofeu,34
5,Aleksandar Mitrovic,34
6,Raúl Jiménez,33
7,Mohamed Salah,27
8,Sergio Agüero,26
9,Sadio Mané,25
10,Alexandre Lacazette,24
11,Pierre-Emerick Aubameyang,23
12,Romelu Lukaku,23
13,Ashley Barnes,22
14,Son Heung-Min,22
15,Marko Arnautovic,21
16,Álvaro Morata,20
17,Salomón Rondón,20
18,Theo Walcott,19
19,Callum Wilson,19
20,Leroy Sané,18
21,Chris Wood,53
22,Glenn Murray,38
23,Jamie Vardy,37
24,Gerard Deulofeu,34
25,Aleksandar Mitrovic,34
26,Raúl Jiménez,33
27,Mohamed Salah,27
28,Sergio Agüero,26
29,Sadio Mané,25
30,Alexandre Lacazette,24
31,Pierre-Emerick Aubameyang,23
32,Romelu Lukaku,23
33,Ashley Barnes,22
34,Son Heung-Min,22
35,Marko Arnautovic,21
36,Álvaro Morata,20
37,Salomón Rondón,20
38,Theo Walcott,19
39,Callum Wilson,19
40,Leroy Sané,18
41,Richarlison,17
42,Wilfried Zaha,16
43,Andre Gray,15
44,Steve Mounie,15
45,Marcus Rashford,15
46,Nathan Redmond,15
47,Ryan Sessegnon,15
48,Lucas Moura,14
49,Gabriel Jesus,13
50,Troy Deeney,13
51,Raheem Sterling,13
52,Michy Batshuayi,12
53,Shane Long,12
54,Isaac Success,12
55,Willian,11
56,Bobby De Cordova-Reid,11
57,Eden Hazard,11
58,Chicharito,11
59,Gonzalo Higuaín,11
60,Jürgen Locadia,11
61,André Schürrle,11
62,Michail Antonio,10
63,Christian Benteke,10
64,Ryan Fraser,10
65,Harry Kane,10
66,Sead Kolasinac,10
67,Josh Murphy,10
68,Oumar Niasse,10
69,Mesut Özil,10
70,Callum Paterson,10
71,Patrick van Aanholt,10
72,Charlie Austin,9
73,Jordan Ayew,9
74,Ryan Babel,9
75,Jeff Hendrick,9
76,Elias Kachunga,9
77,Riyad Mahrez,9
78,Sean Morrison,9
79,Ayoze Pérez,9
80,Andros Townsend,9
81,David Junior Hoilett,8
82,Kelechi Iheanacho,8
83,Juan Mata,8
84,Pedro,8
85,Alexis Sánchez,8
86,Cenk Tosun,8
87,Roberto Firmino,7
88,Laurent Depoitre,7
89,Aboubakar Kamara,7
90,Joshua King,7
91,Jesse Lingard,7
92,Alex Pritchard,7
93,Sam Vokes,7
94,Dominic Calvert-Lewin,6
95,Ivan Cavaleiro,6
96,Olivier Giroud,6
97,Danny Ings,6
98,Alireza Jahanbakhsh,6
99,N'Golo Kanté,6
100,Solly March,6
101,Anthony Martial,6
102,Hélder Costa,6
103,Diogo Jota,6
104,Adama Traoré,6
105,Kieran Trippier,6
106,Jonny,5
107,Pascal Groß,5
108,Fernando Llorente,5
109,Isaac Mbenza,5
110,Kenedy,5
111,Felipe Anderson,5
112,Paul Pogba,5
113,David Silva,5
114,Trent Alexander-Arnold,4
115,Miguel Almirón,4
116,Florin Andone,4
117,Christian Atsu,4
118,Floyd Ayité,4
119,Jack Cork,4
120,Shane Duffy,4
121,Karlan Grant,4
122,José Izquierdo,4
123,Harry Maguire,4
124,Joselu,4
125,Lys Mousset,4
126,Shkodran Mustafi,4
127,Aaron Ramsey,4
128,Daniel Sturridge,4
129,James Tarkowski,4
130,Kyle Walker,4
131,DeAndre Yedlin,4
132,Ashley Young,4
133,Kenneth Zohore,4
134,Dele Alli,3
135,Stuart Armstrong,3
136,Sol Bamba,3
137,Willy Boly,3
138,Andy Carroll,3
139,Séamus Coleman,3
140,Issa Diop,3
141,Matt Doherty,3
142,Kiko Femenía,3
143,Simon Francis,3
144,Demarai Gray,3
145,Callum Hudson-Odoi,3
146,Anthony Knockaert,3
147,Cheikhou Kouyaté,3
148,Maxime Le Marchand,3
149,Jefferson Lerma,3
150,Nathaniel Mendez-Laing,3
151,Henrikh Mkhitaryan,3
152,Wes Morgan,3
153,Samir Nasri,3
154,Shinji Okazaki,3
155,Divock Origi,3
156,Roberto Pereyra,3
157,Lucas Pérez,3
158,Bruno,3
159,Gylfi Sigurdsson,3
160,Moussa Sissoko,3
161,Robert Snodgrass,3
162,Junior Stanislas,3
163,Danny Ward,3
164,James Ward-Prowse,3
165,Nathan Aké,2
166,Marc Albrighton,2
167,Marcos Alonso,2
168,Bernard,2
169,Harry Arter,2
170,César Azpilicueta,2
171,Ricardo Pereira,2
172,Harvey Barnes,2
173,Johann Gudmundsson,2
174,Philip Billing,2
175,Yves Bissouma,2
176,David Brooks,2
177,Joe Bryan,2
178,Ben Chilwell,2
179,Cyrus Christie,2
180,Diogo Dalot,2
181,Adama Diakhaby,2
182,Lucas Digne,2
183,Abdoulaye Doucouré,2
184,Mohamed Elyounoussi,2
185,Christian Eriksen,2
186,Marouane Fellaini,2
187,Bernardo,2
188,Morgan Gibbs-White,2
189,Dan Gosling,2
190,Mason Greenwood,2
191,Florent Hadergjonaj,2
192,José Holebas,2
193,Alex Iwobi,2
194,Terence Kongolo,2
195,Aymeric Laporte,2
196,Stephan Lichtsteiner,2
197,Ruben Loftus-Cheek,2
198,Ademola Lookman,2
199,Chris Löwe,2
200,Fernandinho,2
201,James Maddison,2
202,James McArthur,2
203,Yoshinori Muto,2
204,Wilfred Ndidi,2
205,Eddie Nketiah,2
206,Pedro Obiang,2
207,Xherdan Shaqiri,2
208,Chris Smalling,2
209,Yan Valery,2
210,Bernardo Silva,2
211,Matej Vydra,2
212,Aaron Wan-Bissaka,2
213,Georginio Wijnaldum,2
214,Harry Winks,2
215,Maya Yoshida,2
216,André-Frank Zambo Anguissa,2
217,Kurt Zouma,2
218,Toby Alderweireld,1
219,Cédric Soares,1
220,Daniel Amartey,1
221,Serge Aurier,1
222,Juninho Bacuna,1
223,Leighton Baines,1
224,Leon Balogun,1
225,Héctor Bellerín,1
226,Joe Bennett,1
227,Ryan Bennett,1
228,Víctor Camarasa,1
229,Tom Cleverley,1
230,Steve Cook,1
231,Aaron Cresswell,1
232,Matteo Darmian,1
233,Tom Davies,1
234,Kevin De Bruyne,1
235,Leander Dendoncker,1
236,Fousseni Diabaté,1
237,Grady Diangana,1
238,Paul Dummett,1
239,Erik Durm,1
240,Bruno Ecuele Manga,1
241,Mohamed Elneny,1
242,Federico Fernández,1
243,Ryan Fredericks,1
244,Manolo Gabbiadini,1
245,Kadeem Harris,1
246,Jordan Henderson,1
247,Andreas Pereira,1
248,Jonathan Hogg,1
249,Mason Holgate,1
250,Daryl Janmaat,1
251,Vincent Janssen,1
252,Vincent Kompany,1
253,Erik Lamela,1
254,Jamaal Lascelles,1
255,Mario Lemina,1
256,Ainsley Maitland-Niles,1
257,Javier Manquillo,1
258,Adrian Mariappa,1
259,Adam Masina,1
260,Nemanja Matic,1
261,Dwight McNeil,1
262,Scott McTominay,1
263,Max Meyer,1
264,Yerry Mina,1
265,Nacho Monreal,1
266,Aaron Mooy,1
267,Jacob Murphy,1
268,Mark Noble,1
269,Michael Obafemi,1
270,Davy Pröpper,1
271,Jason Puncheon,1
272,Collin Quaner,1
273,Joe Ralls,1
274,Declan Rice,1
275,Matt Ritchie,1
276,Andrew Robertson,1
277,Fred,1
278,Danny Rose,1
279,Antonio Rüdiger,1
280,Bakary Sako,1
281,Fabian Schär,1
282,Jeffrey Schlupp,1
283,Ken Sema,1
284,Jean Michael Seri,1
285,Luke Shaw,1
286,Rúben Vinagre,1
287,Josh Sims,1
288,Dominic Solanke,1
289,John Stones,1
290,Matt Targett,1
291,Charlie Taylor,1
292,James Tomkins,1
293,Virgil van Dijk,1
294,Jan Vertonghen,1
295,Jannik Vestergaard,1
296,Kyle Walker-Peters,1
297,Joel Ward,1
298,Ashley Westwood,1
299,Granit Xhaka,1
300,Andriy Yarmolenko,1
x,,
1,Burnley,
2,Brighton and Hove Albion,
3,Leicester City,
4,Watford,
5,Fulham,
6,-,
7,Liverpool,
8,Manchester City,
9,Liverpool,
10,Arsenal,
11,Arsenal,
12,-,
13,Burnley,
14,Tottenham Hotspur,
15,-,
16,-,
17,-,
18,Everton,
19,AFC Bournemouth,
20,Manchester City,
21,Burnley,
22,Brighton and Hove Albion,
23,Leicester City,
24,Watford,
25,Fulham,
26,-,
27,Liverpool,
28,Manchester City,
29,Liverpool,
30,Arsenal,
31,Arsenal,
32,-,
33,Burnley,
34,Tottenham Hotspur,
35,-,
36,-,
37,-,
38,Everton,
39,AFC Bournemouth,
40,Manchester City,
41,Everton,
42,Crystal Palace,
43,Watford,
44,Huddersfield Town,
45,Manchester United,
46,-,
47,-,
48,Tottenham Hotspur,
49,Manchester City,
50,Watford,
51,Manchester City,
52,-,
53,-,
54,Watford,
55,Chelsea,
56,-,
57,-,
58,-,
59,-,
60,-,
61,Fulham,
62,-,
63,Crystal Palace,
64,AFC Bournemouth,
65,Tottenham Hotspur,
66,Arsenal,
67,Cardiff City,
68,-,
69,Arsenal,
70,Cardiff City,
71,Crystal Palace,
72,-,
73,-,
74,-,
75,Burnley,
76,Huddersfield Town,
77,Manchester City,
78,Cardiff City,
79,-,
80,Crystal Palace,
81,Cardiff City,
82,-,
83,Manchester United,
84,Chelsea,
85,-,
86,Everton,
87,Liverpool,
88,-,
89,-,
90,AFC Bournemouth,
91,Manchester United,
92,Huddersfield Town,
93,-,
94,Everton,
95,-,
96,Chelsea,
97,-,
98,-,
99,Chelsea,
100,Brighton and Hove Albion,
101,Manchester United,
102,-,
103,Wolverhampton Wanderers,
104,Wolverhampton Wanderers,
105,-,
106,Wolverhampton Wanderers,
107,Brighton and Hove Albion,
108,-,
109,-,
110,-,
111,West Ham United,
112,Manchester United,
113,Manchester City,
114,Liverpool,
115,Newcastle United,
116,-,
117,Newcastle United,
118,-,
119,Burnley,
120,Brighton and Hove Albion,
121,Huddersfield Town,
122,Brighton and Hove Albion,
123,-,
124,-,
125,-,
126,Arsenal,
127,-,
128,-,
129,Burnley,
130,Manchester City,
131,Newcastle United,
132,Manchester United,
133,-,
134,Tottenham Hotspur,
135,Southampton,
136,Cardiff City,
137,Wolverhampton Wanderers,
138,-,
139,-,
140,West Ham United,
141,-,
142,Watford,
143,AFC Bournemouth,
144,-,
145,Chelsea,
146,-,
147,Crystal Palace,
148,Fulham,
149,AFC Bournemouth,
150,Cardiff City,
151,-,
152,Leicester City,
153,-,
154,-,
155,Liverpool,
156,Watford,
157,-,
158,-,
159,Everton,
160,Tottenham Hotspur,
161,West Ham United,
162,AFC Bournemouth,
163,Cardiff City,
164,Southampton,
165,AFC Bournemouth,
166,Leicester City,
167,Chelsea,
168,Everton,
169,Cardiff City,
170,Chelsea,
171,Leicester City,
172,-,
173,Burnley,
174,-,
175,Brighton and Hove Albion,
176,AFC Bournemouth,
177,Fulham,
178,Leicester City,
179,Fulham,
180,Manchester United,
181,Huddersfield Town,
182,Everton,
183,Watford,
184,-,
185,Tottenham Hotspur,
186,-,
187,-,
188,Wolverhampton Wanderers,
189,AFC Bournemouth,
190,-,
191,Huddersfield Town,
192,Watford,
193,-,
194,Huddersfield Town,
195,Manchester City,
196,-,
197,Chelsea,
198,-,
199,Huddersfield Town,
200,Manchester City,
201,Leicester City,
202,Crystal Palace,
203,Newcastle United,
204,Leicester City,
205,-,
206,-,
207,Liverpool,
208,-,
209,-,
210,Manchester City,
211,Burnley,
212,-,
213,Liverpool,
214,Tottenham Hotspur,
215,-,
216,Fulham,
217,-,
218,Tottenham Hotspur,
219,-,
220,-,
221,Tottenham Hotspur,
222,Huddersfield Town,
223,Everton,
224,Brighton and Hove Albion,
225,Arsenal,
226,Cardiff City,
227,Wolverhampton Wanderers,
228,Cardiff City,
229,Watford,
230,AFC Bournemouth,
231,West Ham United,
232,-,
233,Everton,
234,Manchester City,
235,-,
236,-,
237,-,
238,Newcastle United,
239,-,
240,Cardiff City,
241,-,
242,Newcastle United,
243,West Ham United,
244,-,
245,-,
246,Liverpool,
247,Manchester United,
248,Huddersfield Town,
249,-,
250,Watford,
251,-,
252,-,
253,Tottenham Hotspur,
254,-,
255,-,
256,Arsenal,
257,Newcastle United,
258,Watford,
259,Watford,
260,Manchester United,
261,Burnley,
262,Manchester United,
263,Crystal Palace,
264,Everton,
265,-,
266,-,
267,-,
268,West Ham United,
269,Southampton,
270,Brighton and Hove Albion,
271,Huddersfield Town,
272,-,
273,Cardiff City,
274,-,
275,Newcastle United,
276,Liverpool,
277,Manchester United,
278,Tottenham Hotspur,
279,Chelsea,
280,-,
281,Newcastle United,
282,Crystal Palace,
283,-,
284,Fulham,
285,Manchester United,
286,Wolverhampton Wanderers,
287,-,
288,AFC Bournemouth,
289,Manchester City,
290,-,
291,Burnley,
292,Crystal Palace,
293,Liverpool,
294,Tottenham Hotspur,
295,Southampton,
296,-,
297,Crystal Palace,
298,Burnley,
299,Arsenal,
300,West Ham United,
x,,
1,New Zealand,
2,England,
3,England,
4,Spain,
5,Serbia,
6,Mexico,
7,Egypt,
8,Argentina,
9,Senegal,
10,France,
11,Gabon,
12,Belgium,
13,Austria,
14,South Korea,
15,Austria,
16,Spain,
17,Venezuela,
18,England,
19,England,
20,Germany,
21,New Zealand,
22,England,
23,England,
24,Spain,
25,Serbia,
26,Mexico,
27,Egypt,
28,Argentina,
29,Senegal,
30,France,
31,Gabon,
32,Belgium,
33,Austria,
34,South Korea,
35,Austria,
36,Spain,
37,Venezuela,
38,England,
39,England,
40,Germany,
41,Brazil,
42,Cote D'Ivoire,
43,England,
44,Benin,
45,England,
46,England,
47,England,
48,Brazil,
49,Brazil,
50,England,
51,England,
52,Belgium,
53,Ireland,
54,Nigeria,
55,Brazil,
56,England,
57,Belgium,
58,Mexico,
59,Argentina,
60,Netherlands,
61,Germany,
62,England,
63,Belgium,
64,Scotland,
65,England,
66,Bosnia And Herzegovina,
67,England,
68,Senegal,
69,Germany,
70,Scotland,
71,Netherlands,
72,England,
73,Ghana,
74,Netherlands,
75,Ireland,
76,The Democratic Republic Of Congo,
77,Algeria,
78,England,
79,Spain,
80,England,
81,Canada,
82,Nigeria,
83,Spain,
84,Spain,
85,Chile,
86,Turkey,
87,Brazil,
88,Belgium,
89,France,
90,Norway,
91,England,
92,England,
93,Wales,
94,England,
95,Portugal,
96,France,
97,England,
98,Iran,
99,France,
100,England,
101,France,
102,Portugal,
103,Portugal,
104,Spain,
105,England,
106,Spain,
107,Germany,
108,Spain,
109,Belgium,
110,Brazil,
111,Brazil,
112,France,
113,Spain,
114,England,
115,Paraguay,
116,Romania,
117,Ghana,
118,Togo,
119,England,
120,Ireland,
121,England,
122,Colombia,
123,England,
124,Spain,
125,France,
126,Germany,
127,Wales,
128,England,
129,England,
130,England,
131,United States,
132,England,
133,Denmark,
134,England,
135,Scotland,
136,Cote D'Ivoire,
137,Cote D'Ivoire,
138,England,
139,Ireland,
140,France,
141,Ireland,
142,Spain,
143,England,
144,England,
145,England,
146,France,
147,Senegal,
148,France,
149,Colombia,
150,England,
151,Armenia,
152,Jamaica,
153,France,
154,Japan,
155,Belgium,
156,Argentina,
157,Spain,
158,Spain,
159,Iceland,
160,France,
161,Scotland,
162,England,
163,England,
164,England,
165,Netherlands,
166,England,
167,Spain,
168,Brazil,
169,Ireland,
170,Spain,
171,Portugal,
172,England,
173,Iceland,
174,Denmark,
175,Mali,
176,Wales,
177,England,
178,England,
179,Ireland,
180,Portugal,
181,France,
182,France,
183,France,
184,Norway,
185,Denmark,
186,Belgium,
187,Brazil,
188,England,
189,England,
190,England,
191,Kosovo,
192,Greece,
193,Nigeria,
194,Netherlands,
195,France,
196,Switzerland,
197,England,
198,England,
199,Germany,
200,Brazil,
201,England,
202,Scotland,
203,Japan,
204,Nigeria,
205,England,
206,Equatorial Guinea,
207,Switzerland,
208,England,
209,France,
210,Portugal,
211,Czech Republic,
212,England,
213,Netherlands,
214,England,
215,Japan,
216,Cameroon,
217,France,
218,Belgium,
219,Portugal,
220,Ghana,
221,Cote D'Ivoire,
222,Curacao,
223,England,
224,Nigeria,
225,Spain,
226,England,
227,England,
228,Spain,
229,England,
230,England,
231,England,
232,Italy,
233,England,
234,Belgium,
235,Belgium,
236,Mali,
237,England,
238,Wales,
239,Germany,
240,Gabon,
241,Egypt,
242,Argentina,
243,England,
244,Italy,
245,England,
246,England,
247,Brazil,
248,England,
249,England,
250,Netherlands,
251,Netherlands,
252,Belgium,
253,Argentina,
254,England,
255,Gabon,
256,England,
257,Spain,
258,Jamaica,
259,Italy,
260,Serbia,
261,England,
262,Scotland,
263,Germany,
264,Colombia,
265,Spain,
266,Australia,
267,England,
268,England,
269,Ireland,
270,Netherlands,
271,England,
272,Germany,
273,England,
274,England,
275,Scotland,
276,Scotland,
277,Brazil,
278,England,
279,Germany,
280,Mali,
281,Switzerland,
282,Ghana,
283,Sweden,
284,Cote D'Ivoire,
285,England,
286,Portugal,
287,England,
288,England,
289,England,
290,England,
291,England,
292,England,
293,Netherlands,
294,Belgium,
295,Denmark,
296,England,
297,England,
298,England,
299,Switzerland,
300,Ukraine,
x,,
1,,
2,,
3,,
4,,
5,,
6,,
7,,
8,,
9,,
10,,
11,,
12,,
13,,
14,,
15,,
16,,
17,,
18,,
19,,
20,,
21,,
22,,
23,,
24,,
25,,
26,,
27,,
28,,
29,,
30,,
31,,
32,,
33,,
34,,
35,,
36,,
37,,
38,,
39,,
40,,
41,,
42,,
43,,
44,,
45,,
46,,
47,,
48,,
49,,
50,,
51,,
52,,
53,,
54,,
55,,
56,,
57,,
58,,
59,,
60,,
61,,
62,,
63,,
64,,
65,,
66,,
67,,
68,,
69,,
70,,
71,,
72,,
73,,
74,,
75,,
76,,
77,,
78,,
79,,
80,,
81,,
82,,
83,,
84,,
85,,
86,,
87,,
88,,
89,,
90,,
91,,
92,,
93,,
94,,
95,,
96,,
97,,
98,,
99,,
100,,
101,,
102,,
103,,
104,,
105,,
106,,
107,,
108,,
109,,
110,,
111,,
112,,
113,,
114,,
115,,
116,,
117,,
118,,
119,,
120,,
121,,
122,,
123,,
124,,
125,,
126,,
127,,
128,,
129,,
130,,
131,,
132,,
133,,
134,,
135,,
136,,
137,,
138,,
139,,
140,,
141,,
142,,
143,,
144,,
145,,
146,,
147,,
148,,
149,,
150,,
151,,
152,,
153,,
154,,
155,,
156,,
157,,
158,,
159,,
160,,
161,,
162,,
163,,
164,,
165,,
166,,
167,,
168,,
169,,
170,,
171,,
172,,
173,,
174,,
175,,
176,,
177,,
178,,
179,,
180,,
181,,
182,,
183,,
184,,
185,,
186,,
187,,
188,,
189,,
190,,
191,,
192,,
193,,
194,,
195,,
196,,
197,,
198,,
199,,
200,,
201,,
202,,
203,,
204,,
205,,
206,,
207,,
208,,
209,,
210,,
211,,
212,,
213,,
214,,
215,,
216,,
217,,
218,,
219,,
220,,
221,,
222,,
223,,
224,,
225,,
226,,
227,,
228,,
229,,
230,,
231,,
232,,
233,,
234,,
235,,
236,,
237,,
238,,
239,,
240,,
241,,
242,,
243,,
244,,
245,,
246,,
247,,
248,,
249,,
250,,
251,,
252,,
253,,
254,,
255,,
256,,
257,,
258,,
259,,
260,,
261,,
262,,
263,,
264,,
265,,
266,,
267,,
268,,
269,,
270,,
271,,
272,,
273,,
274,,
275,,
276,,
277,,
278,,
279,,
280,,
281,,
282,,
283,,
284,,
285,,
286,,
287,,
288,,
289,,
290,,
291,,
292,,
293,,
294,,
295,,
296,,
297,,
298,,
299,,
300,,