x,,
1,1,
2,1,
3,3,
4,3,
5,5,
6,5,
7,5,
8,5,
9,5,
10,10,
11,10,
12,10,
13,10,
14,10,
15,10,
16,10,
17,10,
18,10,
19,10,
20,10,
21,1,
22,1,
23,3,
24,3,
25,5,
26,5,
27,5,
28,5,
29,5,
30,10,
31,10,
32,10,
33,10,
34,10,
35,10,
36,10,
37,10,
38,10,
39,10,
40,10,
41,10,
42,10,
43,10,
44,24,
45,24,
46,24,
47,24,
48,24,
49,24,
50,24,
51,24,
52,24,
53,24,
54,24,
55,24,
56,24,
57,24,
58,24,
59,24,
60,24,
61,24,
62,24,
63,24,
64,24,
65,24,
66,24,
67,24,
68,24,
69,24,
70,24,
71,24,
72,24,
73,24,
74,24,
75,24,
76,24,
77,24,
78,24,
79,24,
80,24,
81,24,
82,24,
83,24,
84,24,
85,24,
86,24,
87,24,
88,24,
89,24,
90,24,
91,24,
92,24,
93,24,
94,24,
95,24,
96,24,
97,24,
98,24,
99,24,
100,24,
x,,
1,Asmir Begovic,5
2,Bernd Leno,5
3,David de Gea,4
4,Jordan Pickford,4
5,Sol Bamba,3
6,Martin Dubravka,3
7,Angus Gunn,3
8,Alisson,3
9,Sergio Rico,3
10,Cédric Soares,2
11,Harry Arter,2
12,Charlie Daniels,2
13,Lewis Dunk,2
14,Bruno Ecuele Manga,2
15,Ben Foster,2
16,Ben Hamer,2
17,Tom Heaton,2
18,Jamaal Lascelles,2
19,Jonas Lössl,2
20,Jean Michael Seri,2
21,Asmir Begovic,5
22,Bernd Leno,5
23,David de Gea,4
24,Jordan Pickford,4
25,Sol Bamba,3
26,Martin Dubravka,3
27,Angus Gunn,3
28,Alisson,3
29,Sergio Rico,3
30,Cédric Soares,2
31,Harry Arter,2
32,Charlie Daniels,2
33,Lewis Dunk,2
34,Bruno Ecuele Manga,2
35,Ben Foster,2
36,Ben Hamer,2
37,Tom Heaton,2
38,Jamaal Lascelles,2
39,Jonas Lössl,2
40,Jean Michael Seri,2
41,James Tomkins,2
42,Kieran Trippier,2
43,Granit Xhaka,2
44,Fabri,1
45,Juninho Bacuna,1
46,Leon Balogun,1
47,Ross Barkley,1
48,Ryan Bennett,1
49,Yves Bissouma,1
50,Willian,1
51,Miguel Britos,1
52,Joe Bryan,1
53,Jonny,1
54,Craig Cathcart,1
55,Calum Chambers,1
56,Issa Diop,1
57,Rui Patrício,1
58,Abdoulaye Doucouré,1
59,Lukasz Fabianski,1
60,Timothy Fosu-Mensah,1
61,Juan Foyth,1
62,Ryan Fredericks,1
63,Dan Gosling,1
64,Matteo Guendouzi,1
65,Florent Hadergjonaj,1
66,Wayne Hennessey,1
67,Andreas Pereira,1
68,Jonathan Hogg,1
69,Pierre-Emile Højbjerg,1
70,Alex Iwobi,1
71,Michael Keane,1
72,Sead Kolasinac,1
73,Terence Kongolo,1
74,Maxime Le Marchand,1
75,Stephan Lichtsteiner,1
76,Hugo Lloris,1
77,Matthew Lowton,1
78,David Luiz,1
79,Harry Maguire,1
80,Adrian Mariappa,1
81,Alex McCarthy,1
82,Ben Mee,1
83,Nampalys Mendy,1
84,Chris Mepham,1
85,Luka Milivojevic,1
86,Yerry Mina,1
87,Sean Morrison,1
88,Shkodran Mustafi,1
89,Håvard Nordtveit,1
90,Nicolás Otamendi,1
91,Roberto Pereyra,1
92,Tim Ream,1
93,Fred,1
94,Marcos Rojo,1
95,Danny Rose,1
96,Bruno,1
97,Carlos Sánchez,1
98,Davinson Sánchez,1
99,Christopher Schindler,1
100,Kasper Schmeichel,1
x,,
1,-,
2,Arsenal,
3,Manchester United,
4,Everton,
5,Cardiff City,
6,Newcastle United,
7,Southampton,
8,Liverpool,
9,Fulham,
10,-,
11,Cardiff City,
12,AFC Bournemouth,
13,Brighton and Hove Albion,
14,Cardiff City,
15,Watford,
16,-,
17,-,
18,-,
19,-,
20,Fulham,
21,-,
22,Arsenal,
23,Manchester United,
24,Everton,
25,Cardiff City,
26,Newcastle United,
27,Southampton,
28,Liverpool,
29,Fulham,
30,-,
31,Cardiff City,
32,AFC Bournemouth,
33,Brighton and Hove Albion,
34,Cardiff City,
35,Watford,
36,-,
37,-,
38,-,
39,-,
40,Fulham,
41,Crystal Palace,
42,-,
43,Arsenal,
44,-,
45,Huddersfield Town,
46,Brighton and Hove Albion,
47,-,
48,Wolverhampton Wanderers,
49,Brighton and Hove Albion,
50,Chelsea,
51,-,
52,Fulham,
53,Wolverhampton Wanderers,
54,Watford,
55,-,
56,West Ham United,
57,Wolverhampton Wanderers,
58,Watford,
59,West Ham United,
60,-,
61,Tottenham Hotspur,
62,West Ham United,
63,AFC Bournemouth,
64,Arsenal,
65,Huddersfield Town,
66,-,
67,Manchester United,
68,Huddersfield Town,
69,-,
70,-,
71,Everton,
72,Arsenal,
73,Huddersfield Town,
74,Fulham,
75,-,
76,Tottenham Hotspur,
77,-,
78,-,
79,-,
80,Watford,
81,-,
82,Burnley,
83,Leicester City,
84,AFC Bournemouth,
85,Crystal Palace,
86,Everton,
87,Cardiff City,
88,Arsenal,
89,Fulham,
90,Manchester City,
91,Watford,
92,Fulham,
93,Manchester United,
94,-,
95,Tottenham Hotspur,
96,-,
97,-,
98,Tottenham Hotspur,
99,Huddersfield Town,
100,Leicester City,
x,,
1,Bosnia And Herzegovina,
2,Germany,
3,Spain,
4,England,
5,Cote D'Ivoire,
6,Slovakia,
7,England,
8,Brazil,
9,Spain,
10,Portugal,
11,Ireland,
12,England,
13,England,
14,Gabon,
15,England,
16,England,
17,England,
18,England,
19,Denmark,
20,Cote D'Ivoire,
21,Bosnia And Herzegovina,
22,Germany,
23,Spain,
24,England,
25,Cote D'Ivoire,
26,Slovakia,
27,England,
28,Brazil,
29,Spain,
30,Portugal,
31,Ireland,
32,England,
33,England,
34,Gabon,
35,England,
36,England,
37,England,
38,England,
39,Denmark,
40,Cote D'Ivoire,
41,England,
42,England,
43,Switzerland,
44,Spain,
45,Curacao,
46,Nigeria,
47,England,
48,England,
49,Mali,
50,Brazil,
51,Uruguay,
52,England,
53,Spain,
54,Northern Ireland,
55,England,
56,France,
57,Portugal,
58,France,
59,Poland,
60,Netherlands,
61,Argentina,
62,England,
63,England,
64,France,
65,Kosovo,
66,Wales,
67,Brazil,
68,England,
69,Denmark,
70,Nigeria,
71,England,
72,Bosnia And Herzegovina,
73,Netherlands,
74,France,
75,Switzerland,
76,France,
77,England,
78,Brazil,
79,England,
80,Jamaica,
81,England,
82,England,
83,France,
84,Wales,
85,Serbia,
86,Colombia,
87,England,
88,Germany,
89,Norway,
90,Argentina,
91,Argentina,
92,United States,
93,Brazil,
94,Argentina,
95,England,
96,Spain,
97,Colombia,
98,Colombia,
99,Germany,
100,Denmark,
x,,
1,,
2,,
3,,
4,,
5,,
6,,
7,,
8,,
9,,
10,,
11,,
12,,
13,,
14,,
15,,
16,,
17,,
18,,
19,,
20,,
21,,
22,,
23,,
24,,
25,,
26,,
27,,
28,,
29,,
30,,
31,,
32,,
33,,
34,,
35,,
36,,
37,,
38,,
39,,
40,,
41,,
42,,
43,,
44,,
45,,
46,,
47,,
48,,
49,,
50,,
51,,
52,,
53,,
54,,
55,,
56,,
57,,
58,,
59,,
60,,
61,,
62,,
63,,
64,,
65,,
66,,
67,,
68,,
69,,
70,,
71,,
72,,
73,,
74,,
75,,
76,,
77,,
78,,
79,,
80,,
81,,
82,,
83,,
84,,
85,,
86,,
87,,
88,,
89,,
90,,
91,,
92,,
93,,
94,,
95,,
96,,
97,,
98,,
99,,
100,,