Conor Coady,-,England,"3,420"
David de Gea,Manchester United,Spain,"3,420"
Martin Dubravka,Newcastle United,Slovakia,"3,420"
Neil Etheridge,Cardiff City,Philippines,"3,420"
Lukasz Fabianski,West Ham United,Poland,"3,420"
Ben Foster,Watford,England,"3,420"
Ben Mee,Burnley,England,"3,420"
Luka Milivojevic,Crystal Palace,Serbia,"3,420"
Jordan Pickford,Everton,England,"3,420"
Alisson,Liverpool,Brazil,"3,420"
Ederson,Manchester City,Brazil,"3,420"
Kasper Schmeichel,Leicester City,Denmark,"3,420"
Nathan Aké,AFC Bournemouth,Netherlands,"3,412"
César Azpilicueta,Chelsea,Spain,"3,403"
Virgil van Dijk,Liverpool,Netherlands,"3,385"
Bruno Ecuele Manga,Cardiff City,Gabon,"3,375"
Rui Patrício,Wolverhampton Wanderers,Portugal,"3,329"
Jack Cork,Burnley,England,"3,313"
Wilfred Ndidi,Leicester City,Nigeria,"3,298"
Aleksandar Mitrovic,Fulham,Serbia,"3,281"
Conor Coady,-,England,"3,420"
David de Gea,Manchester United,Spain,"3,420"
Martin Dubravka,Newcastle United,Slovakia,"3,420"
Neil Etheridge,Cardiff City,Philippines,"3,420"
Lukasz Fabianski,West Ham United,Poland,"3,420"
Ben Foster,Watford,England,"3,420"
Ben Mee,Burnley,England,"3,420"
Luka Milivojevic,Crystal Palace,Serbia,"3,420"
Jordan Pickford,Everton,England,"3,420"
Alisson,Liverpool,Brazil,"3,420"
Ederson,Manchester City,Brazil,"3,420"
Kasper Schmeichel,Leicester City,Denmark,"3,420"
Nathan Aké,AFC Bournemouth,Netherlands,"3,412"
César Azpilicueta,Chelsea,Spain,"3,403"
Virgil van Dijk,Liverpool,Netherlands,"3,385"
Bruno Ecuele Manga,Cardiff City,Gabon,"3,375"
Rui Patrício,Wolverhampton Wanderers,Portugal,"3,329"
Jack Cork,Burnley,England,"3,313"
Wilfred Ndidi,Leicester City,Nigeria,"3,298"
Aleksandar Mitrovic,Fulham,Serbia,"3,281"
Nathan Redmond,-,England,"3,275"
Christopher Schindler,Huddersfield Town,Germany,"3,262"
Mohamed Salah,Liverpool,Egypt,"3,256"
Kepa Arrizabalaga,Chelsea,Spain,"3,240"
Ben Chilwell,Leicester City,England,"3,240"
Charlie Taylor,Burnley,England,"3,240"
David Luiz,-,Brazil,"3,239"
Andrew Robertson,Liverpool,Scotland,"3,219"
Patrick van Aanholt,Crystal Palace,Netherlands,"3,197"
Ryan Fraser,AFC Bournemouth,Scotland,"3,171"
Willy Boly,Wolverhampton Wanderers,Cote D'Ivoire,"3,168"
Jorginho,Chelsea,Italy,"3,165"
Lewis Dunk,Brighton and Hove Albion,England,"3,153"
Matt Doherty,-,Ireland,"3,147"
Aaron Wan-Bissaka,-,England,"3,135"
Gylfi Sigurdsson,Everton,Iceland,"3,127"
Ricardo Pereira,Leicester City,Portugal,"3,125"
Raúl Jiménez,-,Mexico,"3,122"
Craig Cathcart,Watford,Northern Ireland,"3,098"
N'Golo Kanté,Chelsea,France,"3,095"
Shane Duffy,Brighton and Hove Albion,Ireland,"3,088"
James Tarkowski,Burnley,England,"3,087"
Sadio Mané,Liverpool,Senegal,"3,085"
James McArthur,Crystal Palace,Scotland,"3,072"
Abdoulaye Doucouré,Watford,France,"3,062"
Ryan Bennett,Wolverhampton Wanderers,England,"3,060"
Mat Ryan,Brighton and Hove Albion,Australia,"3,060"
Aymeric Laporte,Manchester City,France,"3,057"
Felipe Anderson,West Ham United,Brazil,"3,051"
Sean Morrison,Cardiff City,England,"3,040"
Wilfried Zaha,Crystal Palace,Cote D'Ivoire,"3,040"
João Moutinho,Wolverhampton Wanderers,Portugal,"3,038"
Andros Townsend,Crystal Palace,England,"3,016"
Rúben Neves,Wolverhampton Wanderers,Portugal,"3,009"
Paul Pogba,Manchester United,France,"3,009"
Declan Rice,-,England,"3,004"
Issa Diop,West Ham United,France,"2,970"
Joshua King,AFC Bournemouth,Norway,"2,970"
Hugo Lloris,-,France,"2,970"
Michael Keane,Everton,England,"2,969"
Lucas Digne,Everton,France,"2,966"
Etienne Capoue,Watford,France,"2,946"
Matt Ritchie,Newcastle United,Scotland,"2,939"
Ayoze Pérez,-,Spain,"2,927"
Eden Hazard,-,Belgium,"2,925"
Toby Alderweireld,Tottenham Hotspur,Belgium,"2,923"
Antonio Rüdiger,Chelsea,Germany,"2,874"
Bernardo Silva,Manchester City,Portugal,"2,853"
James Maddison,Leicester City,England,"2,848"
Bernd Leno,Arsenal,Germany,"2,835"
Idrissa Gueye,-,Senegal,"2,825"
Ashley Westwood,Burnley,England,"2,822"
Roberto Pereyra,Watford,Argentina,"2,821"
Steve Cook,AFC Bournemouth,England,"2,787"
Jonny,Wolverhampton Wanderers,Spain,"2,777"
Jonas Lössl,-,Denmark,"2,777"
Kyle Walker,Manchester City,England,"2,777"
Raheem Sterling,Manchester City,England,"2,776"
Christian Eriksen,Tottenham Hotspur,Denmark,"2,771"
Pierre-Emile Højbjerg,-,Denmark,"2,764"
Marcos Alonso,Chelsea,Spain,"2,761"
Jamaal Lascelles,-,England,"2,745"
Georginio Wijnaldum,Liverpool,Netherlands,"2,736"
Pierre-Emerick Aubameyang,Arsenal,Gabon,"2,731"
Jamie Vardy,Leicester City,England,"2,728"
Terence Kongolo,Huddersfield Town,Netherlands,"2,721"
Richarlison,Everton,Brazil,"2,678"
Joe Bennett,Cardiff City,England,"2,641"
Roberto Firmino,Liverpool,Brazil,"2,617"
Shkodran Mustafi,Arsenal,Germany,"2,615"
Kurt Zouma,-,France,"2,612"
Sergio Rico,Fulham,Spain,"2,610"
Salomón Rondón,-,Venezuela,"2,608"
Victor Lindelöf,Manchester United,Sweden,"2,602"
Harry Maguire,-,England,"2,599"
Denis Odoi,Fulham,Belgium,"2,594"
Chris Wood,Burnley,New Zealand,"2,594"
Luke Shaw,Manchester United,England,"2,592"
Calum Chambers,-,England,"2,586"
Víctor Camarasa,Cardiff City,Spain,"2,578"
Ashley Young,Manchester United,England,"2,569"
James Tomkins,Crystal Palace,England,"2,562"
Séamus Coleman,-,Ireland,"2,560"
Davy Pröpper,Brighton and Hove Albion,Netherlands,"2,551"
Troy Deeney,Watford,England,"2,547"
Callum Wilson,AFC Bournemouth,England,"2,534"
Glenn Murray,Brighton and Hove Albion,England,"2,512"
Jefferson Lerma,AFC Bournemouth,Colombia,"2,510"
Alexandre Lacazette,Arsenal,France,"2,505"
Granit Xhaka,Arsenal,Switzerland,"2,501"
Dale Stephens,Brighton and Hove Albion,England,"2,487"
Sergio Agüero,Manchester City,Argentina,"2,479"
Sol Bamba,Cardiff City,Cote D'Ivoire,"2,475"
Solly March,Brighton and Hove Albion,England,"2,474"
DeAndre Yedlin,Newcastle United,United States,"2,474"
Trent Alexander-Arnold,Liverpool,England,"2,466"
Nemanja Matic,Manchester United,Serbia,"2,440"
Will Hughes,Watford,England,"2,433"
Harry Kane,Tottenham Hotspur,England,"2,427"
Mamadou Sakho,Crystal Palace,France,"2,417"
David Silva,Manchester City,Spain,"2,409"
José Holebas,Watford,Greece,"2,394"
Ashley Barnes,Burnley,Austria,"2,386"
Fernandinho,Manchester City,Brazil,"2,381"
Lucas Torreira,Arsenal,Uruguay,"2,379"
Jonathan Hogg,Huddersfield Town,England,"2,375"
Diogo Jota,Wolverhampton Wanderers,Portugal,"2,368"
Joe Bryan,Fulham,England,"2,347"
Marcus Rashford,Manchester United,England,"2,342"
Moussa Sissoko,Tottenham Hotspur,France,"2,337"
Aaron Mooy,-,Australia,"2,327"
Mark Noble,West Ham United,England,"2,308"
Ryan Sessegnon,-,England,"2,294"
Kieran Trippier,-,England,"2,278"
David Brooks,AFC Bournemouth,Wales,"2,276"
Aron Gunnarsson,Cardiff City,Iceland,"2,275"
Maxime Le Marchand,Fulham,France,"2,252"
Alex McCarthy,-,England,"2,250"
Jean Michael Seri,Fulham,Cote D'Ivoire,"2,250"
Robert Snodgrass,West Ham United,Scotland,"2,221"
Sokratis,Arsenal,Greece,"2,199"
Tom Cairney,Fulham,Scotland,"2,198"
Philip Billing,-,Denmark,"2,190"
Mohamed Diamé,-,Senegal,"2,166"
Martín Montoya,Brighton and Hove Albion,Spain,"2,166"
Asmir Begovic,-,Bosnia And Herzegovina,"2,160"
Ryan Bertrand,-,England,"2,160"
Jan Bednarek,-,Poland,"2,150"
Zanka,Huddersfield Town,Denmark,"2,148"
Matteo Guendouzi,Arsenal,France,"2,142"
David Junior Hoilett,Cardiff City,Canada,"2,142"
Oriol Romeu,-,Spain,"2,139"
Ilkay Gündogan,-,Germany,"2,135"
Romelu Lukaku,-,Belgium,"2,130"
Lucas Moura,Tottenham Hotspur,Brazil,"2,128"
Chris Smalling,-,England,"2,128"
Bernard,Everton,Brazil,"2,127"
Theo Walcott,Everton,England,"2,122"
Willian,Chelsea,Brazil,"2,108"
Michail Antonio,-,England,"2,099"
Pablo Zabaleta,West Ham United,Argentina,"2,091"
Alex Pritchard,Huddersfield Town,England,"2,089"
Nampalys Mendy,Leicester City,France,"2,088"
Gerard Deulofeu,Watford,Spain,"2,079"
Adam Smith,AFC Bournemouth,England,"2,072"
Jeff Hendrick,Burnley,Ireland,"2,070"
Chris Löwe,Huddersfield Town,Germany,"2,056"
Erik Durm,-,Germany,"2,052"
Tim Ream,Fulham,United States,"2,049"
Kiko Femenía,Watford,Spain,"2,046"
Son Heung-Min,Tottenham Hotspur,South Korea,"2,045"
Jannik Vestergaard,Southampton,Denmark,"2,030"
Fabián Balbuena,-,Paraguay,"2,014"
Fabinho,Liverpool,Brazil,"2,012"
Harry Arter,Cardiff City,Ireland,"2,006"
Fabian Schär,Newcastle United,Switzerland,"2,003"
Marko Arnautovic,-,Austria,"1,999"
Demarai Gray,-,England,"1,996"
Callum Paterson,Cardiff City,Scotland,"1,996"
Jonny Evans,Leicester City,Northern Ireland,"1,994"
Paul Dummett,Newcastle United,Wales,"1,987"
André Gomes,-,Portugal,"1,986"
Jordan Henderson,Liverpool,England,"1,982"
Alex Iwobi,-,Nigeria,"1,972"
Joe Ralls,Cardiff City,England,"1,960"
Cyrus Christie,Fulham,Ireland,"1,945"
Davinson Sánchez,Tottenham Hotspur,Colombia,"1,943"
James Ward-Prowse,Southampton,England,"1,942"
Wes Morgan,Leicester City,Jamaica,"1,926"
Adrian Mariappa,Watford,Jamaica,"1,924"
Jan Vertonghen,Tottenham Hotspur,Belgium,"1,914"
Cheikhou Kouyaté,Crystal Palace,Senegal,"1,897"
Sead Kolasinac,Arsenal,Bosnia And Herzegovina,"1,890"
Pascal Groß,Brighton and Hove Albion,Germany,"1,876"
Angelo Ogbonna,West Ham United,Italy,"1,871"
Leroy Sané,Manchester City,Germany,"1,867"
Isaac Hayden,Newcastle United,England,"1,864"
Nacho Monreal,-,Spain,"1,861"
Florent Hadergjonaj,Huddersfield Town,Kosovo,"1,840"
Ben Davies,Tottenham Hotspur,Wales,"1,839"
Dele Alli,Tottenham Hotspur,England,"1,833"
Anthony Knockaert,-,France,"1,833"
Josh Murphy,Cardiff City,England,"1,822"
Gaëtan Bong,Brighton and Hove Albion,Cameroon,"1,805"
Danny Rose,Tottenham Hotspur,England,"1,798"
James Milner,Liverpool,England,"1,786"
Pedro,Chelsea,Spain,"1,780"
Steve Mounie,Huddersfield Town,Benin,"1,776"
Dominic Calvert-Lewin,Everton,England,"1,775"
Yves Bissouma,Brighton and Hove Albion,Mali,"1,768"
John Stones,Manchester City,England,"1,763"
Arthur Masuaku,West Ham United,The Democratic Republic Of Congo,"1,757"
Vicente Guaita,Crystal Palace,Spain,"1,755"
Bernardo,-,Brazil,"1,750"
Johann Gudmundsson,Burnley,Iceland,"1,749"
Matthew Lowton,-,England,"1,748"
Mateo Kovacic,-,Croatia,"1,744"
Mesut Özil,Arsenal,Germany,"1,741"
Dan Gosling,AFC Bournemouth,England,"1,738"
Yan Valery,-,France,"1,714"
Joe Hart,Burnley,England,"1,710"
Tom Heaton,-,England,"1,710"
Jack Stephens,Southampton,England,"1,697"
Phil Bardsley,Burnley,Scotland,"1,672"
Jesse Lingard,Manchester United,England,"1,669"
Danny Ings,-,England,"1,666"
Jeffrey Schlupp,Crystal Palace,Ghana,"1,665"
André Schürrle,Fulham,Germany,"1,649"
Henrikh Mkhitaryan,-,Armenia,"1,644"
Marc Albrighton,Leicester City,England,"1,626"
Anthony Martial,Manchester United,France,"1,624"
Mario Lemina,-,Gabon,"1,614"
Dwight McNeil,Burnley,England,"1,597"
Harry Winks,Tottenham Hotspur,England,"1,592"
Aaron Cresswell,West Ham United,England,"1,590"
Christian Kabasele,Watford,Belgium,"1,587"
Charlie Daniels,AFC Bournemouth,England,"1,585"
Wayne Hennessey,-,Wales,"1,575"
Lee Peltier,Cardiff City,England,"1,543"
Joel Matip,Liverpool,Cameroon,"1,535"
Héctor Bellerín,Arsenal,Spain,"1,533"
Daryl Janmaat,Watford,Netherlands,"1,522"
Maya Yoshida,-,Japan,"1,519"
André-Frank Zambo Anguissa,Fulham,Cameroon,"1,519"
Eric Dier,Tottenham Hotspur,England,"1,509"
Cédric Soares,-,Portugal,"1,494"
Christian Atsu,Newcastle United,Ghana,"1,488"
Federico Fernández,Newcastle United,Argentina,"1,482"
Leander Dendoncker,-,Belgium,"1,469"
Andrew Surman,AFC Bournemouth,England,"1,439"
Stuart Armstrong,Southampton,Scotland,"1,431"
Bobby De Cordova-Reid,-,England,"1,422"
Juninho Bacuna,Huddersfield Town,Curacao,"1,415"
Max Meyer,Crystal Palace,Germany,"1,410"
Ander Herrera,-,Spain,"1,404"
Naby Keita,Liverpool,Guinea,"1,394"
Andre Gray,Watford,England,"1,360"
Hélder Costa,-,Portugal,"1,345"
Kenedy,-,Brazil,"1,343"
Chicharito,-,Mexico,"1,337"
Riyad Mahrez,Manchester City,Algeria,"1,337"
Laurent Koscielny,-,France,"1,330"
Aaron Ramsey,-,Wales,"1,328"
Ki Sung-yueng,Newcastle United,South Korea,"1,302"
Juan Mata,Manchester United,Spain,"1,293"
Shane Long,-,Ireland,"1,270"
Phil Jones,Manchester United,England,"1,262"
Ryan Babel,-,Netherlands,"1,260"
Nathaniel Clyne,-,England,"1,253"
Ross Barkley,-,England,"1,241"
Nicolás Otamendi,Manchester City,Argentina,"1,234"
Jürgen Locadia,-,Netherlands,"1,229"
Simon Francis,AFC Bournemouth,England,"1,227"
Vincent Kompany,-,Belgium,"1,223"
Aaron Lennon,Burnley,England,"1,215"
Jordan Ayew,-,Ghana,"1,187"
Matt Targett,-,England,"1,187"
Elias Kachunga,Huddersfield Town,The Democratic Republic Of Congo,"1,181"
Wesley Hoedt,-,Netherlands,"1,170"
Oleksandr Zinchenko,Manchester City,Ukraine,"1,153"
Romain Saïss,Wolverhampton Wanderers,Morocco,"1,144"
Tommy Smith,-,England,"1,142"
Bruno,-,Spain,"1,136"
Alfie Mawson,Fulham,England,"1,130"
Pedro Obiang,-,Equatorial Guinea,"1,120"
Martin Kelly,Crystal Palace,England,"1,110"
Javier Manquillo,Newcastle United,Spain,"1,099"
Gonzalo Higuaín,-,Argentina,"1,092"
Youri Tielemans,-,Belgium,"1,091"
Ryan Fredericks,West Ham United,England,"1,085"
Artur Boruc,AFC Bournemouth,Poland,"1,080"
Angus Gunn,-,England,"1,080"
Laurent Depoitre,-,Belgium,"1,062"
Joseph Gomez,-,England,"1,060"
Xherdan Shaqiri,Liverpool,Switzerland,"1,058"
Florian Lejeune,Newcastle United,France,"1,055"
Cenk Tosun,Everton,Turkey,"1,050"
Fred,Manchester United,Brazil,"1,042"
Isaac Success,Watford,Nigeria,"1,039"
Junior Stanislas,AFC Bournemouth,England,"1,025"
Gabriel Jesus,Manchester City,Brazil,"1,021"
Alireza Jahanbakhsh,-,Iran,"1,019"
Diogo Dalot,Manchester United,Portugal,"1,014"
Harvey Barnes,-,England,"1,009"
Adam Masina,Watford,Italy,"1,004"
Oumar Niasse,-,Senegal,998
Dejan Lovren,-,Croatia,986
Ainsley Maitland-Niles,Arsenal,England,986
Nathaniel Mendez-Laing,Cardiff City,England,986
Luciano Vietto,-,Argentina,985
Ruben Loftus-Cheek,Chelsea,England,983
Isaac Mbenza,-,Belgium,982
Charlie Austin,-,England,980
Tom Davies,Everton,England,976
Kevin De Bruyne,Manchester City,Belgium,974
Erik Lamela,Tottenham Hotspur,Argentina,972
Jonjo Shelvey,Newcastle United,England,944
Álvaro Morata,-,Spain,943
Stephan Lichtsteiner,-,Switzerland,940
Beram Kayal,-,Israel,937
Kelechi Iheanacho,-,Nigeria,930
Sam Vokes,-,Wales,914
Benjamin Mendy,-,France,900
Yerry Mina,Everton,Colombia,892
Adama Traoré,Wolverhampton Wanderers,Spain,892
Juan Foyth,Tottenham Hotspur,Argentina,890
Alexis Sánchez,-,Chile,877
Karlan Grant,Huddersfield Town,England,874
Florin Andone,-,Romania,873
Scott McTominay,Manchester United,Scotland,862
Ciaran Clark,Newcastle United,Ireland,858
Chris Mepham,AFC Bournemouth,Wales,850
Kevin McDonald,Fulham,Scotland,842
Morgan Schneiderlin,Everton,France,835
Olivier Giroud,Chelsea,France,833
Christian Benteke,Crystal Palace,Belgium,813
Rob Holding,Arsenal,England,807
Danilo,-,Brazil,806
Jordon Ibe,AFC Bournemouth,England,796
Timothy Fosu-Mensah,-,Netherlands,794
José Izquierdo,Brighton and Hove Albion,Colombia,794
Mohamed Elyounoussi,-,Norway,790
Jonjoe Kenny,-,England,790
Miguel Almirón,Newcastle United,Paraguay,763
Michy Batshuayi,-,Belgium,756
Ken Sema,-,Sweden,755
Marouane Fellaini,-,Belgium,746
Kenneth Zohore,-,Denmark,746
Rachid Ghezzal,-,Algeria,735
Fabian Delph,-,England,725
Lewis Cook,AFC Bournemouth,England,722
Jon Gorenc Stankovic,-,Slovenia,719
Robbie Brady,Burnley,Ireland,715
Rúben Vinagre,Wolverhampton Wanderers,Portugal,706
Aboubakar Kamara,-,France,690
Manuel Lanzini,West Ham United,Argentina,689
Sean Longstaff,Newcastle United,England,687
Fernando Llorente,-,Spain,684
Ivan Cavaleiro,-,Portugal,683
Scott Dann,-,England,661
Emerson,Chelsea,Italy,660
Morgan Gibbs-White,Wolverhampton Wanderers,England,650
Daniel Amartey,-,Ghana,639
Eric Bailly,Manchester United,Cote D'Ivoire,639
Marcus Bettinelli,-,England,630
Greg Cunningham,-,Ireland,630
Andreas Christensen,Chelsea,Denmark,615
Diego Rico,AFC Bournemouth,Spain,607
Grady Diangana,-,England,605
Ademola Lookman,-,England,601
Hamza Choudhury,Leicester City,England,596
Andreas Pereira,Manchester United,Brazil,594
Leon Balogun,Brighton and Hove Albion,Nigeria,591
Joselu,-,Spain,587
Petr Cech,-,Czech Republic,585
Serge Aurier,Tottenham Hotspur,Cote D'Ivoire,563
Leandro Bacuna,Cardiff City,Curacao,554
Adama Diakhaby,Huddersfield Town,France,553
Ben Hamer,-,England,553
Joel Ward,Crystal Palace,England,551
Yoshinori Muto,Newcastle United,Japan,517
Mousa Dembélé,-,Belgium,515
Kevin Long,-,Ireland,513
Victor Wanyama,Tottenham Hotspur,Kenya,513
Daniel Sturridge,-,England,499
Tom Cleverley,Watford,England,471
Manolo Gabbiadini,-,Italy,470
Floyd Ayité,-,Togo,468
Lucas Pérez,-,Spain,466
Adam Lallana,-,England,465
Antonio Valencia,-,Ecuador,465
Andriy Yarmolenko,West Ham United,Ukraine,460
Andy Carroll,-,England,455
Steven Defour,-,Belgium,452
Matteo Darmian,-,Italy,444
Danny Ward,Cardiff City,England,440
Stefan Johansen,-,Norway,411
Mason Holgate,-,England,407
Rajiv van La Parra,-,Netherlands,407
Jack Simpson,AFC Bournemouth,England,403
Jason Puncheon,Huddersfield Town,England,394
Callum Hudson-Odoi,Chelsea,England,391
Jack Wilshere,West Ham United,England,389
Mohamed Elneny,-,Egypt,379
Leighton Baines,Everton,England,376
Kyle Walker-Peters,-,England,374
Çaglar Söyüncü,-,Turkey,372
Divock Origi,Liverpool,Belgium,367
Kadeem Harris,-,England,366
Håvard Nordtveit,Fulham,Norway,361
David Button,Brighton and Hove Albion,England,360
Lys Mousset,-,France,350
Dominic Solanke,AFC Bournemouth,England,340
Domingos Quina,Watford,Portugal,334
Phil Jagielka,-,England,330
Phil Foden,-,England,329
Matej Vydra,Burnley,Czech Republic,313
Jacob Murphy,-,England,300
Danny Simpson,-,England,291
Paulo Gazzaniga,Tottenham Hotspur,Argentina,270
Shinji Okazaki,-,Japan,270
Nathaniel Chalobah,Watford,England,267
Samir Nasri,-,France,245
Carlos Sánchez,-,Colombia,240
Stephen Ward,-,Ireland,230
Vicente Iborra,-,Spain,226
Oliver Skipp,-,England,216
Marcos Rojo,-,Argentina,211
Josh Sims,-,England,209
Christian Fuchs,Leicester City,Austria,206
Miguel Britos,-,Uruguay,185
Fabri,-,Spain,180
Willy Caballero,Chelsea,Argentina,180
Mark Travers,AFC Bournemouth,Ireland,180
Michel Vorm,-,Netherlands,180
Cesc Fàbregas,-,Spain,175
Alexander Sørloth,-,Norway,173
Carl Jenkinson,-,England,165
Alberto Moreno,-,Spain,155
Konstantinos Mavropanos,Arsenal,Greece,149
Danny Welbeck,-,England,147
Tyrone Mings,-,England,142
Michael Obafemi,Southampton,Ireland,136
Léo Bonatini,-,Brazil,130
Jazz Richards,Cardiff City,Wales,129
Davide Zappacosta,-,Italy,125
Mason Greenwood,-,England,115
Callum Slattery,Southampton,England,110
Neeskens Kebano,Fulham,The Democratic Republic Of Congo,103
Steven Davis,-,Northern Ireland,97
Danny Williams,Huddersfield Town,United States,95
Joel Coleman,-,England,90
Fraser Forster,-,England,90
Kayne Ramsay,Southampton,England,90
John Ruddy,Wolverhampton Wanderers,England,90
Julian Speroni,-,Argentina,90
Adrien Silva,-,Portugal,88
Ibrahima Cissé,Fulham,Guinea,87
Peter Crouch,-,England,86
Marc Navarro,-,Spain,85
Ramadan Sobhi,-,Egypt,75
Matty Daly,Huddersfield Town,England,73
Aaron Rowe,Huddersfield Town,England,69
Denis Suárez,-,Spain,67
Joe Willock,Arsenal,England,64
Ben Gibson,Burnley,England,63
Ben Johnson,-,England,63
Eddie Nketiah,-,England,63
Connor Wickham,Crystal Palace,England,61
Fousseni Diabaté,-,Mali,55
Rhys Healey,-,England,49
Abdelhamid Sabiri,Huddersfield Town,Germany,48
Demeaco Duhaney,Huddersfield Town,England,45
Lazar Markovic,-,Serbia,45
Tahith Chong,-,Netherlands,37
Emerson Hyndman,-,United States,37
Collin Quaner,-,Germany,37
Vincent Janssen,-,Netherlands,36
Sam Gallagher,-,England,32
Gary Madine,-,England,32
Victor Moses,-,Nigeria,26
Bakary Sako,-,Mali,26
Ben Wilmot,-,England,26
Angel Gomes,-,England,25
Gary Cahill,-,England,22
Jermain Defoe,-,England,22
Stefano Okaka,-,Italy,22
Loïc Damour,Cardiff City,France,21
Alex Oxlade-Chamberlain,-,England,19
Harvey Elliott,-,England,18
Xande Silva,West Ham United,Portugal,17
James McCarthy,-,Ireland,14
Sebastian Prödl,Watford,Austria,13
Sam Surridge,-,England,11
Bukayo Saka,-,England,7
Antonio Barreca,-,Italy,4
Georges-Kévin Nkoudou,-,France,4
Luke Amos,-,England,2
Luke Dreher,-,England,1
James Garner,-,England,1