Kevin De Bruyne,Manchester City,Belgium,9
Paul Pogba,Manchester United,France,6
Christian Eriksen,Tottenham Hotspur,Denmark,5
Alexis Sánchez,-,Chile,5
Jack Wilshere,-,England,5
Charlie Adam,-,Scotland,4
Marcos Alonso,Chelsea,Spain,4
Christian Benteke,Crystal Palace,Belgium,4
Diego Costa,-,Spain,4
Son Heung-Min,Tottenham Hotspur,South Korea,4
Daniel Sturridge,-,England,4
Dele Alli,Tottenham Hotspur,England,3
Harry Kane,Tottenham Hotspur,England,3
Romelu Lukaku,-,Belgium,3
Joel Matip,Liverpool,Cameroon,3
Mark Noble,West Ham United,England,3
Dimitri Payet,-,France,3
Gastón Ramírez,-,Uruguay,3
Gylfi Sigurdsson,-,Iceland,3
Junior Stanislas,AFC Bournemouth,England,3
Kevin De Bruyne,Manchester City,Belgium,9
Paul Pogba,Manchester United,France,6
Christian Eriksen,Tottenham Hotspur,Denmark,5
Alexis Sánchez,-,Chile,5
Jack Wilshere,-,England,5
Charlie Adam,-,Scotland,4
Marcos Alonso,Chelsea,Spain,4
Christian Benteke,Crystal Palace,Belgium,4
Diego Costa,-,Spain,4
Son Heung-Min,Tottenham Hotspur,South Korea,4
Daniel Sturridge,-,England,4
Dele Alli,Tottenham Hotspur,England,3
Harry Kane,Tottenham Hotspur,England,3
Romelu Lukaku,-,Belgium,3
Joel Matip,Liverpool,Cameroon,3
Mark Noble,West Ham United,England,3
Dimitri Payet,-,France,3
Gastón Ramírez,-,Uruguay,3
Gylfi Sigurdsson,-,Iceland,3
Junior Stanislas,AFC Bournemouth,England,3
Raheem Sterling,Manchester City,England,3
Theo Walcott,-,England,3
Benik Afobe,-,The Democratic Republic Of Congo,2
Sergio Agüero,Manchester City,Argentina,2
Michail Antonio,-,England,2
Marko Arnautovic,-,Austria,2
Harry Arter,-,Ireland,2
Charlie Austin,-,England,2
André Ayew,-,Ghana,2
Johann Gudmundsson,Burnley,Iceland,2
Nacer Chadli,-,Belgium,2
Séamus Coleman,-,Ireland,2
Jermain Defoe,-,England,2
Cesc Fàbregas,-,Spain,2
Ander Herrera,-,Spain,2
Pierre-Emile Højbjerg,-,Denmark,2
Joshua King,AFC Bournemouth,Norway,2
Adam Lallana,-,England,2
Erik Lamela,Tottenham Hotspur,Argentina,2
Jesse Lingard,Manchester United,England,2
Fernando Llorente,-,Spain,2
Riyad Mahrez,-,Algeria,2
Sadio Mané,Liverpool,Senegal,2
Lazar Markovic,-,Serbia,2
Anthony Martial,Manchester United,France,2
Alfie Mawson,-,England,2
Gareth McAuley,-,Northern Ireland,2
Victor Moses,-,Nigeria,2
Shkodran Mustafi,Arsenal,Germany,2
Divock Origi,-,Belgium,2
Matt Phillips,West Bromwich Albion,Scotland,2
Nathan Redmond,-,England,2
Pedro,Chelsea,Spain,2
Salomón Rondón,-,Venezuela,2
Leroy Sané,Manchester City,Germany,2
Islam Slimani,-,Algeria,2
Adam Smith,AFC Bournemouth,England,2
Dusan Tadic,-,Serbia,2
Virgil van Dijk,-,Netherlands,2
Jan Vertonghen,Tottenham Hotspur,Belgium,2
Callum Wilson,AFC Bournemouth,England,2
Wilfried Zaha,Crystal Palace,Cote D'Ivoire,2
Toby Alderweireld,Tottenham Hotspur,Belgium,1
Victor Anichebe,Sunderland,Nigeria,1
Jordan Ayew,-,Ghana,1
Eric Bailly,Manchester United,Cote D'Ivoire,1
Leighton Baines,Everton,England,1
Ross Barkley,-,England,1
Michy Batshuayi,-,Belgium,1
Héctor Bellerín,Arsenal,Spain,1
Willian,Chelsea,Brazil,1
Robbie Brady,Burnley,Ireland,1
Dominic Calvert-Lewin,Everton,England,1
Tom Carroll,-,England,1
Tom Cleverley,-,England,1
Nathaniel Clyne,-,England,1
Philippe Coutinho,-,Brazil,1
Charlie Daniels,AFC Bournemouth,England,1
Curtis Davies,-,England,1
Tom Davies,Everton,England,1
Steven Davis,-,Northern Ireland,1
Craig Dawson,-,England,1
Gerard Deulofeu,-,Spain,1
Papy Djilobodji,Sunderland,Senegal,1
Marouane Fellaini,-,Belgium,1
Edimilson Fernandes,-,Switzerland,1
Viktor Fischer,-,Denmark,1
Darren Fletcher,-,Scotland,1
Christian Fuchs,Leicester City,Austria,1
Rudy Gestede,Middlesbrough,Benin,1
Kieran Gibbs,-,England,1
Olivier Giroud,-,France,1
Borja Bastón,-,Spain,1
Kamil Grosicki,Hull City,Poland,1
Idrissa Gueye,-,Senegal,1
Robert Huth,-,Germany,1
Zlatan Ibrahimovic,-,Sweden,1
Giannelli Imbula,-,The Democratic Republic Of Congo,1
Daryl Janmaat,Watford,Netherlands,1
Vincent Janssen,-,Netherlands,1
Nacho Monreal,-,Spain,1
Alberto Moreno,-,Spain,1
Marc Muniesa,-,Spain,1
Alfred N'Diaye,Hull City,Senegal,1
Jesús Navas,-,Spain,1
Pedro Obiang,-,Equatorial Guinea,1
Stefano Okaka,-,Italy,1
Shinji Okazaki,-,Japan,1
Alex Oxlade-Chamberlain,-,England,1
Roberto Pereyra,Watford,Argentina,1
Lucas Pérez,-,Spain,1
Sebastian Prödl,Watford,Austria,1
Marcus Rashford,Manchester United,England,1
Andrew Robertson,-,Scotland,1
Wayne Rooney,-,England,1
Xherdan Shaqiri,-,Switzerland,1
Ryan Shawcross,Stoke City,England,1
David Silva,Manchester City,Spain,1
Robert Snodgrass,-,Scotland,1
Ramadan Sobhi,-,Egypt,1
Nacho Monreal,-,Spain,1
Alberto Moreno,-,Spain,1
Marc Muniesa,-,Spain,1
Alfred N'Diaye,Hull City,Senegal,1
Jesús Navas,-,Spain,1
Pedro Obiang,-,Equatorial Guinea,1
Stefano Okaka,-,Italy,1
Shinji Okazaki,-,Japan,1
Alex Oxlade-Chamberlain,-,England,1
Roberto Pereyra,Watford,Argentina,1
Lucas Pérez,-,Spain,1
Sebastian Prödl,Watford,Austria,1
Marcus Rashford,Manchester United,England,1
Andrew Robertson,-,Scotland,1
Wayne Rooney,-,England,1
Xherdan Shaqiri,-,Switzerland,1
Ryan Shawcross,Stoke City,England,1
David Silva,Manchester City,Spain,1
Robert Snodgrass,-,Scotland,1
Ramadan Sobhi,-,Egypt,1