Andrew Robertson,-,Scotland,3
Leighton Baines,Everton,England,2
Damien Delaney,-,Ireland,2
Ben Gibson,-,England,2
Phil Jagielka,-,England,2
Ben Mee,Burnley,England,2
Alex Oxlade-Chamberlain,-,England,2
Joe Allen,Stoke City,Wales,1
Michail Antonio,-,England,1
Eric Bailly,Manchester United,Cote D'Ivoire,1
Héctor Bellerín,Arsenal,Spain,1
Séamus Coleman,-,Ireland,1
James Collins,-,Wales,1
Fabio,-,Brazil,1
Charlie Daniels,AFC Bournemouth,England,1
Christian Fuchs,Leicester City,Austria,1
Jordan Henderson,Liverpool,England,1
Robert Huth,-,Germany,1
Phil Jones,Manchester United,England,1
Laurent Koscielny,-,France,1