Harry Kane,Tottenham Hotspur,England,29
Romelu Lukaku,-,Belgium,25
Alexis Sánchez,-,Chile,24
Sergio Agüero,Manchester City,Argentina,20
Diego Costa,-,Spain,20
Dele Alli,Tottenham Hotspur,England,18
Zlatan Ibrahimovic,-,Sweden,17
Eden Hazard,-,Belgium,16
Joshua King,AFC Bournemouth,Norway,16
Christian Benteke,Crystal Palace,Belgium,15
Jermain Defoe,-,England,15
Fernando Llorente,-,Spain,15
Son Heung-Min,Tottenham Hotspur,South Korea,14
Philippe Coutinho,-,Brazil,13
Sadio Mané,Liverpool,Senegal,13
Jamie Vardy,Leicester City,England,13
Olivier Giroud,-,France,12
Roberto Firmino,Liverpool,Brazil,11
Troy Deeney,Watford,England,10
Sam Vokes,-,Wales,10
Theo Walcott,-,England,10
Michail Antonio,-,England,9
Andre Gray,-,England,9
Álvaro Negredo,-,Spain,9
Pedro,Chelsea,Spain,9
Gylfi Sigurdsson,-,Iceland,9
Willian,Chelsea,Brazil,8
Christian Eriksen,Tottenham Hotspur,Denmark,8
Adam Lallana,-,England,8
Manuel Lanzini,West Ham United,Argentina,8
Mesut Özil,Arsenal,Germany,8
Salomón Rondón,-,Venezuela,8
Etienne Capoue,Watford,France,7
Andy Carroll,-,England,7
Peter Crouch,-,England,7
Gabriel Jesus,Manchester City,Brazil,7
James Milner,Liverpool,England,7
Divock Origi,-,Belgium,7
Nathan Redmond,-,England,7
Islam Slimani,-,Algeria,7
Robert Snodgrass,-,Scotland,7
Junior Stanislas,AFC Bournemouth,England,7
Raheem Sterling,Manchester City,England,7
Wilfried Zaha,Crystal Palace,Cote D'Ivoire,7
Benik Afobe,-,The Democratic Republic Of Congo,6
Joe Allen,Stoke City,Wales,6
Marcos Alonso,Chelsea,Spain,6
Marko Arnautovic,-,Austria,6
Charlie Austin,-,England,6
André Ayew,-,Ghana,6
Ashley Barnes,Burnley,Austria,6
Gary Cahill,-,England,6
Kevin De Bruyne,Manchester City,Belgium,6
Leroy Fer,-,Netherlands,6
Riyad Mahrez,-,Algeria,6
Juan Mata,Manchester United,Spain,6
Gareth McAuley,-,Northern Ireland,6
Georginio Wijnaldum,Liverpool,Netherlands,6
Callum Wilson,AFC Bournemouth,England,6
Ross Barkley,-,England,5
Michy Batshuayi,-,Belgium,5
Emre Can,-,Germany,5
Nacer Chadli,-,Belgium,5
Cesc Fàbregas,-,Spain,5
James McArthur,Crystal Palace,Scotland,5
James Morrison,West Bromwich Albion,Scotland,5
Paul Pogba,Manchester United,France,5
Marcus Rashford,Manchester United,England,5
Jay Rodriguez,-,England,5
Wayne Rooney,-,England,5
Leroy Sané,Manchester City,Germany,5
Yaya Touré,-,Cote D'Ivoire,5
Patrick van Aanholt,Crystal Palace,Netherlands,5
Nolito,-,Spain,4
Yohan Cabaye,-,France,4
Séamus Coleman,-,Ireland,4
Charlie Daniels,AFC Bournemouth,England,4
Craig Dawson,-,England,4
Marten de Roon,-,Netherlands,4
Manolo Gabbiadini,-,Italy,4
Abel Hernández,-,Uruguay,4
Kelechi Iheanacho,-,Nigeria,4
Anthony Martial,Manchester United,France,4
Alfie Mawson,-,England,4
Kevin Mirallas,-,Belgium,4
Henrikh Mkhitaryan,-,Armenia,4
Oumar Niasse,-,Senegal,4
Stefano Okaka,-,Italy,4
Matt Phillips,West Bromwich Albion,Scotland,4
Xherdan Shaqiri,-,Switzerland,4
David Silva,Manchester City,Spain,4
Cristhian Stuani,Middlesbrough,Uruguay,4
Jonathan Walters,-,Ireland,4
Victor Wanyama,Tottenham Hotspur,Kenya,4
James Ward-Prowse,Southampton,England,4
Nathan Aké,-,Netherlands,3
Victor Anichebe,Sunderland,Nigeria,3
Chris Brunt,West Bromwich Albion,Northern Ireland,3
Sam Clucas,-,England,3
Scott Dann,-,England,3
Michael Dawson,-,England,3
Sofiane Feghouli,-,Algeria,3
Ryan Fraser,AFC Bournemouth,Scotland,3
Ilkay Gündogan,-,Germany,3
Alex Iwobi,-,Nigeria,3
Phil Jagielka,-,England,3
Vincent Kompany,-,Belgium,3
Bojan,-,Spain,3
Shane Long,-,Ireland,3
Victor Moses,-,Nigeria,3
Mark Noble,West Ham United,England,3
Shinji Okazaki,-,Japan,3
Hal Robson-Kanu,West Bromwich Albion,Wales,3
Wayne Routledge,Swansea City,England,3
Daniel Sturridge,-,England,3
Dusan Tadic,-,Serbia,3
James Tomkins,Crystal Palace,England,3
Andros Townsend,Crystal Palace,England,3
Enner Valencia,-,Ecuador,3
Marc Albrighton,Leicester City,England,2
Leighton Baines,Everton,England,2
Gareth Barry,-,England,2
Ryan Bertrand,-,England,2
Wilfried Bony,-,Cote D'Ivoire,2
Fabio Borini,-,Italy,2
George Boyd,-,Scotland,2
Santi Cazorla,-,Spain,2
Calum Chambers,Middlesbrough,England,2
James Collins,-,Wales,2
Steve Cook,AFC Bournemouth,England,2
Tom Davies,Everton,England,2
Eric Dier,Tottenham Hotspur,England,2
Adama Diomande,-,Norway,2
Jonny Evans,-,Northern Ireland,2
Darren Fletcher,-,Scotland,2
Christian Fuchs,Leicester City,Austria,2
Dan Gosling,AFC Bournemouth,England,2
Jeff Hendrick,Burnley,Ireland,2
José Holebas,Watford,Greece,2
Robert Huth,-,Germany,2
Daryl Janmaat,Watford,Netherlands,2
Vincent Janssen,-,Netherlands,2
Christian Kabasele,Watford,Belgium,2
Younes Kaboul,-,France,2
Michael Keane,-,England,2
Laurent Koscielny,-,France,2
Dejan Lovren,-,Croatia,2
Fernandinho,Manchester City,Brazil,2
Harry Maguire,-,England,2
Lazar Markovic,-,Serbia,2
Luka Milivojevic,Crystal Palace,Serbia,2
Ahmed Musa,-,Nigeria,2
Shkodran Mustafi,Arsenal,Germany,2
Wilfred Ndidi,Leicester City,Nigeria,2
M'Baye Niang,-,Senegal,2
Martin Olsson,Swansea City,Sweden,2
Alex Oxlade-Chamberlain,-,England,2
Dimitri Payet,-,France,2
Roberto Pereyra,Watford,Argentina,2
Marc Pugh,-,England,2
Gastón Ramírez,-,Uruguay,2
Andrea Ranocchia,Hull City,Italy,2
Winston Reid,West Ham United,New Zealand,2
Danny Rose,Tottenham Hotspur,England,2
Danny Welbeck,-,England,2
Connor Wickham,Crystal Palace,England,2
Granit Xhaka,Arsenal,Switzerland,2
Charlie Adam,-,Scotland,1
Toby Alderweireld,Tottenham Hotspur,Belgium,1
Daniel Amartey,-,Ghana,1
Scott Arfield,-,Canada,1
Harry Arter,-,Ireland,1
Daniel Ayala,Middlesbrough,Spain,1
Jordan Ayew,-,Ghana,1
César Azpilicueta,Chelsea,Spain,1
Patrick Bamford,-,England,1
Joey Barton,-,England,1
Héctor Bellerín,Arsenal,Spain,1
Johann Gudmundsson,Burnley,Iceland,1
Daley Blind,-,Netherlands,1
Yannick Bolasie,-,The Democratic Republic Of Congo,1
Sofiane Boufal,-,Morocco,1
Robbie Brady,Burnley,Ireland,1
Miguel Britos,-,Uruguay,1
Jonathan Calleri,-,Argentina,1
Dominic Calvert-Lewin,Everton,England,1
Fraizer Campbell,-,England,1
Tom Carroll,-,England,1
Ben Chilwell,Leicester City,England,1
Jordy Clasie,-,Netherlands,1
Gaël Clichy,-,France,1
Ben Davies,Tottenham Hotspur,Wales,1
Steven Defour,-,Belgium,1
Fabian Delph,-,England,1
Mousa Dembélé,-,Belgium,1
Mame Biram Diouf,Stoke City,Senegal,1
Abdoulaye Doucouré,Watford,France,1
Stewart Downing,-,England,1
Daniel Drinkwater,-,England,1
Marouane Fellaini,-,Belgium,1
Rudy Gestede,Middlesbrough,Benin,1
Ben Gibson,-,England,1
Borja Bastón,-,Spain,1
Demarai Gray,-,England,1
Idrissa Gueye,-,Senegal,1
Josh Harrop,-,England,1
Jordan Henderson,Liverpool,England,1
Ander Herrera,-,Spain,1
Tom Huddlestone,-,England,1
Odion Ighalo,-,Nigeria,1
Billy Jones,-,England,1
N'Golo Kanté,Chelsea,France,1
Wahbi Khazri,-,Tunisia,1
Andy King,-,Wales,1
Aleksandar Kolarov,-,Serbia,1
Lamine Koné,Sunderland,Cote D'Ivoire,1
Cheikhou Kouyaté,-,Senegal,1
Erik Lamela,Tottenham Hotspur,Argentina,1
Grant Leadbitter,-,England,1
Joe Ledley,-,Wales,1
Pedro Obiang,-,Equatorial Guinea,1
Nicolás Otamendi,Manchester City,Argentina,1
Matthew Pennington,-,England,1
Lucas Pérez,-,Spain,1
Sebastian Prödl,Watford,Austria,1
Aaron Ramsey,-,Wales,1
Angel Rangel,-,Spain,1
Andrew Robertson,-,Scotland,1
Marcos Rojo,-,Argentina,1
Oriol Romeu,-,Spain,1
Diafra Sakho,-,Senegal,1
Morgan Schneiderlin,Everton,France,1
Ryan Shawcross,Stoke City,England,1
Chris Smalling,-,England,1
Adam Smith,AFC Bournemouth,England,1
Isaac Success,-,Nigeria,1
John Terry,-,England,1
Leonardo Ulloa,-,Argentina,1
Antonio Valencia,-,Ecuador,1
Mike van der Hoorn,Swansea City,Netherlands,1
Virgil van Dijk,-,Netherlands,1
Stephen Ward,-,Ireland,1
Ashley Williams,-,Wales,1
Harry Winks,Tottenham Hotspur,England,1
Maya Yoshida,-,Japan,1
Pablo Zabaleta,-,Argentina,1
Juan Camilo Zuñiga,-,Colombia,1
Tom Cleverley,-,England,0
Ramadan Sobhi,-,Egypt,0