21,César Azpilicueta,Chelsea,Spain,38
22,Steve Cook,AFC Bournemouth,England,38
23,Heurelho Gomes,-,Brazil,38
24,Darren Fletcher,-,Scotland,38
25,Fraser Forster,-,England,38
26,Ben Foster,-,England,38
27,Ben Gibson,-,England,38
28,Salomón Rondón,-,Venezuela,38
29,Alexis Sánchez,-,Chile,38
30,Gylfi Sigurdsson,-,Iceland,38
31,Joel Ward,-,England,38
32,Dele Alli,Tottenham Hotspur,England,37
33,Gary Cahill,-,England,37
34,Etienne Capoue,Watford,France,37
35,Sam Clucas,-,England,37
36,Nathaniel Clyne,-,England,37
37,Craig Dawson,-,England,37
38,Troy Deeney,Watford,England,37
39,Jermain Defoe,-,England,37
40,Lukasz Fabianski,-,Poland,37
41,Jake Livermore,West Bromwich Albion,England,37
42,Romelu Lukaku,-,Belgium,37
43,Nathan Redmond,-,England,37
44,Sam Vokes,-,Wales,37
45,Stephen Ward,-,Ireland,37
46,Joe Allen,Stoke City,Wales,36
47,Ross Barkley,-,England,36
48,Christian Benteke,Crystal Palace,Belgium,36
49,George Boyd,-,Scotland,36
50,Thibaut Courtois,-,Belgium,36
51,Kevin De Bruyne,Manchester City,Belgium,36
52,Eric Dier,Tottenham Hotspur,England,36
53,Christian Eriksen,Tottenham Hotspur,Denmark,36
54,Christian Fuchs,Leicester City,Austria,36
55,Eden Hazard,-,Belgium,36
56,Joshua King,AFC Bournemouth,Norway,36
57,Matthew Lowton,-,England,36
58,Riyad Mahrez,-,Algeria,36
59,Gareth McAuley,-,Northern Ireland,36
60,James Milner,Liverpool,England,36
61,Nacho Monreal,-,Spain,36
62,Álvaro Negredo,-,Spain,36
63,Erik Pieters,-,Netherlands,36
64,Jason Puncheon,-,England,36
65,Adam Smith,AFC Bournemouth,England,36
66,Andros Townsend,Crystal Palace,England,36
67,Victor Wanyama,Tottenham Hotspur,Kenya,36
68,Georginio Wijnaldum,Liverpool,Netherlands,36
69,Ashley Williams,-,Wales,36
70,Harry Arter,-,Ireland,35
71,Roberto Firmino,Liverpool,Brazil,35
72,Artur Boruc,AFC Bournemouth,Poland,35
73,Petr Cech,-,Czech Republic,35
74,Diego Costa,-,Spain,35
75,David de Gea,Manchester United,Spain,35
76,Tom Heaton,-,England,35
77,N'Golo Kanté,Chelsea,France,35
78,Michael Keane,-,England,35
79,Manuel Lanzini,West Ham United,Argentina,35
80,Bruno Martins Indi,-,Netherlands,35
81,Nemanja Matic,-,Serbia,35
82,Kevin Mirallas,-,Belgium,35
83,Pedro,Chelsea,Spain,35
84,Oriol Romeu,-,Spain,35
85,Ryan Shawcross,Stoke City,England,35
86,Danny Simpson,-,England,35
87,Robert Snodgrass,-,Scotland,35
88,Jamie Vardy,Leicester City,England,35
89,Wilfried Zaha,Crystal Palace,Cote D'Ivoire,35
90,Willian,Chelsea,Brazil,34
91,Adam Clayton,Middlesbrough,England,34
92,Charlie Daniels,AFC Bournemouth,England,34
93,Leroy Fer,-,Netherlands,34
94,Adam Forshaw,-,England,34
95,Simon Francis,AFC Bournemouth,England,34
96,Hugo Lloris,-,France,34
97,James McClean,-,Ireland,34
98,Ben Mee,Burnley,England,34
99,Victor Moses,-,Nigeria,34
100,Divock Origi,-,Belgium,34
101,David Silva,Manchester City,Spain,34
102,Son Heung-Min,Tottenham Hotspur,South Korea,34
103,Marc Albrighton,Leicester City,England,33
104,Gareth Barry,-,England,33
105,Héctor Bellerín,Arsenal,Spain,33
106,José Fonte,-,Portugal,33
107,Marten de Roon,-,Netherlands,33
108,Ahmed El Mohamady,-,Egypt,33
109,Idrissa Gueye,-,Senegal,33
110,José Holebas,Watford,Greece,33
111,Robert Huth,-,Germany,33
112,Laurent Koscielny,-,France,33
113,Fernando Llorente,-,Spain,33
114,David Luiz,-,Brazil,33
115,Mesut Özil,Arsenal,Germany,33
116,Sebastian Prödl,Watford,Austria,33
117,Andrew Robertson,-,Scotland,33
118,Raheem Sterling,Manchester City,England,33
119,Dusan Tadic,-,Serbia,33
120,Jan Vertonghen,Tottenham Hotspur,Belgium,33
121,Kyle Walker,-,England,33
122,Claudio Yacob,-,Argentina,33
123,Marko Arnautovic,-,Austria,32
124,Leighton Baines,Everton,England,32
125,Yohan Cabaye,-,France,32
126,Emre Can,-,Germany,32
127,Steven Davis,-,Northern Ireland,32
128,Andre Gray,-,England,32
129,Jeff Hendrick,Burnley,Ireland,32
130,Shane Long,-,Ireland,32
131,Fernandinho,Manchester City,Brazil,32
132,Allan-Roméo Nyom,-,Cameroon,32
133,Marcus Rashford,Manchester United,England,32
134,Patrick van Aanholt,Crystal Palace,Netherlands,32
135,Granit Xhaka,Arsenal,Switzerland,32
136,Benik Afobe,-,The Democratic Republic Of Congo,31
137,Sergio Agüero,Manchester City,Argentina,31
138,Marcos Alonso,Chelsea,Spain,31
139,Scott Arfield,-,Canada,31
140,Chris Brunt,West Bromwich Albion,Northern Ireland,31
141,Nacer Chadli,-,Belgium,31
142,Philippe Coutinho,-,Brazil,31
143,Jonny Evans,-,Northern Ireland,31
144,Ander Herrera,-,Spain,31
145,Tom Huddlestone,-,England,31
146,Cheikhou Kouyaté,-,Senegal,31
147,Adam Lallana,-,England,31
148,James Morrison,West Bromwich Albion,Scotland,31
149,Kyle Naughton,-,England,31
150,Didier Ndong,Sunderland,Gabon,31
151,Toby Alderweireld,Tottenham Hotspur,Belgium,30
152,Cédric Soares,-,Portugal,30
153,Jack Cork,-,England,30
154,Damien Delaney,-,Ireland,30
155,Mousa Dembélé,-,Belgium,30
156,Stewart Downing,-,England,30
157,Demarai Gray,-,England,30
158,Harry Kane,Tottenham Hotspur,England,30
159,Lamine Koné,Sunderland,Cote D'Ivoire,30
160,Mark Noble,West Ham United,England,30
161,Shinji Okazaki,-,Japan,30
162,Nicolás Otamendi,Manchester City,Argentina,30
163,Paul Pogba,Manchester United,France,30
164,Winston Reid,West Ham United,New Zealand,30
165,Kasper Schmeichel,Leicester City,Denmark,30
166,James Ward-Prowse,Southampton,England,30
167,Glenn Whelan,-,Ireland,30
168,Nordin Amrabat,-,Morocco,29
169,Michail Antonio,-,England,29
170,Francis Coquelin,-,France,29
171,Daniel Drinkwater,-,England,29
172,Cesc Fàbregas,-,Spain,29
173,Olivier Giroud,-,France,29
174,Wayne Hennessey,-,Wales,29
175,Martin Kelly,Crystal Palace,England,29
176,Aleksandar Kolarov,-,Serbia,29
177,Dejan Lovren,-,Croatia,29
178,Harry Maguire,-,England,29
179,Joel Matip,Liverpool,Cameroon,29
180,James McArthur,Crystal Palace,Scotland,29
181,Alex Oxlade-Chamberlain,-,England,29
182,Jordan Pickford,-,England,29
183,Hal Robson-Kanu,West Bromwich Albion,Wales,29
184,Jack Wilshere,-,England,29
185,Ashley Barnes,Burnley,Austria,28
186,Ryan Bertrand,-,England,28
187,Marouane Fellaini,-,Belgium,28
188,Edimilson Fernandes,-,Switzerland,28
189,Ryan Fraser,AFC Bournemouth,Scotland,28
190,Lee Grant,-,England,28
191,Zlatan Ibrahimovic,-,Sweden,28
192,Simon Mignolet,-,Belgium,28
193,John O'Shea,-,Ireland,28
194,Víctor Valdés,Middlesbrough,Spain,28
195,Antonio Valencia,-,Ecuador,28
196,Theo Walcott,-,England,28
197,Valon Behrami,-,Switzerland,27
198,Miguel Britos,-,Uruguay,27
199,Tom Cleverley,-,England,27
200,Peter Crouch,-,England,27
201,Mame Biram Diouf,Stoke City,Senegal,27
202,Federico Fernández,-,Argentina,27
203,Dan Gosling,AFC Bournemouth,England,27
204,Phil Jagielka,-,England,27
205,Daryl Janmaat,Watford,Netherlands,27
206,Vincent Janssen,-,Netherlands,27
207,Billy Jones,-,England,27
208,Sadio Mané,Liverpool,Senegal,27
209,Alfie Mawson,-,England,27
210,Wes Morgan,Leicester City,Jamaica,27
211,Matt Phillips,West Bromwich Albion,Scotland,27
212,Wayne Routledge,Swansea City,England,27
213,John Stones,Manchester City,England,27
214,Adama Traoré,-,Spain,27
215,Antonio Barragán,-,Spain,26
216,Séamus Coleman,-,Ireland,26
217,Aaron Cresswell,West Ham United,England,26
218,Curtis Davies,-,England,26
219,Alex Iwobi,-,Nigeria,26
220,Shkodran Mustafi,Arsenal,Germany,26
221,Leroy Sané,Manchester City,Germany,26
222,André Ayew,-,Ghana,25
223,Eric Bailly,Manchester United,Cote D'Ivoire,25
224,Calum Chambers,Middlesbrough,England,25
225,Gaël Clichy,-,France,25
226,Jordon Ibe,AFC Bournemouth,England,25
227,Adnan Januzaj,-,Belgium,25
228,Jesse Lingard,Manchester United,England,25
229,Anthony Martial,Manchester United,France,25
230,Juan Mata,Manchester United,Spain,25
231,Wayne Rooney,-,England,25
232,Moussa Sissoko,Tottenham Hotspur,France,25
233,Yaya Touré,-,Cote D'Ivoire,25
234,Charlie Adam,-,Scotland,24
235,Daniel Amartey,-,Ghana,24
236,Fabio Borini,-,Italy,24
237,Sofiane Boufal,-,Morocco,24
238,Fabio,-,Brazil,24
239,Tom Davies,Everton,England,24
240,Jason Denayer,-,Belgium,24
241,George Friend,Middlesbrough,England,24
242,Jordan Henderson,Liverpool,England,24
243,Abel Hernández,-,Uruguay,24
244,Lucas Leiva,-,Brazil,24
245,Henrikh Mkhitaryan,-,Armenia,24
246,Jesús Navas,-,Spain,24
247,Gastón Ramírez,-,Uruguay,24
248,Jay Rodriguez,-,England,24
249,James Tomkins,Crystal Palace,England,24
250,Enner Valencia,-,Ecuador,24
251,Daley Blind,-,Netherlands,23
252,Michael Carrick,-,England,23
253,Scott Dann,-,England,23
254,Ben Davies,Tottenham Hotspur,Wales,23
255,Ramiro Funes Mori,-,Argentina,23
256,Glen Johnson,-,England,23
257,Younes Kaboul,-,France,23
258,Ki Sung-yueng,-,South Korea,23
259,Andy King,-,Wales,23
260,Aaron Ramsey,-,Wales,23
261,Islam Slimani,-,Algeria,23
262,Cristhian Stuani,Middlesbrough,Uruguay,23
263,Jonathan Walters,-,Ireland,23
264,Maya Yoshida,-,Japan,23
265,Claudio Bravo,Manchester City,Chile,22
266,James Collins,-,Wales,22
267,Michael Dawson,-,England,22
268,Adama Diomande,-,Norway,22
269,Pierre-Emile Højbjerg,-,Denmark,22
270,Eldin Jakupovic,Hull City,Switzerland,22
271,Pedro Obiang,-,Equatorial Guinea,22
272,Darren Randolph,-,Ireland,22
273,Andrew Surman,AFC Bournemouth,England,22
274,Steven Defour,-,Belgium,21
275,Sofiane Feghouli,-,Algeria,21
276,Wahbi Khazri,-,Tunisia,21
277,Sebastian Larsson,-,Sweden,21
278,Dean Marney,-,England,21
279,Ahmed Musa,-,Nigeria,21
280,Marc Pugh,-,England,21
281,Marcos Rojo,-,Argentina,21
282,Xherdan Shaqiri,-,Switzerland,21
283,Junior Stanislas,AFC Bournemouth,England,21
284,Virgil van Dijk,-,Netherlands,21
285,Harry Winks,Tottenham Hotspur,England,21
286,Juan Camilo Zuñiga,-,Colombia,21
287,Michy Batshuayi,-,Belgium,20
288,Johann Gudmundsson,Burnley,Iceland,20
289,Abdoulaye Doucouré,Watford,France,20
290,Kelechi Iheanacho,-,Nigeria,20
291,Ragnar Klavan,-,Estonia,20
292,Javier Manquillo,-,Spain,20
293,David Meyler,-,Ireland,20
294,Angelo Ogbonna,West Ham United,Italy,20
295,Joel Robles,-,Spain,20
296,Jack Rodwell,-,England,20
297,Daniel Sturridge,-,England,20
298,Callum Wilson,AFC Bournemouth,England,20
299,Pablo Zabaleta,-,Argentina,20
300,Nolito,-,Spain,19
301,Geoff Cameron,-,United States,19
302,Gabriel Paulista,-,Brazil,19
303,Stefano Okaka,-,Italy,19
304,Jeffrey Schlupp,-,Ghana,19
305,Maarten Stekelenburg,Everton,Netherlands,19
306,Isaac Success,-,Nigeria,19
307,James Tarkowski,Burnley,England,19
308,Victor Anichebe,Sunderland,Nigeria,18
309,Modou Barrow,-,Gambia,18
310,Sam Byram,-,England,18
311,Tom Carroll,-,England,18
312,Andy Carroll,-,England,18
313,Matteo Darmian,-,Italy,18
314,Papy Djilobodji,Sunderland,Senegal,18
315,Borja Bastón,-,Spain,18
316,Mason Holgate,-,England,18
317,Odion Ighalo,-,Nigeria,18
318,Phil Jones,Manchester United,England,18
319,Joe Ledley,-,Wales,18
320,Dimitri Payet,-,France,18
321,Angel Rangel,-,Spain,18
322,Danny Rose,Tottenham Hotspur,England,18
323,Chris Smalling,-,England,18
324,Jordi Amat,-,Spain,17
325,Saido Berahino,-,Burundi,17
326,Willy Caballero,-,Argentina,17
327,Adlène Guédioura,-,Algeria,17
328,Wilfred Ndidi,Leicester City,Nigeria,17
329,Oumar Niasse,-,Senegal,17
330,Bacary Sagna,-,France,17
331,Morgan Schneiderlin,Everton,France,17
332,Ramadan Sobhi,-,Egypt,17
333,Jack Stephens,Southampton,England,17
334,Leon Britton,Swansea City,England,16
335,Jonathan Calleri,-,Argentina,16
336,Jordy Clasie,-,Netherlands,16
337,Ashley Fletcher,-,England,16
338,Rudy Gestede,Middlesbrough,Benin,16
339,Christian Kabasele,Watford,Belgium,16
340,David Marshall,-,Scotland,16
341,Ryan Mason,Hull City,England,16
342,M'Baye Niang,-,Senegal,16
343,Håvard Nordtveit,-,Norway,16
344,Bryan Oviedo,-,Costa Rica,16
345,Andrea Ranocchia,Hull City,Italy,16
346,Adrián,-,Spain,16
347,Leonardo Ulloa,-,Argentina,16
348,Danny Welbeck,-,England,16
349,Charlie Austin,-,England,15
350,Phil Bardsley,-,Scotland,15
351,Craig Cathcart,Watford,Northern Ireland,15
352,Kamil Grosicki,Hull City,Poland,15
353,Markus Henriksen,Hull City,Norway,15
354,Chung-Yong Lee,-,South Korea,15
355,Alfred N'Diaye,Hull City,Senegal,15
356,Martin Olsson,Swansea City,Sweden,15
357,Steven Pienaar,Sunderland,South Africa,15
358,Fernando,-,Brazil,15
359,Daniel Ayala,Middlesbrough,Spain,14
360,Jordan Ayew,-,Ghana,14
361,Patrick Bamford,-,England,14
362,Joey Barton,-,England,14
363,Yannick Bolasie,-,The Democratic Republic Of Congo,14
364,Robbie Brady,Burnley,Ireland,14
365,Mohamed Elneny,-,Egypt,14
366,Luka Milivojevic,Crystal Palace,Serbia,14
367,Duncan Watmore,Sunderland,England,14
368,Viktor Fischer,-,Denmark,13
369,Branislav Ivanovic,-,Serbia,13
370,Stephen Kingsley,-,Scotland,13
371,Grant Leadbitter,-,England,13
372,Arthur Masuaku,West Ham United,The Democratic Republic Of Congo,13
373,Sam McQueen,-,England,13
374,Jefferson Montero,-,Ecuador,13
375,Luciano Narsingh,-,Netherlands,13
376,Roberto Pereyra,Watford,Argentina,13
377,Ibrahim Afellay,-,Netherlands,12
378,Nathan Aké,-,Netherlands,12
379,Fraizer Campbell,-,England,12
380,Ben Chilwell,Leicester City,England,12
381,Darron Gibson,-,Ireland,12
382,Giannelli Imbula,-,The Democratic Republic Of Congo,12
383,Donald Love,-,Scotland,12
384,Lazar Markovic,-,Serbia,12
385,Dieudonne Mbokani Bezua,Hull City,The Democratic Republic Of Congo,12
386,James McCarthy,-,Ireland,12
387,Alberto Moreno,-,Spain,12
388,Kieran Trippier,-,England,12
389,Ashley Young,Manchester United,England,12
390,Yohan Benalouane,-,Tunisia,11
391,Dominic Calvert-Lewin,Everton,England,11
392,Gerard Deulofeu,-,Spain,11
393,Bernardo Espinosa,Middlesbrough,Colombia,11
394,Jay Fulton,-,Scotland,11
395,Manolo Gabbiadini,-,Italy,11
396,Kieran Gibbs,-,England,11
397,Evandro,Hull City,Brazil,11
398,Lynden Gooch,-,United States,11
399,Max-Alain Gradel,-,Cote D'Ivoire,11
400,Vincent Kompany,-,Belgium,11
401,Aaron Lennon,-,England,11
402,Lys Mousset,-,France,11
403,Lucas Pérez,-,Spain,11
404,Luke Shaw,Manchester United,England,11
405,Neil Taylor,-,Wales,11
406,Wilfried Bony,-,Cote D'Ivoire,10
407,Nathaniel Chalobah,-,England,10
408,Gabriel Jesus,Manchester City,Brazil,10
409,Mathieu Flamini,-,France,10
410,Ilkay Gündogan,-,Germany,10
411,Brad Guzan,-,United States,10
412,Loris Karius,-,Germany,10
413,Marc Muniesa,-,Spain,10
414,Oscar,-,Brazil,9
415,Craig Gardner,-,England,9
416,Rob Holding,Arsenal,England,9
417,Bojan,-,Spain,9
418,Erik Lamela,Tottenham Hotspur,Argentina,9
419,Jonathan Leko,-,England,9
420,Shaun Maloney,Hull City,Scotland,9
421,Steve Mandanda,-,France,9
422,Vito Mannone,-,Italy,9
423,Cuco Martina,-,Curacao,9
424,Patrick McNair,-,Northern Ireland,9
425,John Terry,-,England,9
426,Ashley Westwood,Burnley,England,9
427,Ron-Robert Zieler,-,Germany,9
428,Kurt Zouma,-,France,9
429,Lee Cattermole,Sunderland,England,8
430,Santi Cazorla,-,Spain,8
431,Nathan Dyer,Swansea City,England,8
432,Omar Elabdellaoui,Hull City,Norway,8
433,Sam Field,-,England,8
434,Ezekiel Fryers,-,England,8
435,Ademola Lookman,-,England,8
436,Georges-Kévin Nkoudou,-,France,8
437,Mamadou Sakho,-,France,8
438,Mike van der Hoorn,Swansea City,Netherlands,8
439,Connor Wickham,Crystal Palace,England,8
440,Simone Zaza,-,Italy,8
441,Trent Alexander-Arnold,Liverpool,England,7
442,Jarrod Bowen,Hull City,England,7
443,Fabian Delph,-,England,7
444,Jan Kirchhoff,-,Germany,7
445,Adrian Mariappa,Watford,Jamaica,7
446,Tyrone Mings,-,England,7
447,Jonas Olsson,-,Sweden,7
448,Bakary Sako,-,Mali,7
449,Josh Sims,-,England,7
450,Lewis Cook,AFC Bournemouth,England,6
451,Jon Flanagan,-,England,6
452,Arouna Koné,-,Cote D'Ivoire,6
453,Ruben Loftus-Cheek,-,England,6
454,Jordan Rhodes,-,Scotland,6
455,Jack Butland,-,England,5
456,Shay Given,-,Ireland,5
457,Marko Grujic,-,Serbia,5
458,George Honeyman,-,England,5
459,Will Keane,-,England,5
460,Michael Kightly,-,England,5
461,Oliver McBurnie,-,Scotland,5
462,Julien Ngoy,-,Belgium,5
463,Josh Onomah,-,England,5
464,Loïc Rémy,-,France,5
465,Jerome Sinclair,-,England,5
466,Brad Smith,-,Australia,5
467,Matt Targett,-,England,5
468,Gökhan Töre,-,Turkey,5
469,Josh Tymon,-,England,5
470,Michel Vorm,-,Netherlands,5
471,Kevin Wimmer,-,Austria,5
472,Ben Woodburn,-,Wales,5
473,Memphis Depay,-,Netherlands,4
474,Timothy Fosu-Mensah,-,Netherlands,4
475,Aleix García,-,Spain,4
476,Luis Hernández,-,Spain,4
477,Nampalys Mendy,-,France,4
478,Jordon Mutch,-,England,4
479,Nsue,-,Equatorial Guinea,4
480,David Nugent,-,England,4
481,Jérémy Pied,-,France,4
482,Diafra Sakho,-,Senegal,4
483,Kevin Stewart,-,England,4
484,Axel Tuanzebe,-,England,4
485,Ben Watson,-,England,4
486,Marc Wilson,-,Ireland,4
487,Daniel Agyei,-,England,3
488,Ola Aina,-,Nigeria,3
489,Álvaro Arbeloa,-,Spain,3
490,Brendan Galloway,-,England,3
491,Lewis Grabban,-,England,3
492,Kevin Long,-,Ireland,3
493,Aiden O'Neill,-,Australia,3
494,Matthew Pennington,-,England,3
495,Harrison Reed,-,England,3
496,Paul Robinson,-,England,3
497,Pape Souaré,-,Senegal,3
498,Mauro Zárate,-,Argentina,3
499,Albert Adomah,-,Ghana,2
500,Asmir Begovic,-,Bosnia And Herzegovina,2
501,Ovie Ejaria,-,England,2
502,Adam Federici,-,Australia,2
503,Lukas Jutkiewicz,-,England,2
504,Jeremain Lens,-,Netherlands,2
505,Joleon Lescott,Sunderland,England,2
506,Emiliano Martínez,-,Argentina,2
507,Brandon Mason,-,England,2
508,Scott McTominay,Manchester United,Scotland,2
509,Kenedy,-,Brazil,2
510,David Ospina,-,Colombia,2
511,Costel Pantilimon,-,Romania,2
512,Dion Pereira,-,England,2
513,Sergio Romero,Manchester United,Argentina,2
514,Philipp Wollscheid,-,Germany,2
515,Ryan Allsop,-,England,1
516,Ikechi Anya,-,Scotland,1
517,Joel Asoro,-,Sweden,1
518,Jonathan Benteke,-,Belgium,1
519,Martín Cáceres,-,Uruguay,1
520,Baily Cargill,-,England,1
521,Joel Pereira,-,Portugal,1
522,Mathieu Debuchy,-,France,1
523,Andrew Eleftheriou,-,England,1
524,Michael Folivi,-,England,1
525,Angel Gomes,-,England,1
526,Josh Harrop,-,England,1
527,James Husband,-,England,1
528,Matty James,Leicester City,England,1
529,Mile Jedinak,-,Australia,1
530,Carl Jenkinson,-,England,1
531,David Jones,-,England,1
532,Sullay Kaikai,-,England,1
533,Jonjoe Kenny,-,England,1
534,Rickie Lambert,-,England,1
535,Filip Lesniak,-,Slovakia,1
536,Ainsley Maitland-Niles,Arsenal,England,1
537,Per Mertesacker,-,Germany,1
538,Demetri Mitchell,-,England,1
539,Samir Nasri,-,France,1
540,Kristoffer Nordfeldt,-,Sweden,1
x,,,,