Player,Team,Nation ,HdGoal
Fernando Llorente,-,Spain,8
Michail Antonio,-,England,7
Christian Benteke,Crystal Palace,Belgium,7
Olivier Giroud,-,France,6
Romelu Lukaku,-,Belgium,6
Salomón Rondón,-,Venezuela,5
Islam Slimani,-,Algeria,5
Dele Alli,Tottenham Hotspur,England,4
Zlatan Ibrahimovic,-,Sweden,4
Gareth McAuley,-,Northern Ireland,4
Roberto Firmino,Liverpool,Brazil,3
Gary Cahill,-,England,3
Peter Crouch,-,England,3
Craig Dawson,-,England,3
Alfie Mawson,-,England,3
James McArthur,Crystal Palace,Scotland,3
Alexis Sánchez,-,Chile,3
Victor Wanyama,Tottenham Hotspur,Kenya,3
Sergio Agüero,Manchester City,Argentina,2
Nathan Aké,-,Netherlands,2
Fernando Llorente,-,Spain,8
Michail Antonio,-,England,7
Christian Benteke,Crystal Palace,Belgium,7
Olivier Giroud,-,France,6
Romelu Lukaku,-,Belgium,6
Salomón Rondón,-,Venezuela,5
Islam Slimani,-,Algeria,5
Dele Alli,Tottenham Hotspur,England,4
Zlatan Ibrahimovic,-,Sweden,4
Gareth McAuley,-,Northern Ireland,4
Roberto Firmino,Liverpool,Brazil,3
Gary Cahill,-,England,3
Peter Crouch,-,England,3
Craig Dawson,-,England,3
Alfie Mawson,-,England,3
James McArthur,Crystal Palace,Scotland,3
Alexis Sánchez,-,Chile,3
Victor Wanyama,Tottenham Hotspur,Kenya,3
Sergio Agüero,Manchester City,Argentina,2
Nathan Aké,-,Netherlands,2
André Ayew,-,Ghana,2
Andy Carroll,-,England,2
Séamus Coleman,-,Ireland,2
Diego Costa,-,Spain,2
Scott Dann,-,England,2
Marten de Roon,-,Netherlands,2
Troy Deeney,Watford,England,2
Jonny Evans,-,Northern Ireland,2
Robert Huth,-,Germany,2
Phil Jagielka,-,England,2
Harry Kane,Tottenham Hotspur,England,2
Vincent Kompany,-,Belgium,2
Shkodran Mustafi,Arsenal,Germany,2
Mesut Özil,Arsenal,Germany,2
Paul Pogba,Manchester United,France,2
Pedro,Chelsea,Spain,2
Sam Vokes,-,Wales,2
Jonathan Walters,-,Ireland,2
Georginio Wijnaldum,Liverpool,Netherlands,2
Callum Wilson,AFC Bournemouth,England,2
Nolito,-,Spain,1
Joe Allen,Stoke City,Wales,1
Marcos Alonso,Chelsea,Spain,1
Daniel Amartey,-,Ghana,1
Charlie Austin,-,England,1
Daniel Ayala,Middlesbrough,Spain,1
Jordan Ayew,-,Ghana,1
Patrick Bamford,-,England,1
Ross Barkley,-,England,1
Gareth Barry,-,England,1
Ryan Bertrand,-,England,1
Wilfried Bony,-,Cote D'Ivoire,1
Miguel Britos,-,Uruguay,1
Chris Brunt,West Bromwich Albion,Northern Ireland,1
Fraizer Campbell,-,England,1
Emre Can,-,Germany,1
Etienne Capoue,Watford,France,1
Calum Chambers,Middlesbrough,England,1
James Collins,-,Wales,1
Steve Cook,AFC Bournemouth,England,1
Michael Dawson,-,England,1
Gabriel Jesus,Manchester City,Brazil,1
Marouane Fellaini,-,Belgium,1
Leroy Fer,-,Netherlands,1
Ben Gibson,-,England,1
Jeff Hendrick,Burnley,Ireland,1
Abel Hernández,-,Uruguay,1
Alex Iwobi,-,Nigeria,1
Billy Jones,-,England,1
Christian Kabasele,Watford,Belgium,1
Michael Keane,-,England,1
Adam Lallana,-,England,1
Erik Lamela,Tottenham Hotspur,Argentina,1
Shane Long,-,Ireland,1
Dejan Lovren,-,Croatia,1
Fernandinho,Manchester City,Brazil,1
Harry Maguire,-,England,1
Sadio Mané,Liverpool,Senegal,1
Lazar Markovic,-,Serbia,1
Joel Matip,Liverpool,Cameroon,1
James Morrison,West Bromwich Albion,Scotland,1
Álvaro Negredo,-,Spain,1
M'Baye Niang,-,Senegal,1
Stefano Okaka,-,Italy,1
Divock Origi,-,Belgium,1
Nicolás Otamendi,Manchester City,Argentina,1
Sebastian Prödl,Watford,Austria,1
Gastón Ramírez,-,Uruguay,1
Andrea Ranocchia,Hull City,Italy,1
Winston Reid,West Ham United,New Zealand,1
Wayne Rooney,-,England,1
Wayne Routledge,Swansea City,England,1
Diafra Sakho,-,Senegal,1
Chris Smalling,-,England,1
Cristhian Stuani,Middlesbrough,Uruguay,1
Daniel Sturridge,-,England,1
Isaac Success,-,Nigeria,1
Leonardo Ulloa,-,Argentina,1
Mike van der Hoorn,Swansea City,Netherlands,1
Virgil van Dijk,-,Netherlands,1