Idrissa Gueye,-,Senegal,135
N'Golo Kanté,Chelsea,France,127
Oriol Romeu,-,Spain,117
Erik Pieters,-,Netherlands,106
Matthew Lowton,-,England,101
Christian Fuchs,Leicester City,Austria,97
James Milner,Liverpool,England,94
Claudio Yacob,-,Argentina,94
Nacho Monreal,-,Spain,90
Victor Wanyama,Tottenham Hotspur,Kenya,90
Sam Clucas,-,England,89
Joel Ward,-,England,89
Jordan Henderson,Liverpool,England,88
George Boyd,-,Scotland,87
Joe Allen,Stoke City,Wales,86
Adam Smith,AFC Bournemouth,England,85
César Azpilicueta,Chelsea,Spain,84
Daniel Drinkwater,-,England,84
Ander Herrera,-,Spain,84
Cédric Soares,-,Portugal,83
Idrissa Gueye,-,Senegal,135
N'Golo Kanté,Chelsea,France,127
Oriol Romeu,-,Spain,117
Erik Pieters,-,Netherlands,106
Matthew Lowton,-,England,101
Christian Fuchs,Leicester City,Austria,97
James Milner,Liverpool,England,94
Claudio Yacob,-,Argentina,94
Nacho Monreal,-,Spain,90
Victor Wanyama,Tottenham Hotspur,Kenya,90
Sam Clucas,-,England,89
Joel Ward,-,England,89
Jordan Henderson,Liverpool,England,88
George Boyd,-,Scotland,87
Joe Allen,Stoke City,Wales,86
Adam Smith,AFC Bournemouth,England,85
César Azpilicueta,Chelsea,Spain,84
Daniel Drinkwater,-,England,84
Ander Herrera,-,Spain,84
Cédric Soares,-,Portugal,83
Harry Arter,-,Ireland,83
Fernandinho,Manchester City,Brazil,82
Didier Ndong,Sunderland,Gabon,82
Nathaniel Clyne,-,England,80
Adam Clayton,Middlesbrough,England,79
Jake Livermore,West Bromwich Albion,England,79
Andros Townsend,Crystal Palace,England,77
Granit Xhaka,Arsenal,Switzerland,77
Cheikhou Kouyaté,-,Senegal,76
Kyle Naughton,-,England,76
Wilfried Zaha,Crystal Palace,Cote D'Ivoire,76
Jason Puncheon,-,England,74
Valon Behrami,-,Switzerland,73
Marten de Roon,-,Netherlands,73
Antonio Barragán,-,Spain,72
Allan-Roméo Nyom,-,Cameroon,72
Kyle Walker,-,England,72
Francis Coquelin,-,France,71
Gareth Barry,-,England,70
Stephen Ward,-,Ireland,70
Nicolás Otamendi,Manchester City,Argentina,69
Wilfred Ndidi,Leicester City,Nigeria,68
Antonio Valencia,-,Ecuador,67
Emre Can,-,Germany,66
Mousa Dembélé,-,Belgium,64
Leighton Baines,Everton,England,63
Fabio,-,Brazil,63
Adam Forshaw,-,England,62
Simon Francis,AFC Bournemouth,England,62
George Friend,Middlesbrough,England,62
José Holebas,Watford,Greece,62
Etienne Capoue,Watford,France,61
Bruno Martins Indi,-,Netherlands,61
Pedro Obiang,-,Equatorial Guinea,61
Eric Bailly,Manchester United,Cote D'Ivoire,60
Yohan Cabaye,-,France,60
Jack Cork,-,England,59
James McArthur,Crystal Palace,Scotland,59
Roberto Firmino,Liverpool,Brazil,58
Charlie Daniels,AFC Bournemouth,England,58
Craig Dawson,-,England,58
Marcos Alonso,Chelsea,Spain,56
Marouane Fellaini,-,Belgium,55
Leroy Fer,-,Netherlands,55
Billy Jones,-,England,55
James McClean,-,Ireland,55
Steven Davis,-,Northern Ireland,54
Harry Maguire,-,England,54
Shkodran Mustafi,Arsenal,Germany,54
Gary Cahill,-,England,53
Séamus Coleman,-,Ireland,53
Paul Pogba,Manchester United,France,53
Andrew Robertson,-,Scotland,53
Alexis Sánchez,-,Chile,53
Ashley Williams,-,Wales,53
Dele Alli,Tottenham Hotspur,England,52
Adam Lallana,-,England,51
Nemanja Matic,-,Serbia,51
Marc Albrighton,Leicester City,England,50
Kevin De Bruyne,Manchester City,Belgium,50
Dan Gosling,AFC Bournemouth,England,50
Gareth McAuley,-,Northern Ireland,50
Danny Rose,Tottenham Hotspur,England,50
Danny Simpson,-,England,50
Calum Chambers,Middlesbrough,England,49
Glen Johnson,-,England,49
Joshua King,AFC Bournemouth,Norway,49
Mark Noble,West Ham United,England,49
Geoff Cameron,-,United States,48
Eric Dier,Tottenham Hotspur,England,48
Laurent Koscielny,-,France,48
Pedro,Chelsea,Spain,48
José Fonte,-,Portugal,47
Aleksandar Kolarov,-,Serbia,47
Joel Matip,Liverpool,Cameroon,47
Ben Mee,Burnley,England,47
Victor Moses,-,Nigeria,47
Steve Cook,AFC Bournemouth,England,46
Martin Kelly,Crystal Palace,England,46
Gastón Ramírez,-,Uruguay,46
Ryan Shawcross,Stoke City,England,46
Glenn Whelan,-,Ireland,46
Georginio Wijnaldum,Liverpool,Netherlands,46
Nordin Amrabat,-,Morocco,45
Daley Blind,-,Netherlands,45
Christian Eriksen,Tottenham Hotspur,Denmark,45
Daryl Janmaat,Watford,Netherlands,45
Gylfi Sigurdsson,-,Iceland,45
Gaël Clichy,-,France,44
Federico Fernández,-,Argentina,44
Pierre-Emile Højbjerg,-,Denmark,44
Manuel Lanzini,West Ham United,Argentina,44
Joey Barton,-,England,43
Phil Jagielka,-,England,43
David Silva,Manchester City,Spain,43
Patrick van Aanholt,Crystal Palace,Netherlands,43
Jan Vertonghen,Tottenham Hotspur,Belgium,43
Tom Cleverley,-,England,42
Matteo Darmian,-,Italy,42
Ahmed El Mohamady,-,Egypt,42
Jonny Evans,-,Northern Ireland,42
Darren Fletcher,-,Scotland,42
David Luiz,-,Brazil,42
Yaya Touré,-,Cote D'Ivoire,42
Toby Alderweireld,Tottenham Hotspur,Belgium,41
Daniel Amartey,-,Ghana,41
Mason Holgate,-,England,41
Dejan Lovren,-,Croatia,41
Pablo Zabaleta,-,Argentina,41
Curtis Davies,-,England,40
Arthur Masuaku,West Ham United,The Democratic Republic Of Congo,40
Ben Davies,Tottenham Hotspur,Wales,39
Nathan Redmond,-,England,39
Virgil van Dijk,-,Netherlands,39
Sofiane Boufal,-,Morocco,38
Andy King,-,Wales,38
Jack Rodwell,-,England,38
Robert Snodgrass,-,Scotland,38
Ryan Bertrand,-,England,37
Younes Kaboul,-,France,37
Sebastian Larsson,-,Sweden,37
Lucas Leiva,-,Brazil,37
Alfred N'Diaye,Hull City,Senegal,37
Alex Oxlade-Chamberlain,-,England,37
Jordi Amat,-,Spain,36
Scott Arfield,-,Canada,36
Chris Brunt,West Bromwich Albion,Northern Ireland,36
Tom Davies,Everton,England,36
Riyad Mahrez,-,Algeria,36
Dean Marney,-,England,36
Sebastian Prödl,Watford,Austria,36
Theo Walcott,-,England,36
Philippe Coutinho,-,Brazil,35
Jason Denayer,-,Belgium,35
Mame Biram Diouf,Stoke City,Senegal,35
Leroy Sané,Manchester City,Germany,35
Jeffrey Schlupp,-,Ghana,35
Cristhian Stuani,Middlesbrough,Uruguay,35
Miguel Britos,-,Uruguay,34
Tom Huddlestone,-,England,34
Phil Jones,Manchester United,England,34
Jeff Hendrick,Burnley,Ireland,33
Michail Antonio,-,England,32
Marko Arnautovic,-,Austria,32
Phil Bardsley,-,Scotland,32
Angel Rangel,-,Spain,32
Winston Reid,West Ham United,New Zealand,32
Jay Fulton,-,Scotland,31
Ben Gibson,-,England,31
Bryan Oviedo,-,Costa Rica,31
Ross Barkley,-,England,30
Tom Carroll,-,England,30
Cesc Fàbregas,-,Spain,30
Lamine Koné,Sunderland,Cote D'Ivoire,30
Javier Manquillo,-,Spain,30
Shinji Okazaki,-,Japan,30
Adama Traoré,-,Mali,30
Maya Yoshida,-,Japan,30
Nacer Chadli,-,Belgium,29
Alfie Mawson,-,England,29
Luka Milivojevic,Crystal Palace,Serbia,29
John O'Shea,-,Ireland,29
Marcos Rojo,-,Argentina,29
James Ward-Prowse,Southampton,England,29
Stewart Downing,-,England,28
Robert Huth,-,Germany,28
Michael Keane,-,England,28
Andrea Ranocchia,Hull City,Italy,28
James Tomkins,Crystal Palace,England,28
David Meyler,-,Ireland,27
Wes Morgan,Leicester City,Jamaica,27
Angelo Ogbonna,West Ham United,Italy,27
Jack Wilshere,-,England,27
Michael Carrick,-,England,26
Ramiro Funes Mori,-,Argentina,26
James Morrison,West Bromwich Albion,Scotland,26
Mesut Özil,Arsenal,Germany,26
Morgan Schneiderlin,Everton,France,26
John Stones,Manchester City,England,26
Gabriel Paulista,-,Brazil,25
Damien Delaney,-,Ireland,25
Ki Sung-yueng,-,South Korea,25
Ragnar Klavan,-,Estonia,25
Joe Ledley,-,Wales,25
Héctor Bellerín,Arsenal,Spain,24
Sam Byram,-,England,24
Adama Diomande,-,Norway,24
Papy Djilobodji,Sunderland,Senegal,24
Raheem Sterling,Manchester City,England,24
Leon Britton,Swansea City,England,23
Craig Cathcart,Watford,Northern Ireland,23
Ben Chilwell,Leicester City,England,23
Jon Flanagan,-,England,23
Sadio Mané,Liverpool,Senegal,23
Henrikh Mkhitaryan,-,Armenia,23
Bacary Sagna,-,France,23
Nathan Aké,-,Netherlands,22
Modou Barrow,-,Gambia,22
Oscar,-,Brazil,22
Mohamed Elneny,-,Egypt,22
Bernardo Espinosa,Middlesbrough,Colombia,22
Edimilson Fernandes,-,Switzerland,22
Adlène Guédioura,-,Algeria,22
Harry Kane,Tottenham Hotspur,England,22
Juan Mata,Manchester United,Spain,22
Matt Phillips,West Bromwich Albion,Scotland,22
Marc Pugh,-,England,22
Wayne Routledge,Swansea City,England,22
Ramadan Sobhi,-,Egypt,22
Jack Stephens,Southampton,England,22
Neil Taylor,-,Wales,22
Ashley Barnes,Burnley,Austria,21
Robbie Brady,Burnley,Ireland,21
James Collins,-,Wales,21
Aaron Cresswell,West Ham United,England,21
Marc Muniesa,-,Spain,21
Aaron Ramsey,-,Wales,21
Fernando,-,Brazil,21
Wayne Rooney,-,England,21
Johann Gudmundsson,Burnley,Iceland,20
Fabio Borini,-,Italy,20
Troy Deeney,Watford,England,20
Jermain Defoe,-,England,20
Donald Love,-,Scotland,20
Charlie Adam,-,Scotland,19
Willian,Chelsea,Brazil,19
Steven Defour,-,Belgium,19
Demarai Gray,-,England,19
Alex Iwobi,-,Nigeria,19
James McCarthy,-,Ireland,19
Jesús Navas,-,Spain,19
Steven Pienaar,Sunderland,South Africa,19
Son Heung-Min,Tottenham Hotspur,South Korea,19
Dusan Tadic,-,Serbia,19
James Tarkowski,Burnley,England,19
Juan Camilo Zuñiga,-,Colombia,19
Sergio Agüero,Manchester City,Argentina,18
Yannick Bolasie,-,The Democratic Republic Of Congo,18
Jordy Clasie,-,Netherlands,18
Diego Costa,-,Spain,18
Sofiane Feghouli,-,Algeria,18
Eden Hazard,-,Belgium,18
Fernando Llorente,-,Spain,18
Lazar Markovic,-,Serbia,18
Kevin Mirallas,-,Belgium,18
Álvaro Negredo,-,Spain,18
Håvard Nordtveit,-,Norway,18
Salomón Rondón,-,Venezuela,18
Ashley Young,Manchester United,England,18
André Ayew,-,Ghana,17
Yohan Benalouane,-,Tunisia,17
Scott Dann,-,England,17
Abdoulaye Doucouré,Watford,France,17
Evandro,Hull City,Brazil,17
Adnan Januzaj,-,Belgium,17
Jesse Lingard,Manchester United,England,17
Adrian Mariappa,Watford,Jamaica,17
Anthony Martial,Manchester United,France,17
Kieran Trippier,-,England,17
Sam McQueen,-,England,16
Marcus Rashford,Manchester United,England,16
Isaac Success,-,Nigeria,16
Enner Valencia,-,Ecuador,16
Michael Dawson,-,England,15
Ryan Fraser,AFC Bournemouth,Scotland,15
Vincent Janssen,-,Netherlands,15
Christian Kabasele,Watford,Belgium,15
Vincent Kompany,-,Belgium,15
Chung-Yong Lee,-,South Korea,15
Andrew Surman,AFC Bournemouth,England,15
Jamie Vardy,Leicester City,England,15
Nolito,-,Spain,14
Charlie Austin,-,England,14
Jordan Ayew,-,Ghana,14
Olivier Giroud,-,France,14
Markus Henriksen,Hull City,Norway,14
Jan Kirchhoff,-,Germany,14
Grant Leadbitter,-,England,14
Moussa Sissoko,Tottenham Hotspur,France,14
Junior Stanislas,AFC Bournemouth,England,14
Lee Cattermole,Sunderland,England,13
Darron Gibson,-,Ireland,13
Erik Lamela,Tottenham Hotspur,Argentina,13
Aaron Lennon,-,England,13
Ryan Mason,Hull City,England,13
Ahmed Musa,-,Nigeria,13
Duncan Watmore,Sunderland,England,13
Kieran Gibbs,-,England,12
Lynden Gooch,-,United States,12
Rob Holding,Arsenal,England,12
Jordon Ibe,AFC Bournemouth,England,12
Stephen Kingsley,-,Scotland,12
Shane Long,-,Ireland,12
Stefano Okaka,-,Italy,12
Luke Shaw,Manchester United,England,12
Islam Slimani,-,Algeria,12
Chris Smalling,-,England,12
Daniel Ayala,Middlesbrough,Spain,11
Giannelli Imbula,-,The Democratic Republic Of Congo,11
Branislav Ivanovic,-,Serbia,11
Cuco Martina,-,Curacao,11
M'Baye Niang,-,Senegal,11
Divock Origi,-,Belgium,11
Xherdan Shaqiri,-,Switzerland,11
Leonardo Ulloa,-,Argentina,11
Santi Cazorla,-,Spain,10
Lewis Cook,AFC Bournemouth,England,10
Andre Gray,-,England,10
Ilkay Gündogan,-,Germany,10
Zlatan Ibrahimovic,-,Sweden,10
Odion Ighalo,-,Nigeria,10
Wahbi Khazri,-,Tunisia,10
Tyrone Mings,-,England,10
Oumar Niasse,-,Senegal,10
Martin Olsson,Swansea City,Sweden,10
Matt Targett,-,England,10
Harry Winks,Tottenham Hotspur,England,10
Benik Afobe,-,The Democratic Republic Of Congo,9
Victor Anichebe,Sunderland,Nigeria,9
Patrick Bamford,-,England,9
Christian Benteke,Crystal Palace,Belgium,9
Saido Berahino,-,Burundi,9
George Honeyman,-,England,9
Romelu Lukaku,-,Belgium,9
Patrick McNair,-,Northern Ireland,9
Dimitri Payet,-,France,9
Axel Tuanzebe,-,England,9
Mike van der Hoorn,Swansea City,Netherlands,9
Abel Hernández,-,Uruguay,8
Bojan,-,Spain,8
Shaun Maloney,Hull City,Scotland,8
Roberto Pereyra,Watford,Argentina,8
Josh Tymon,-,England,8
Jonathan Walters,-,Ireland,8
Danny Welbeck,-,England,8
Kurt Zouma,-,France,8
Dominic Calvert-Lewin,Everton,England,7
Fabian Delph,-,England,7
Brendan Galloway,-,England,7
Luis Hernández,-,Spain,7
Jefferson Montero,-,Ecuador,7
Sam Vokes,-,Wales,7
Ashley Westwood,Burnley,England,7
Gerard Deulofeu,-,Spain,6
Omar Elabdellaoui,Hull City,Norway,6
Rudy Gestede,Middlesbrough,Benin,6
Josh Harrop,-,England,6
Kelechi Iheanacho,-,Nigeria,6
Mile Jedinak,-,Australia,6
Alberto Moreno,-,Spain,6
Jay Rodriguez,-,England,6
Bakary Sako,-,Mali,6
Callum Wilson,AFC Bournemouth,England,6
Albert Adomah,-,Ghana,5
Álvaro Arbeloa,-,Spain,5
Wilfried Bony,-,Cote D'Ivoire,5
Jonathan Calleri,-,Argentina,5
Andy Carroll,-,England,5
Nathaniel Chalobah,-,England,5
Gabriel Jesus,Manchester City,Brazil,5
Sam Field,-,England,5
Timothy Fosu-Mensah,-,Netherlands,5
Borja Bastón,-,Spain,5
Ademola Lookman,-,England,5
Demetri Mitchell,-,England,5
Hal Robson-Kanu,West Bromwich Albion,Wales,5
Brad Smith,-,Australia,5
Pape Souaré,-,Senegal,5
Simone Zaza,-,Italy,5
Trent Alexander-Arnold,Liverpool,England,4
Peter Crouch,-,England,4
Craig Gardner,-,England,4
Max-Alain Gradel,-,Cote D'Ivoire,4
Kamil Grosicki,Hull City,Poland,4
Carl Jenkinson,-,England,4
Michael Kightly,-,England,4
Kevin Long,-,Ireland,4
Lys Mousset,-,France,4
Jonas Olsson,-,Sweden,4
Gökhan Töre,-,Turkey,4
Connor Wickham,Crystal Palace,England,4
Philipp Wollscheid,-,Germany,4
Ben Woodburn,-,Wales,4
Ibrahim Afellay,-,Netherlands,3
Fraizer Campbell,-,England,3
Nathan Dyer,Swansea City,England,3
Lukasz Fabianski,-,Poland,3
Viktor Fischer,-,Denmark,3
Ashley Fletcher,-,England,3
Aleix García,-,Spain,3
Dieudonne Mbokani Bezua,Hull City,The Democratic Republic Of Congo,3
Luciano Narsingh,-,Netherlands,3
Nsue,-,Equatorial Guinea,3
Kenedy,-,Brazil,3
Lucas Pérez,-,Spain,3
Jérémy Pied,-,France,3
Mamadou Sakho,-,France,3
Josh Sims,-,England,3
John Terry,-,England,3
Marc Wilson,-,Ireland,3
Kevin Wimmer,-,Austria,3
Michy Batshuayi,-,Belgium,2
Jarrod Bowen,Hull City,England,2
Andrew Eleftheriou,-,England,2
Mathieu Flamini,-,France,2
Ezekiel Fryers,-,England,2
Manolo Gabbiadini,-,Italy,2
Jeremain Lens,-,Netherlands,2
Nampalys Mendy,-,France,2
Per Mertesacker,-,Germany,2
Jordon Mutch,-,England,2
Julien Ngoy,-,Belgium,2
Aiden O'Neill,-,Australia,2
Josh Onomah,-,England,2
Matthew Pennington,-,England,2
Harrison Reed,-,England,2
Kasper Schmeichel,Leicester City,Denmark,2
Marcin Wasilewski,-,Poland,2
Ben Watson,-,England,2
Willy Caballero,-,Argentina,1
Martín Cáceres,-,Uruguay,1
Baily Cargill,-,England,1
Memphis Depay,-,Netherlands,1
Ovie Ejaria,-,England,1
Lewis Grabban,-,England,1
Marko Grujic,-,Serbia,1
Sullay Kaikai,-,England,1
Will Keane,-,England,1
Filip Lesniak,-,Slovakia,1
Ruben Loftus-Cheek,-,England,1
Ainsley Maitland-Niles,Arsenal,England,1
Brandon Mason,-,England,1
Oliver McBurnie,-,Scotland,1
David Nugent,-,England,1
Jordan Rhodes,-,Scotland,1
Joel Robles,-,Spain,1
Diafra Sakho,-,Senegal,1
Jerome Sinclair,-,England,1
Daniel Sturridge,-,England,1
Víctor Valdés,Middlesbrough,Spain,1