James Milner,Liverpool,England,"3,323"
César Azpilicueta,Chelsea,Spain,"3,037"
Paul Pogba,Manchester United,France,"2,841"
Christian Eriksen,Tottenham Hotspur,Denmark,"2,753"
Fernandinho,Manchester City,Brazil,"2,732"
Nathaniel Clyne,-,England,"2,693"
Granit Xhaka,Arsenal,Switzerland,"2,681"
N'Golo Kanté,Chelsea,France,"2,671"
David Silva,Manchester City,Spain,"2,648"
Mesut Özil,Arsenal,Germany,"2,647"
Ander Herrera,-,Spain,"2,607"
Oriol Romeu,-,Spain,"2,596"
Kevin De Bruyne,Manchester City,Belgium,"2,586"
Nacho Monreal,-,Spain,"2,575"
Jan Vertonghen,Tottenham Hotspur,Belgium,"2,552"
Eden Hazard,-,Belgium,"2,486"
Harry Arter,-,Ireland,"2,479"
Alexis Sánchez,-,Chile,"2,470"
Victor Wanyama,Tottenham Hotspur,Kenya,"2,464"
Nicolás Otamendi,Manchester City,Argentina,"2,440"
James Milner,Liverpool,England,"3,323"
César Azpilicueta,Chelsea,Spain,"3,037"
Paul Pogba,Manchester United,France,"2,841"
Christian Eriksen,Tottenham Hotspur,Denmark,"2,753"
Fernandinho,Manchester City,Brazil,"2,732"
Nathaniel Clyne,-,England,"2,693"
Granit Xhaka,Arsenal,Switzerland,"2,681"
N'Golo Kanté,Chelsea,France,"2,671"
David Silva,Manchester City,Spain,"2,648"
Mesut Özil,Arsenal,Germany,"2,647"
Ander Herrera,-,Spain,"2,607"
Oriol Romeu,-,Spain,"2,596"
Kevin De Bruyne,Manchester City,Belgium,"2,586"
Nacho Monreal,-,Spain,"2,575"
Jan Vertonghen,Tottenham Hotspur,Belgium,"2,552"
Eden Hazard,-,Belgium,"2,486"
Harry Arter,-,Ireland,"2,479"
Alexis Sánchez,-,Chile,"2,470"
Victor Wanyama,Tottenham Hotspur,Kenya,"2,464"
Nicolás Otamendi,Manchester City,Argentina,"2,440"
Steve Cook,AFC Bournemouth,England,"2,426"
Jordan Henderson,Liverpool,England,"2,423"
Idrissa Gueye,-,Senegal,"2,420"
Aleksandar Kolarov,-,Serbia,"2,418"
Eric Dier,Tottenham Hotspur,England,"2,402"
Dejan Lovren,-,Croatia,"2,387"
Charlie Daniels,AFC Bournemouth,England,"2,377"
Adam Smith,AFC Bournemouth,England,"2,374"
Kyle Walker,-,England,"2,366"
Joel Ward,-,England,"2,341"
Erik Pieters,-,Netherlands,"2,338"
Simon Francis,AFC Bournemouth,England,"2,325"
Ross Barkley,-,England,"2,320"
Kyle Naughton,-,England,"2,282"
Christian Fuchs,Leicester City,Austria,"2,279"
Gary Cahill,-,England,"2,273"
Ashley Williams,-,Wales,"2,264"
Roberto Firmino,Liverpool,Brazil,"2,251"
Nemanja Matic,-,Serbia,"2,249"
José Holebas,Watford,Greece,"2,198"
Daniel Drinkwater,-,England,"2,193"
Manuel Lanzini,West Ham United,Argentina,"2,169"
Steven Davis,-,Northern Ireland,"2,161"
Matthew Lowton,-,England,"2,158"
Antonio Valencia,-,Ecuador,"2,157"
Ben Gibson,-,England,"2,150"
Laurent Koscielny,-,France,"2,131"
Stephen Ward,-,Ireland,"2,122"
Sam Clucas,-,England,"2,118"
Jason Puncheon,-,England,"2,110"
Emre Can,-,Germany,"2,097"
Ahmed El Mohamady,-,Egypt,"2,096"
Marcos Alonso,Chelsea,Spain,"2,081"
Cédric Soares,-,Portugal,"2,078"
Yaya Touré,-,Cote D'Ivoire,"2,074"
Héctor Bellerín,Arsenal,Spain,"2,069"
Jake Livermore,West Bromwich Albion,England,"2,068"
Joel Matip,Liverpool,Cameroon,"2,062"
Etienne Capoue,Watford,France,"2,056"
José Fonte,-,Portugal,"2,053"
Georginio Wijnaldum,Liverpool,Netherlands,"2,044"
Ryan Bertrand,-,England,"2,040"
Philippe Coutinho,-,Brazil,"2,038"
David Luiz,-,Brazil,"2,036"
Leighton Baines,Everton,England,"2,032"
Dele Alli,Tottenham Hotspur,England,"2,029"
Gaël Clichy,-,France,"1,979"
Shkodran Mustafi,Arsenal,Germany,"1,963"
Andrew Robertson,-,Scotland,"1,949"
Joe Allen,Stoke City,Wales,"1,924"
Craig Dawson,-,England,"1,922"
Gylfi Sigurdsson,-,Iceland,"1,905"
Adam Clayton,Middlesbrough,England,"1,889"
Toby Alderweireld,Tottenham Hotspur,Belgium,"1,875"
Riyad Mahrez,-,Algeria,"1,869"
Adam Lallana,-,England,"1,867"
Mousa Dembélé,-,Belgium,"1,865"
Victor Moses,-,Nigeria,"1,814"
Danny Simpson,-,England,"1,812"
Adam Forshaw,-,England,"1,769"
Diego Costa,-,Spain,"1,763"
Mark Noble,West Ham United,England,"1,763"
John Stones,Manchester City,England,"1,763"
Marten de Roon,-,Netherlands,"1,736"
Gareth Barry,-,England,"1,732"
Wilfried Zaha,Crystal Palace,Cote D'Ivoire,"1,731"
Ben Mee,Burnley,England,"1,723"
Nathan Redmond,-,England,"1,715"
Glenn Whelan,-,Ireland,"1,702"
Jack Cork,-,England,"1,700"
Patrick van Aanholt,Crystal Palace,Netherlands,"1,699"
Séamus Coleman,-,Ireland,"1,698"
Harry Maguire,-,England,"1,686"
Dusan Tadic,-,Serbia,"1,675"
Leroy Fer,-,Netherlands,"1,669"
Antonio Barragán,-,Spain,"1,665"
Raheem Sterling,Manchester City,England,"1,650"
Phil Jagielka,-,England,"1,632"
Michael Keane,-,England,"1,626"
Cheikhou Kouyaté,-,Senegal,"1,622"
Calum Chambers,Middlesbrough,England,"1,616"
Darren Fletcher,-,Scotland,"1,608"
Ben Davies,Tottenham Hotspur,Wales,"1,606"
Cesc Fàbregas,-,Spain,"1,600"
Alfie Mawson,-,England,"1,588"
Robert Snodgrass,-,Scotland,"1,586"
Daley Blind,-,Netherlands,"1,566"
Bruno Martins Indi,-,Netherlands,"1,563"
Sadio Mané,Liverpool,Senegal,"1,562"
Tom Huddlestone,-,England,"1,548"
Francis Coquelin,-,France,"1,535"
Marc Albrighton,Leicester City,England,"1,533"
Chris Brunt,West Bromwich Albion,Northern Ireland,"1,526"
Federico Fernández,-,Argentina,"1,523"
Andros Townsend,Crystal Palace,England,"1,518"
Romelu Lukaku,-,Belgium,"1,517"
Andrew Surman,AFC Bournemouth,England,"1,513"
Winston Reid,West Ham United,New Zealand,"1,502"
Ryan Shawcross,Stoke City,England,"1,492"
Allan-Roméo Nyom,-,Cameroon,"1,490"
Marko Arnautovic,-,Austria,"1,478"
Sebastian Prödl,Watford,Austria,"1,475"
Maya Yoshida,-,Japan,"1,468"
Tom Heaton,-,England,"1,466"
Yohan Cabaye,-,France,"1,465"
Michael Carrick,-,England,"1,460"
Heurelho Gomes,-,Brazil,"1,460"
Didier Ndong,Sunderland,Gabon,"1,455"
Pedro,Chelsea,Spain,"1,446"
Jack Wilshere,-,England,"1,443"
George Friend,Middlesbrough,England,"1,429"
Christian Benteke,Crystal Palace,Belgium,"1,419"
Danny Rose,Tottenham Hotspur,England,"1,417"
Miguel Britos,-,Uruguay,"1,416"
Zlatan Ibrahimovic,-,Sweden,"1,413"
Ben Foster,-,England,"1,399"
Michail Antonio,-,England,"1,397"
Joshua King,AFC Bournemouth,Norway,"1,391"
Stewart Downing,-,England,"1,381"
James Ward-Prowse,Southampton,England,"1,378"
Jonny Evans,-,Northern Ireland,"1,377"
Jeff Hendrick,Burnley,Ireland,"1,366"
Marouane Fellaini,-,Belgium,"1,365"
Hugo Lloris,-,France,"1,365"
Lukasz Fabianski,-,Poland,"1,336"
Nordin Amrabat,-,Morocco,"1,335"
Billy Jones,-,England,"1,332"
Sergio Agüero,Manchester City,Argentina,"1,325"
Aaron Cresswell,West Ham United,England,"1,313"
Virgil van Dijk,-,Netherlands,"1,313"
Pierre-Emile Højbjerg,-,Denmark,"1,312"
Claudio Yacob,-,Argentina,"1,308"
Salomón Rondón,-,Venezuela,"1,303"
Jordan Pickford,-,England,"1,294"
Curtis Davies,-,England,"1,289"
Juan Mata,Manchester United,Spain,"1,283"
Glen Johnson,-,England,"1,278"
Eric Bailly,Manchester United,Cote D'Ivoire,"1,273"
Artur Boruc,AFC Bournemouth,Poland,"1,265"
Gareth McAuley,-,Northern Ireland,"1,265"
Son Heung-Min,Tottenham Hotspur,South Korea,"1,265"
Marcos Rojo,-,Argentina,"1,260"
Álvaro Negredo,-,Spain,"1,259"
Fernando Llorente,-,Spain,"1,253"
Fabio,-,Brazil,"1,249"
Troy Deeney,Watford,England,"1,229"
Petr Cech,-,Czech Republic,"1,228"
James McArthur,Crystal Palace,Scotland,"1,224"
Alex Oxlade-Chamberlain,-,England,"1,223"
Pedro Obiang,-,Equatorial Guinea,"1,208"
Dimitri Payet,-,France,"1,206"
Kevin Mirallas,-,Belgium,"1,198"
Charlie Adam,-,Scotland,"1,196"
Lamine Koné,Sunderland,Cote D'Ivoire,"1,186"
Gabriel Paulista,-,Brazil,"1,183"
Damien Delaney,-,Ireland,"1,179"
Willian,Chelsea,Brazil,"1,172"
Kasper Schmeichel,Leicester City,Denmark,"1,172"
Aaron Ramsey,-,Wales,"1,166"
Tom Cleverley,-,England,"1,157"
Lee Grant,-,England,"1,146"
Alex Iwobi,-,Nigeria,"1,143"
Henrikh Mkhitaryan,-,Armenia,"1,137"
Wayne Rooney,-,England,"1,132"
Robert Huth,-,Germany,"1,127"
Víctor Valdés,Middlesbrough,Spain,"1,126"
Ragnar Klavan,-,Estonia,"1,125"
Martin Kelly,Crystal Palace,England,"1,121"
Geoff Cameron,-,United States,"1,119"
Leroy Sané,Manchester City,Germany,"1,117"
Harry Kane,Tottenham Hotspur,England,"1,116"
Bacary Sagna,-,France,"1,116"
Dan Gosling,AFC Bournemouth,England,"1,102"
Fraser Forster,-,England,"1,101"
Lucas Leiva,-,Brazil,"1,098"
Thibaut Courtois,-,Belgium,"1,097"
Matt Phillips,West Bromwich Albion,Scotland,"1,097"
Gastón Ramírez,-,Uruguay,"1,095"
Younes Kaboul,-,France,"1,080"
David de Gea,Manchester United,Spain,"1,079"
Simon Mignolet,-,Belgium,"1,077"
Ryan Fraser,AFC Bournemouth,Scotland,"1,075"
Ramiro Funes Mori,-,Argentina,"1,065"
Wayne Hennessey,-,Wales,"1,062"
Tom Davies,Everton,England,"1,059"
Phil Jones,Manchester United,England,"1,059"
Angelo Ogbonna,West Ham United,Italy,"1,054"
George Boyd,-,Scotland,"1,053"
Xherdan Shaqiri,-,Switzerland,"1,052"
Papy Djilobodji,Sunderland,Senegal,"1,044"
Scott Arfield,-,Canada,"1,043"
Daryl Janmaat,Watford,Netherlands,"1,035"
Valon Behrami,-,Switzerland,"1,030"
Mason Holgate,-,England,"1,030"
James Morrison,West Bromwich Albion,Scotland,"1,029"
Morgan Schneiderlin,Everton,France,"1,027"
Nacer Chadli,-,Belgium,"1,020"
James Tomkins,Crystal Palace,England,"1,017"
Tom Carroll,-,England,"1,008"
Abdoulaye Doucouré,Watford,France,"1,005"
Daniel Amartey,-,Ghana,"1,000"
Wilfred Ndidi,Leicester City,Nigeria,998
Jesse Lingard,Manchester United,England,997
Matteo Darmian,-,Italy,993
Anthony Martial,Manchester United,France,992
John O'Shea,-,Ireland,982
Wes Morgan,Leicester City,Jamaica,979
Marcus Rashford,Manchester United,England,977
Theo Walcott,-,England,954
Wayne Routledge,Swansea City,England,948
Jack Stephens,Southampton,England,948
Dean Marney,-,England,937
Michael Dawson,-,England,924
Sofiane Boufal,-,Morocco,917
Jordi Amat,-,Spain,909
Sebastian Larsson,-,Sweden,906
Pablo Zabaleta,-,Argentina,898
Jesús Navas,-,Spain,890
Sam Vokes,-,Wales,887
Junior Stanislas,AFC Bournemouth,England,886
Adama Traoré,-,Spain,882
Martin Olsson,Swansea City,Sweden,880
Jamie Vardy,Leicester City,England,872
Jason Denayer,-,Belgium,869
Ki Sung-yueng,-,South Korea,868
Andy King,-,Wales,860
Eldin Jakupovic,Hull City,Switzerland,856
Leon Britton,Swansea City,England,853
Fabio Borini,-,Italy,849
James Collins,-,Wales,848
Scott Dann,-,England,848
Claudio Bravo,Manchester City,Chile,830
Jermain Defoe,-,England,829
Sam Byram,-,England,822
Darren Randolph,-,Ireland,820
Javier Manquillo,-,Spain,818
Arthur Masuaku,West Ham United,The Democratic Republic Of Congo,802
Adnan Januzaj,-,Belgium,798
Angel Rangel,-,Spain,797
Andrea Ranocchia,Hull City,Italy,796
Ashley Barnes,Burnley,Austria,792
Marc Pugh,-,England,780
Jack Rodwell,-,England,779
Joey Barton,-,England,774
Joel Robles,-,Spain,761
Steven Defour,-,Belgium,741
Phil Bardsley,-,Scotland,740
Alfred N'Diaye,Hull City,Senegal,739
Jordy Clasie,-,Netherlands,737
James McClean,-,Ireland,736
M'Baye Niang,-,Senegal,726
Shinji Okazaki,-,Japan,726
Divock Origi,-,Belgium,724
David Meyler,-,Ireland,721
Andre Gray,-,England,713
Mame Biram Diouf,Stoke City,Senegal,707
Peter Crouch,-,England,706
Mohamed Elneny,-,Egypt,705
Joe Ledley,-,Wales,705
Santi Cazorla,-,Spain,695
Stephen Kingsley,-,Scotland,693
Edimilson Fernandes,-,Switzerland,687
Jeffrey Schlupp,-,Ghana,681
Luka Milivojevic,Crystal Palace,Serbia,678
Ashley Young,Manchester United,England,675
Bryan Oviedo,-,Costa Rica,674
Bernardo Espinosa,Middlesbrough,Colombia,670
Vincent Kompany,-,Belgium,667
Jordon Ibe,AFC Bournemouth,England,665
Moussa Sissoko,Tottenham Hotspur,France,665
Chris Smalling,-,England,656
Andy Carroll,-,England,655
Cristhian Stuani,Middlesbrough,Uruguay,642
Demarai Gray,-,England,640
Maarten Stekelenburg,Everton,Netherlands,639
Victor Anichebe,Sunderland,Nigeria,638
André Ayew,-,Ghana,633
Sofiane Feghouli,-,Algeria,622
Neil Taylor,-,Wales,618
Ilkay Gündogan,-,Germany,617
Islam Slimani,-,Algeria,614
Roberto Pereyra,Watford,Argentina,612
Yannick Bolasie,-,The Democratic Republic Of Congo,606
Håvard Nordtveit,-,Norway,605
Modou Barrow,-,Gambia,600
Rob Holding,Arsenal,England,591
Kieran Gibbs,-,England,589
Adlène Guédioura,-,Algeria,585
David Marshall,-,Scotland,582
Adrián,-,Spain,571
Juan Camilo Zuñiga,-,Colombia,571
Craig Cathcart,Watford,Northern Ireland,566
Jonathan Walters,-,Ireland,566
Luke Shaw,Manchester United,England,565
Nathan Aké,-,Netherlands,564
Adama Diomande,-,Norway,555
Wahbi Khazri,-,Tunisia,555
Shane Long,-,Ireland,554
Olivier Giroud,-,France,553
Lazar Markovic,-,Serbia,548
Nolito,-,Spain,546
Steven Pienaar,Sunderland,South Africa,536
Kieran Trippier,-,England,535
Willy Caballero,-,Argentina,532
Daniel Ayala,Middlesbrough,Spain,527
Ben Chilwell,Leicester City,England,524
Ryan Mason,Hull City,England,521
Johann Gudmundsson,Burnley,Iceland,518
Giannelli Imbula,-,The Democratic Republic Of Congo,517
Sam McQueen,-,England,516
Branislav Ivanovic,-,Serbia,510
Cuco Martina,-,Curacao,497
Odion Ighalo,-,Nigeria,491
Benik Afobe,-,The Democratic Republic Of Congo,487
Fernando,-,Brazil,483
Darron Gibson,-,Ireland,479
Erik Lamela,Tottenham Hotspur,Argentina,475
Oumar Niasse,-,Senegal,474
Ramadan Sobhi,-,Egypt,469
Kamil Grosicki,Hull City,Poland,468
Enner Valencia,-,Ecuador,468
Jordan Ayew,-,Ghana,461
Marc Muniesa,-,Spain,460
Grant Leadbitter,-,England,451
Harry Winks,Tottenham Hotspur,England,451
Stefano Okaka,-,Italy,446
Mike van der Hoorn,Swansea City,Netherlands,440
Duncan Watmore,Sunderland,England,435
Robbie Brady,Burnley,Ireland,432
Jay Fulton,-,Scotland,431
Charlie Austin,-,England,419
Callum Wilson,AFC Bournemouth,England,417
Donald Love,-,Scotland,413
Abel Hernández,-,Uruguay,410
Christian Kabasele,Watford,Belgium,410
Vincent Janssen,-,Netherlands,409
Daniel Sturridge,-,England,409
Brad Guzan,-,United States,398
Tyrone Mings,-,England,395
Jay Rodriguez,-,England,395
Ahmed Musa,-,Nigeria,391
Evandro,Hull City,Brazil,390
James Tarkowski,Burnley,England,385
Lee Cattermole,Sunderland,England,377
John Terry,-,England,372
Adrian Mariappa,Watford,Jamaica,365
James McCarthy,-,Ireland,363
Oscar,-,Brazil,358
Gabriel Jesus,Manchester City,Brazil,357
Omar Elabdellaoui,Hull City,Norway,355
Steve Mandanda,-,France,349
Vito Mannone,-,Italy,346
Leonardo Ulloa,-,Argentina,344
Lewis Cook,AFC Bournemouth,England,343
Loris Karius,-,Germany,343
Wilfried Bony,-,Cote D'Ivoire,339
Mamadou Sakho,-,France,327
Hal Robson-Kanu,West Bromwich Albion,Wales,324
Isaac Success,-,Nigeria,323
Ron-Robert Zieler,-,Germany,318
Matt Targett,-,England,317
Yohan Benalouane,-,Tunisia,314
Danny Welbeck,-,England,314
Ashley Westwood,Burnley,England,312
Rudy Gestede,Middlesbrough,Benin,305
Dieudonne Mbokani Bezua,Hull City,The Democratic Republic Of Congo,302
Kelechi Iheanacho,-,Nigeria,296
Bojan,-,Spain,292
Gerard Deulofeu,-,Spain,291
Chung-Yong Lee,-,South Korea,287
Saido Berahino,-,Burundi,285
Markus Henriksen,Hull City,Norway,277
Alberto Moreno,-,Spain,276
Borja Bastón,-,Spain,274
Fabian Delph,-,England,270
Kevin Wimmer,-,Austria,264
Ibrahim Afellay,-,Netherlands,262
Jan Kirchhoff,-,Germany,262
Jon Flanagan,-,England,260
Jonathan Calleri,-,Argentina,243
Viktor Fischer,-,Denmark,243
Jonas Olsson,-,Sweden,243
Luis Hernández,-,Spain,239
Nsue,-,Equatorial Guinea,238
Luciano Narsingh,-,Netherlands,231
Jefferson Montero,-,Ecuador,228
Josh Tymon,-,England,217
Aaron Lennon,-,England,216
Manolo Gabbiadini,-,Italy,204
Pape Souaré,-,Senegal,197
Jack Butland,-,England,195
Lynden Gooch,-,United States,193
Brad Smith,-,Australia,193
Axel Tuanzebe,-,England,188
Shay Given,-,Ireland,181
Simone Zaza,-,Italy,180
Kurt Zouma,-,France,179
George Honeyman,-,England,176
Michel Vorm,-,Netherlands,171
Ademola Lookman,-,England,169
Patrick McNair,-,Northern Ireland,168
Connor Wickham,Crystal Palace,England,168
Lucas Pérez,-,Spain,167
Shaun Maloney,Hull City,Scotland,166
Álvaro Arbeloa,-,Spain,165
Dominic Calvert-Lewin,Everton,England,165
Ashley Fletcher,-,England,159
Nathan Dyer,Swansea City,England,153
Marc Wilson,-,Ireland,149
Patrick Bamford,-,England,147
Michy Batshuayi,-,Belgium,145
Kevin Long,-,Ireland,141
Lys Mousset,-,France,141
Sam Field,-,England,140
Mathieu Flamini,-,France,140
Trent Alexander-Arnold,Liverpool,England,137
Brendan Galloway,-,England,134
Ezekiel Fryers,-,England,133
Nampalys Mendy,-,France,132
Nathaniel Chalobah,-,England,131
Josh Sims,-,England,129
Philipp Wollscheid,-,Germany,128
Paul Robinson,-,England,120
Mauro Zárate,-,Argentina,118
Will Keane,-,England,117
Jérémy Pied,-,France,116
Aleix García,-,Spain,113
Max-Alain Gradel,-,Cote D'Ivoire,108
Craig Gardner,-,England,103
Gökhan Töre,-,Turkey,98
Matthew Pennington,-,England,96
Jarrod Bowen,Hull City,England,93
Bakary Sako,-,Mali,92
Mile Jedinak,-,Australia,81
Demetri Mitchell,-,England,81
Loïc Rémy,-,France,79
Fraizer Campbell,-,England,78
Adam Federici,-,Australia,73
Sergio Romero,Manchester United,Argentina,73
Scott McTominay,Manchester United,Scotland,70
Albert Adomah,-,Ghana,69
Josh Harrop,-,England,68
Diafra Sakho,-,Senegal,66
Jonathan Leko,-,England,64
Georges-Kévin Nkoudou,-,France,64
Jordan Rhodes,-,Scotland,64
Emiliano Martínez,-,Argentina,63
Carl Jenkinson,-,England,62
Timothy Fosu-Mensah,-,Netherlands,60
Joleon Lescott,Sunderland,England,60
Kenedy,-,Brazil,60
Aiden O'Neill,-,Australia,60
Martín Cáceres,-,Uruguay,59
David Ospina,-,Colombia,59
Asmir Begovic,-,Bosnia And Herzegovina,57
Michael Kightly,-,England,57
Ben Woodburn,-,Wales,56
Jordon Mutch,-,England,54
Brandon Mason,-,England,52
David Jones,-,England,50
Harrison Reed,-,England,50
Arouna Koné,-,Cote D'Ivoire,47
Marko Grujic,-,Serbia,46
Jeremain Lens,-,Netherlands,45
James Husband,-,England,43
Costel Pantilimon,-,Romania,43
Oliver McBurnie,-,Scotland,42
Jerome Sinclair,-,England,42
Ryan Allsop,-,England,38
Ruben Loftus-Cheek,-,England,38
Kristoffer Nordfeldt,-,Sweden,37
Joel Pereira,-,Portugal,33
Josh Onomah,-,England,33
Ben Watson,-,England,33
Lewis Grabban,-,England,31
Julien Ngoy,-,Belgium,31
Marcin Wasilewski,-,Poland,30
Memphis Depay,-,Netherlands,27
Andrew Eleftheriou,-,England,26
Ola Aina,-,Nigeria,24
David Nugent,-,England,24
Kevin Stewart,-,England,23
Rickie Lambert,-,England,16
Per Mertesacker,-,Germany,16
Samir Nasri,-,France,16
Daniel Agyei,-,England,15
Sullay Kaikai,-,England,15
Jonjoe Kenny,-,England,15
Angel Gomes,-,England,14
Mathieu Debuchy,-,France,13
Matt Worthington,-,England,11
Ovie Ejaria,-,England,10
Dion Pereira,-,England,9
Jonathan Benteke,-,Belgium,8
Lukas Jutkiewicz,-,England,8
Filip Lesniak,-,Slovakia,7
Ainsley Maitland-Niles,Arsenal,England,6
Declan Rice,-,England,6
Baily Cargill,-,England,4
Ikechi Anya,-,Scotland,3