Curtis Davies,-,England,92
Laurent Koscielny,-,France,90
Oriol Romeu,-,Spain,89
Nacho Monreal,-,Spain,88
Nicolás Otamendi,Manchester City,Argentina,84
N'Golo Kanté,Chelsea,France,82
Winston Reid,West Ham United,New Zealand,82
Idrissa Gueye,-,Senegal,81
Ander Herrera,-,Spain,81
Cheikhou Kouyaté,-,Senegal,79
Steve Cook,AFC Bournemouth,England,76
Jonny Evans,-,Northern Ireland,74
Stephen Ward,-,Ireland,74
Yohan Cabaye,-,France,72
Ben Mee,Burnley,England,72
César Azpilicueta,Chelsea,Spain,71
Christian Fuchs,Leicester City,Austria,71
Gareth McAuley,-,Northern Ireland,71
José Fonte,-,Portugal,70
Danny Simpson,-,England,68
Adam Clayton,Middlesbrough,England,66
Matthew Lowton,-,England,65
Fernandinho,Manchester City,Brazil,65
David Luiz,-,Brazil,64
Michael Keane,-,England,63
Harry Maguire,-,England,63
Joe Allen,Stoke City,Wales,62
Shkodran Mustafi,Arsenal,Germany,62
Eric Bailly,Manchester United,Cote D'Ivoire,60
Allan-Roméo Nyom,-,Cameroon,60
Antonio Barragán,-,Spain,59
Etienne Capoue,Watford,France,59
Joel Ward,-,England,59
Craig Dawson,-,England,58
Bruno Martins Indi,-,Netherlands,58
Ryan Shawcross,Stoke City,England,58
Patrick van Aanholt,Crystal Palace,Netherlands,58
Ben Gibson,-,England,57
Ashley Williams,-,Wales,57
Jack Cork,-,England,56
George Friend,Middlesbrough,England,56
José Holebas,Watford,Greece,55
Andrew Robertson,-,Scotland,55
Sam Clucas,-,England,54
Papy Djilobodji,Sunderland,Senegal,54
Erik Pieters,-,Netherlands,54
Adam Smith,AFC Bournemouth,England,54
Virgil van Dijk,-,Netherlands,54
Claudio Yacob,-,Argentina,54
Gaël Clichy,-,France,53
Simon Francis,AFC Bournemouth,England,53
Calum Chambers,Middlesbrough,England,52
Francis Coquelin,-,France,52
Wes Morgan,Leicester City,Jamaica,52
Sebastian Prödl,Watford,Austria,52
Charlie Daniels,AFC Bournemouth,England,50
Federico Fernández,-,Argentina,50
Tom Huddlestone,-,England,50
Nemanja Matic,-,Serbia,50
Didier Ndong,Sunderland,Gabon,50
Miguel Britos,-,Uruguay,49
Ahmed El Mohamady,-,Egypt,49
Jake Livermore,West Bromwich Albion,England,49
Harry Arter,-,Ireland,48
Younes Kaboul,-,France,47
Joel Matip,Liverpool,Cameroon,47
Maya Yoshida,-,Japan,47
Gary Cahill,-,England,46
Billy Jones,-,England,46
Aleksandar Kolarov,-,Serbia,46
Leighton Baines,Everton,England,45
Ryan Bertrand,-,England,45
Robert Huth,-,Germany,45
Manuel Lanzini,West Ham United,Argentina,45
Dejan Lovren,-,Croatia,45
Marcos Alonso,Chelsea,Spain,44
Daley Blind,-,Netherlands,44
Lamine Koné,Sunderland,Cote D'Ivoire,44
James Milner,Liverpool,England,44
Nathaniel Clyne,-,England,43
Marten de Roon,-,Netherlands,43
Darren Fletcher,-,Scotland,43
Andrew Surman,AFC Bournemouth,England,43
Andros Townsend,Crystal Palace,England,43
Antonio Valencia,-,Ecuador,43
Sam Byram,-,England,42
Jan Vertonghen,Tottenham Hotspur,Belgium,42
Michael Carrick,-,England,41
Phil Jagielka,-,England,41
Victor Moses,-,Nigeria,41
Kyle Naughton,-,England,41
Daniel Drinkwater,-,England,40
Victor Wanyama,Tottenham Hotspur,Kenya,40
Matteo Darmian,-,Italy,39
Jordan Henderson,Liverpool,England,39
Jeff Hendrick,Burnley,Ireland,39
Luka Milivojevic,Crystal Palace,Serbia,39
John O'Shea,-,Ireland,39
John Stones,Manchester City,England,39
James Collins,-,Wales,38
Glen Johnson,-,England,38
Kyle Walker,-,England,38
Granit Xhaka,Arsenal,Switzerland,38
Mark Noble,West Ham United,England,37
Angelo Ogbonna,West Ham United,Italy,37
Jason Puncheon,-,England,37
James Tomkins,Crystal Palace,England,37
Glenn Whelan,-,Ireland,37
Héctor Bellerín,Arsenal,Spain,36
Adam Forshaw,-,England,36
Lucas Leiva,-,Brazil,36
Wilfred Ndidi,Leicester City,Nigeria,36
Marc Albrighton,Leicester City,England,35
Gareth Barry,-,England,35
Fabio,-,Brazil,35
Damien Delaney,-,Ireland,35
Eric Dier,Tottenham Hotspur,England,35
Gylfi Sigurdsson,-,Iceland,35
George Boyd,-,Scotland,34
Jason Denayer,-,Belgium,34
Wilfried Zaha,Crystal Palace,Cote D'Ivoire,34
Cédric Soares,-,Portugal,33
Scott Arfield,-,Canada,33
Valon Behrami,-,Switzerland,33
Chris Brunt,West Bromwich Albion,Northern Ireland,33
Pierre-Emile Højbjerg,-,Denmark,33
Pedro Obiang,-,Equatorial Guinea,33
Paul Pogba,Manchester United,France,33
Marcos Rojo,-,Argentina,33
Geoff Cameron,-,United States,32
Emre Can,-,Germany,32
Scott Dann,-,England,32
Steven Defour,-,Belgium,32
Tom Cleverley,-,England,31
Stewart Downing,-,England,31
Ramiro Funes Mori,-,Argentina,31
Morgan Schneiderlin,Everton,France,31
Michael Dawson,-,England,30
Gabriel Paulista,-,Brazil,30
Marouane Fellaini,-,Belgium,30
Alfie Mawson,-,England,30
Jordi Amat,-,Spain,29
Séamus Coleman,-,Ireland,29
Riyad Mahrez,-,Algeria,29
Dan Gosling,AFC Bournemouth,England,28
Eden Hazard,-,Belgium,28
Joe Ledley,-,Wales,28
Michail Antonio,-,England,27
Daniel Ayala,Middlesbrough,Spain,27
Phil Bardsley,-,Scotland,27
Phil Jones,Manchester United,England,27
Andy King,-,Wales,27
Dean Marney,-,England,27
Toby Alderweireld,Tottenham Hotspur,Belgium,26
Roberto Firmino,Liverpool,Brazil,26
Yohan Benalouane,-,Tunisia,26
Arthur Masuaku,West Ham United,The Democratic Republic Of Congo,26
James McArthur,Crystal Palace,Scotland,26
Angel Rangel,-,Spain,26
Jeffrey Schlupp,-,Ghana,26
Georginio Wijnaldum,Liverpool,Netherlands,26
Daniel Amartey,-,Ghana,25
Marko Arnautovic,-,Austria,25
Aaron Cresswell,West Ham United,England,25
Mousa Dembélé,-,Belgium,25
Martin Kelly,Crystal Palace,England,25
Neil Taylor,-,Wales,25
Nordin Amrabat,-,Morocco,24
Kevin De Bruyne,Manchester City,Belgium,24
Javier Manquillo,-,Spain,24
Håvard Nordtveit,-,Norway,24
Alexis Sánchez,-,Chile,24
Jack Stephens,Southampton,England,24
Pablo Zabaleta,-,Argentina,24
Fabio Borini,-,Italy,23
Ben Chilwell,Leicester City,England,23
Steven Davis,-,Northern Ireland,23
Leroy Fer,-,Netherlands,23
James Morrison,West Bromwich Albion,Scotland,23
Marc Muniesa,-,Spain,23
Nacer Chadli,-,Belgium,22
Henrikh Mkhitaryan,-,Armenia,22
Jesús Navas,-,Spain,22
Andrea Ranocchia,Hull City,Italy,22
Danny Rose,Tottenham Hotspur,England,22
Charlie Adam,-,Scotland,21
Abdoulaye Doucouré,Watford,France,21
Christian Eriksen,Tottenham Hotspur,Denmark,21
Mason Holgate,-,England,21
Ki Sung-yueng,-,South Korea,21
Pedro,Chelsea,Spain,21
Joey Barton,-,England,20
Tom Carroll,-,England,20
Lee Cattermole,Sunderland,England,20
Daryl Janmaat,Watford,Netherlands,20
Adam Lallana,-,England,20
David Meyler,-,Ireland,20
Alfred N'Diaye,Hull City,Senegal,20
Bacary Sagna,-,France,20
Leon Britton,Swansea City,England,19
Edimilson Fernandes,-,Switzerland,19
Joshua King,AFC Bournemouth,Norway,19
Bryan Oviedo,-,Costa Rica,19
Matt Phillips,West Bromwich Albion,Scotland,19
Jack Rodwell,-,England,19
James Ward-Prowse,Southampton,England,19
Johann Gudmundsson,Burnley,Iceland,18
Craig Cathcart,Watford,Northern Ireland,18
Philippe Coutinho,-,Brazil,18
Tom Davies,Everton,England,18
Mame Biram Diouf,Stoke City,Senegal,18
Mike van der Hoorn,Swansea City,Netherlands,18
Juan Camilo Zuñiga,-,Colombia,18
Bernardo Espinosa,Middlesbrough,Colombia,17
Christian Kabasele,Watford,Belgium,17
James McClean,-,Ireland,17
Wayne Rooney,-,England,17
Leroy Sané,Manchester City,Germany,17
David Silva,Manchester City,Spain,17
Dusan Tadic,-,Serbia,17
Cesc Fàbregas,-,Spain,16
Vincent Kompany,-,Belgium,16
Raheem Sterling,Manchester City,England,16
Yaya Touré,-,Cote D'Ivoire,16
Ashley Young,Manchester United,England,16
Donald Love,-,Scotland,15
Adrian Mariappa,Watford,Jamaica,15
Cuco Martina,-,Curacao,15
Sam McQueen,-,England,15
Mesut Özil,Arsenal,Germany,15
Steven Pienaar,Sunderland,South Africa,15
Gastón Ramírez,-,Uruguay,15
Nathan Redmond,-,England,15
Wayne Routledge,Swansea City,England,15
Mamadou Sakho,-,France,15
Robert Snodgrass,-,Scotland,15
Jordy Clasie,-,Netherlands,14
Troy Deeney,Watford,England,14
Sofiane Feghouli,-,Algeria,14
Jon Flanagan,-,England,14
Darron Gibson,-,Ireland,14
Ragnar Klavan,-,Estonia,14
Jesse Lingard,Manchester United,England,14
Lazar Markovic,-,Serbia,14
Ryan Mason,Hull City,England,14
Fernando,-,Brazil,14
Sebastian Larsson,-,Sweden,13
Luke Shaw,Manchester United,England,13
Chris Smalling,-,England,13
Theo Walcott,-,England,13
Jack Wilshere,-,England,13
Ben Davies,Tottenham Hotspur,Wales,12
Juan Mata,Manchester United,Spain,12
Shinji Okazaki,-,Japan,12
Marc Pugh,-,England,12
Marcus Rashford,Manchester United,England,12
Nathan Aké,-,Netherlands,11
Dele Alli,Tottenham Hotspur,England,11
Robbie Brady,Burnley,Ireland,11
Branislav Ivanovic,-,Serbia,11
M'Baye Niang,-,Senegal,11
Jonas Olsson,-,Sweden,11
Alex Oxlade-Chamberlain,-,England,11
Aaron Ramsey,-,Wales,11
James Tarkowski,Burnley,England,11
Enner Valencia,-,Ecuador,11
André Ayew,-,Ghana,10
Ross Barkley,-,England,10
Ryan Fraser,AFC Bournemouth,Scotland,10
Kieran Gibbs,-,England,10
Rob Holding,Arsenal,England,10
Zlatan Ibrahimovic,-,Sweden,10
Jan Kirchhoff,-,Germany,10
Grant Leadbitter,-,England,10
James McCarthy,-,Ireland,10
Ahmed Musa,-,Nigeria,10
Álvaro Negredo,-,Spain,10
Martin Olsson,Swansea City,Sweden,10
Pape Souaré,-,Senegal,10
Cristhian Stuani,Middlesbrough,Uruguay,10
Álvaro Arbeloa,-,Spain,9
Omar Elabdellaoui,Hull City,Norway,9
Adlène Guédioura,-,Algeria,9
Ilkay Gündogan,-,Germany,9
Luis Hernández,-,Spain,9
Jordon Ibe,AFC Bournemouth,England,9
Adnan Januzaj,-,Belgium,9
Anthony Martial,Manchester United,France,9
Xherdan Shaqiri,-,Switzerland,9
Victor Anichebe,Sunderland,Nigeria,8
Mohamed Elneny,-,Egypt,8
Olivier Giroud,-,France,8
Demarai Gray,-,England,8
Kamil Grosicki,Hull City,Poland,8
Alex Iwobi,-,Nigeria,8
Wahbi Khazri,-,Tunisia,8
Stephen Kingsley,-,Scotland,8
Sadio Mané,Liverpool,Senegal,8
Roberto Pereyra,Watford,Argentina,8
Ramadan Sobhi,-,Egypt,8
Junior Stanislas,AFC Bournemouth,England,8
Matt Targett,-,England,8
Jamie Vardy,Leicester City,England,8
Duncan Watmore,Sunderland,England,8
Nolito,-,Spain,7
Jordan Ayew,-,Ghana,7
Willian,Chelsea,Brazil,7
Santi Cazorla,-,Spain,7
Lewis Cook,AFC Bournemouth,England,7
Diego Costa,-,Spain,7
Fabian Delph,-,England,7
Adama Diomande,-,Norway,7
Jay Fulton,-,Scotland,7
Brendan Galloway,-,England,7
Kevin Mirallas,-,Belgium,7
Salomón Rondón,-,Venezuela,7
Moussa Sissoko,Tottenham Hotspur,France,7
Son Heung-Min,Tottenham Hotspur,South Korea,7
Isaac Success,-,Nigeria,7
Kieran Trippier,-,England,7
Axel Tuanzebe,-,England,7
Modou Barrow,-,Gambia,6
Christian Benteke,Crystal Palace,Belgium,6
Andy Carroll,-,England,6
Nsue,-,Equatorial Guinea,6
Adama Traoré,-,Mali,6
Danny Welbeck,-,England,6
Ashley Westwood,Burnley,England,6
Marc Wilson,-,Ireland,6
Benik Afobe,-,The Democratic Republic Of Congo,5
Sofiane Boufal,-,Morocco,5
Dominic Calvert-Lewin,Everton,England,5
Oscar,-,Brazil,5
Mathieu Flamini,-,France,5
Lynden Gooch,-,United States,5
Markus Henriksen,Hull City,Norway,5
Erik Lamela,Tottenham Hotspur,Argentina,5
Joleon Lescott,Sunderland,England,5
Shane Long,-,Ireland,5
Nampalys Mendy,-,France,5
Tyrone Mings,-,England,5
Dimitri Payet,-,France,5
Matthew Pennington,-,England,5
Josh Tymon,-,England,5
Sam Vokes,-,Wales,5
Callum Wilson,AFC Bournemouth,England,5
Harry Winks,Tottenham Hotspur,England,5
Kurt Zouma,-,France,5
Ibrahim Afellay,-,Netherlands,4
Charlie Austin,-,England,4
Patrick Bamford,-,England,4
Ashley Barnes,Burnley,Austria,4
Jonathan Calleri,-,Argentina,4
Gerard Deulofeu,-,Spain,4
Sam Field,-,England,4
Aleix García,-,Spain,4
Evandro,Hull City,Brazil,4
Andre Gray,-,England,4
George Honeyman,-,England,4
Giannelli Imbula,-,The Democratic Republic Of Congo,4
Harry Kane,Tottenham Hotspur,England,4
Chung-Yong Lee,-,South Korea,4
Kevin Long,-,Ireland,4
Harrison Reed,-,England,4
Hal Robson-Kanu,West Bromwich Albion,Wales,4
John Terry,-,England,4
Jonathan Walters,-,Ireland,4
Ben Watson,-,England,4
Kevin Wimmer,-,Austria,4
Philipp Wollscheid,-,Germany,4
Sergio Agüero,Manchester City,Argentina,3
Trent Alexander-Arnold,Liverpool,England,3
Yannick Bolasie,-,The Democratic Republic Of Congo,3
Wilfried Bony,-,Cote D'Ivoire,3
Peter Crouch,-,England,3
Jermain Defoe,-,England,3
Nathan Dyer,Swansea City,England,3
Manolo Gabbiadini,-,Italy,3
Borja Bastón,-,Spain,3
Max-Alain Gradel,-,Cote D'Ivoire,3
Abel Hernández,-,Uruguay,3
Odion Ighalo,-,Nigeria,3
Bojan,-,Spain,3
Aaron Lennon,-,England,3
Brandon Mason,-,England,3
Patrick McNair,-,Northern Ireland,3
Demetri Mitchell,-,England,3
Luciano Narsingh,-,Netherlands,3
Divock Origi,-,Belgium,3
Jordan Pickford,-,England,3
Islam Slimani,-,Algeria,3
Brad Smith,-,Australia,3
Leonardo Ulloa,-,Argentina,3
Víctor Valdés,Middlesbrough,Spain,3
Simone Zaza,-,Italy,3
Michy Batshuayi,-,Belgium,2
Nathaniel Chalobah,-,England,2
Heurelho Gomes,-,Brazil,2
Gabriel Jesus,Manchester City,Brazil,2
Andrew Eleftheriou,-,England,2
Timothy Fosu-Mensah,-,Netherlands,2
Rudy Gestede,Middlesbrough,Benin,2
Vincent Janssen,-,Netherlands,2
Carl Jenkinson,-,England,2
Jonathan Leko,-,England,2
Jeremain Lens,-,Netherlands,2
Fernando Llorente,-,Spain,2
Ademola Lookman,-,England,2
Scott McTominay,Manchester United,Scotland,2
Alberto Moreno,-,Spain,2
Kenedy,-,Brazil,2
Lucas Pérez,-,Spain,2
Jérémy Pied,-,France,2
Jay Rodriguez,-,England,2
Daniel Sturridge,-,England,2
Marcin Wasilewski,-,Poland,2
Connor Wickham,Crystal Palace,England,2
Albert Adomah,-,Ghana,1
Daniel Agyei,-,England,1
Saido Berahino,-,Burundi,1
Artur Boruc,AFC Bournemouth,Poland,1
Jarrod Bowen,Hull City,England,1
Martín Cáceres,-,Uruguay,1
Petr Cech,-,Czech Republic,1
Mathieu Debuchy,-,France,1
Lukasz Fabianski,-,Poland,1
Ben Foster,-,England,1
Ezekiel Fryers,-,England,1
Craig Gardner,-,England,1
Brad Guzan,-,United States,1
Tom Heaton,-,England,1
Eldin Jakupovic,Hull City,Switzerland,1
Mile Jedinak,-,Australia,1
David Jones,-,England,1
Loris Karius,-,Germany,1
Will Keane,-,England,1
Rickie Lambert,-,England,1
Hugo Lloris,Tottenham Hotspur,France,1
Vito Mannone,-,Italy,1
Dieudonne Mbokani Bezua,Hull City,The Democratic Republic Of Congo,1