Gylfi Sigurdsson,-,Iceland,304
Kevin De Bruyne,Manchester City,Belgium,275
James Milner,Liverpool,England,259
Christian Eriksen,Tottenham Hotspur,Denmark,245
Andros Townsend,Crystal Palace,England,236
Marc Albrighton,Leicester City,England,212
Robert Snodgrass,-,Scotland,211
Mesut Özil,Arsenal,Germany,187
Dusan Tadic,-,Serbia,184
Chris Brunt,West Bromwich Albion,Northern Ireland,176
Stewart Downing,-,England,165
José Holebas,Watford,Greece,164
Dimitri Payet,-,France,156
Riyad Mahrez,-,Algeria,154
Jason Puncheon,-,England,147
Cédric Soares,-,Portugal,144
Matt Phillips,West Bromwich Albion,Scotland,144
James Ward-Prowse,Southampton,England,143
Antonio Valencia,-,Ecuador,142
Kevin Mirallas,-,Belgium,136
Xherdan Shaqiri,-,Switzerland,131
Nordin Amrabat,-,Morocco,130
Philippe Coutinho,-,Brazil,126
David Silva,Manchester City,Spain,125
Ahmed El Mohamady,-,Egypt,123
Ryan Fraser,AFC Bournemouth,Scotland,122
Victor Moses,-,Nigeria,120
Andrew Robertson,-,Scotland,119
Matthew Lowton,-,England,115
Ross Barkley,-,England,113
Leighton Baines,Everton,England,112
Stephen Ward,-,Ireland,111
Marko Arnautovic,-,Austria,110
Yohan Cabaye,-,France,109
Erik Pieters,-,Netherlands,109
Willian,Chelsea,Brazil,106
Wilfried Zaha,Crystal Palace,Cote D'Ivoire,105
Marcos Alonso,Chelsea,Spain,102
Ryan Bertrand,-,England,99
Nathaniel Clyne,-,England,97
Aaron Cresswell,West Ham United,England,97
James McClean,-,Ireland,97
Wayne Rooney,-,England,97
Christian Fuchs,Leicester City,Austria,96
Kyle Walker,-,England,96
Michail Antonio,-,England,94
Juan Mata,Manchester United,Spain,93
Séamus Coleman,-,Ireland,92
Jesús Navas,-,Spain,92
Daley Blind,-,Netherlands,87
Charlie Daniels,AFC Bournemouth,England,86
Charlie Adam,-,Scotland,85
Craig Dawson,-,England,85
Cesc Fàbregas,-,Spain,85
Yannick Bolasie,-,The Democratic Republic Of Congo,84
Kamil Grosicki,Hull City,Poland,84
Eden Hazard,-,Belgium,84
Raheem Sterling,Manchester City,England,84
Marcus Rashford,Manchester United,England,83
Demarai Gray,-,England,82
Wayne Routledge,Swansea City,England,82
Gastón Ramírez,-,Uruguay,81
Kyle Naughton,-,England,79
Adama Traoré,-,Spain,79
Etienne Capoue,Watford,France,78
Allan-Roméo Nyom,-,Cameroon,78
Patrick van Aanholt,Crystal Palace,Netherlands,78
Joel Ward,-,England,78
Ben Davies,Tottenham Hotspur,Wales,75
Johann Gudmundsson,Burnley,Iceland,72
Manuel Lanzini,West Ham United,Argentina,72
Pedro,Chelsea,Spain,72
Antonio Barragán,-,Spain,71
Sebastian Larsson,-,Sweden,71
Scott Arfield,-,Canada,70
Fabio,-,Brazil,70
Junior Stanislas,AFC Bournemouth,England,70
Héctor Bellerín,Arsenal,Spain,69
Steven Davis,-,Northern Ireland,69
Steven Defour,-,Belgium,68
Alex Oxlade-Chamberlain,-,England,68
Wahbi Khazri,-,Tunisia,67
Simon Francis,AFC Bournemouth,England,66
Adnan Januzaj,-,Belgium,66
Alexis Sánchez,-,Chile,66
Jordan Henderson,Liverpool,England,65
Danny Rose,Tottenham Hotspur,England,65
Sofiane Feghouli,-,Algeria,64
Nathan Redmond,-,England,64
Nacho Monreal,-,Spain,63
Robbie Brady,Burnley,Ireland,62
Sam Clucas,-,England,62
Son Heung-Min,Tottenham Hotspur,South Korea,62
Roberto Firmino,Liverpool,Brazil,60
Tom Cleverley,-,England,60
Modou Barrow,-,Gambia,59
Martin Olsson,Swansea City,Sweden,59
Nacer Chadli,-,Belgium,57
Anthony Martial,Manchester United,France,56
Adam Smith,AFC Bournemouth,England,55
Daryl Janmaat,Watford,Netherlands,52
Leroy Sané,Manchester City,Germany,52
Joe Allen,Stoke City,Wales,51
Adam Forshaw,-,England,51
Ander Herrera,-,Spain,50
Theo Walcott,-,England,49
Mason Holgate,-,England,48
Adam Lallana,-,England,48
Henrikh Mkhitaryan,-,Armenia,48
Stephen Kingsley,-,Scotland,47
Jamie Vardy,Leicester City,England,47
Romelu Lukaku,-,Belgium,45
Jordon Ibe,AFC Bournemouth,England,43
Billy Jones,-,England,42
Joshua King,AFC Bournemouth,Norway,42
César Azpilicueta,Chelsea,Spain,41
Sadio Mané,Liverpool,Senegal,41
Marc Pugh,-,England,40
George Boyd,-,Scotland,39
Santi Cazorla,-,Spain,39
Paul Pogba,Manchester United,France,39
Tom Carroll,-,England,38
Jefferson Montero,-,Ecuador,38
Didier Ndong,Sunderland,Gabon,38
Ashley Young,Manchester United,England,38
Victor Anichebe,Sunderland,Nigeria,37
Fabio Borini,-,Italy,37
Gerard Deulofeu,-,Spain,37
George Friend,Middlesbrough,England,37
Cuco Martina,-,Curacao,37
Sam McQueen,-,England,37
M'Baye Niang,-,Senegal,37
Martin Kelly,Crystal Palace,England,36
Jonathan Walters,-,Ireland,36
Sofiane Boufal,-,Morocco,34
Javier Manquillo,-,Spain,34
Moussa Sissoko,Tottenham Hotspur,France,34
Glen Johnson,-,England,32
Roberto Pereyra,Watford,Argentina,32
Kieran Gibbs,-,England,31
Divock Origi,-,Belgium,31
Darren Fletcher,-,Scotland,30
Adlène Guédioura,-,Algeria,30
Arthur Masuaku,West Ham United,The Democratic Republic Of Congo,30
Harry Kane,Tottenham Hotspur,England,29
Kieran Trippier,-,England,29
Phil Bardsley,-,Scotland,28
Neil Taylor,-,Wales,28
Sam Byram,-,England,27
Daniel Drinkwater,-,England,27
Aleksandar Kolarov,-,Serbia,27
Luciano Narsingh,-,Netherlands,27
Gaël Clichy,-,France,26
Mame Biram Diouf,Stoke City,Senegal,26
Andre Gray,-,England,26
Erik Lamela,Tottenham Hotspur,Argentina,26
James McArthur,Crystal Palace,Scotland,26
Ahmed Musa,-,Nigeria,26
Bacary Sagna,-,France,26
Danny Simpson,-,England,26
Jack Wilshere,-,England,26
Granit Xhaka,Arsenal,Switzerland,26
Bojan,-,Spain,25
Jesse Lingard,Manchester United,England,25
Ryan Mason,Hull City,England,25
Cristhian Stuani,Middlesbrough,Uruguay,25
Matt Targett,-,England,25
Shane Long,-,Ireland,24
Glenn Whelan,-,Ireland,24
Emre Can,-,Germany,23
Adam Clayton,Middlesbrough,England,23
Marten de Roon,-,Netherlands,23
Branislav Ivanovic,-,Serbia,23
Fernandinho,Manchester City,Brazil,23
Enner Valencia,-,Ecuador,23
Dele Alli,Tottenham Hotspur,England,22
Gareth Barry,-,England,22
James Morrison,West Bromwich Albion,Scotland,22
Duncan Watmore,Sunderland,England,22
Harry Arter,-,Ireland,21
Calum Chambers,Middlesbrough,England,21
Bryan Oviedo,-,Costa Rica,21
Luke Shaw,Manchester United,England,21
Jack Cork,-,England,20
Eric Dier,Tottenham Hotspur,England,20
Pierre-Emile Højbjerg,-,Denmark,20
Donald Love,-,Scotland,20
Shkodran Mustafi,Arsenal,Germany,20
Mark Noble,West Ham United,England,20
Jordan Ayew,-,Ghana,19
Matteo Darmian,-,Italy,19
Jermain Defoe,-,England,19
Aaron Ramsey,-,Wales,19
Ben Chilwell,Leicester City,England,18
Zlatan Ibrahimovic,-,Sweden,18
Alex Iwobi,-,Nigeria,18
Lazar Markovic,-,Serbia,18
Sergio Agüero,Manchester City,Argentina,17
Evandro,Hull City,Brazil,17
Jeff Hendrick,Burnley,Ireland,17
Grant Leadbitter,-,England,17
Nolito,-,Spain,16
Troy Deeney,Watford,England,16
Viktor Fischer,-,Denmark,16
Bakary Sako,-,Mali,16
Ibrahim Afellay,-,Netherlands,15
Jonathan Calleri,-,Argentina,15
Oscar,-,Brazil,15
Omar Elabdellaoui,Hull City,Norway,15
Cheikhou Kouyaté,-,Senegal,15
Harry Maguire,-,England,15
David Meyler,-,Ireland,15
Jeffrey Schlupp,-,Ghana,15
Pape Souaré,-,Senegal,15
Pablo Zabaleta,-,Argentina,15
Geoff Cameron,-,United States,14
Tom Huddlestone,-,England,14
Andy King,-,Wales,14
Chung-Yong Lee,-,South Korea,14
Victor Wanyama,Tottenham Hotspur,Kenya,14
Steve Cook,AFC Bournemouth,England,13
Leroy Fer,-,Netherlands,13
Lynden Gooch,-,United States,13
Younes Kaboul,-,France,13
Michael Kightly,-,England,13
Alberto Moreno,-,Spain,13
Oumar Niasse,-,Senegal,13
Jérémy Pied,-,France,13
Isaac Success,-,Nigeria,13
Gökhan Töre,-,Turkey,13
Georginio Wijnaldum,Liverpool,Netherlands,13
Miguel Britos,-,Uruguay,12
Craig Gardner,-,England,12
Idrissa Gueye,-,Senegal,12
Markus Henriksen,Hull City,Norway,12
Shaun Maloney,Hull City,Scotland,12
Steven Pienaar,Sunderland,South Africa,12
Hal Robson-Kanu,West Bromwich Albion,Wales,12
Tom Davies,Everton,England,11
Edimilson Fernandes,-,Switzerland,11
Darron Gibson,-,Ireland,11
David Jones,-,England,11
Jonathan Leko,-,England,11
Aaron Lennon,-,England,11
Angel Rangel,-,Spain,11
Juan Camilo Zuñiga,-,Colombia,11
Andy Carroll,-,England,10
Jason Denayer,-,Belgium,10
Luis Hernández,-,Spain,10
Vincent Janssen,-,Netherlands,10
Christian Kabasele,Watford,Belgium,10
N'Golo Kanté,Chelsea,France,10
Marcos Rojo,-,Argentina,10
Albert Adomah,-,Ghana,9
Charlie Austin,-,England,9
Joey Barton,-,England,9
Jordy Clasie,-,Netherlands,9
Diego Costa,-,Spain,9
Jonny Evans,-,Northern Ireland,9
Ezekiel Fryers,-,England,9
George Honeyman,-,England,9
Ki Sung-yueng,-,South Korea,9
Håvard Nordtveit,-,Norway,9
Lucas Pérez,-,Spain,9
Salomón Rondón,-,Venezuela,9
Jan Vertonghen,Tottenham Hotspur,Belgium,9
Callum Wilson,AFC Bournemouth,England,9
Gabriel Paulista,-,Brazil,8
Mohamed Elneny,-,Egypt,8
Max-Alain Gradel,-,Cote D'Ivoire,8
Giannelli Imbula,-,The Democratic Republic Of Congo,8
Fernando Llorente,-,Spain,8
Nemanja Matic,-,Serbia,8
Marc Muniesa,-,Spain,8
Álvaro Negredo,-,Spain,8
Pedro Obiang,-,Equatorial Guinea,8
Jay Rodriguez,-,England,8
Jack Rodwell,-,England,8
Josh Sims,-,England,8
Maya Yoshida,-,Japan,8
André Ayew,-,Ghana,7
Ashley Barnes,Burnley,Austria,7
Sam Field,-,England,7
Dan Gosling,AFC Bournemouth,England,7
Ilkay Gündogan,-,Germany,7
Joe Ledley,-,Wales,7
Jake Livermore,West Bromwich Albion,England,7
Dejan Lovren,-,Croatia,7
Dean Marney,-,England,7
Georges-Kévin Nkoudou,-,France,7
Ramadan Sobhi,-,Egypt,7
Daniel Sturridge,-,England,7
Josh Tymon,-,England,7
Sam Vokes,-,Wales,7
Harry Winks,Tottenham Hotspur,England,7
Toby Alderweireld,Tottenham Hotspur,Belgium,6
Trent Alexander-Arnold,Liverpool,England,6
Álvaro Arbeloa,-,Spain,6
Daniel Ayala,Middlesbrough,Spain,6
Nathan Dyer,Swansea City,England,6
Ashley Fletcher,-,England,6
Borja Bastón,-,Spain,6
David Luiz,-,Brazil,6
Patrick McNair,-,Northern Ireland,6
Luka Milivojevic,Crystal Palace,Serbia,6
Alfred N'Diaye,Hull City,Senegal,6
Loïc Rémy,-,France,6
Andrew Surman,AFC Bournemouth,England,6
Connor Wickham,Crystal Palace,England,6
Marc Wilson,-,Ireland,6
José Fonte,-,Portugal,5
Damien Delaney,-,Ireland,5
Papy Djilobodji,Sunderland,Senegal,5
Abdoulaye Doucouré,Watford,France,5
Federico Fernández,-,Argentina,5
Jay Fulton,-,Scotland,5
Ramiro Funes Mori,-,Argentina,5
Odion Ighalo,-,Nigeria,5
Lucas Leiva,-,Brazil,5
Joel Matip,Liverpool,Cameroon,5
Nsue,-,Equatorial Guinea,5
Stefano Okaka,-,Italy,5
Ben Woodburn,-,Wales,5
Mauro Zárate,-,Argentina,5
Patrick Bamford,-,England,4
Michael Carrick,-,England,4
Craig Cathcart,Watford,Northern Ireland,4
Francis Coquelin,-,France,4
Curtis Davies,-,England,4
Memphis Depay,-,Netherlands,4
Adama Diomande,-,Norway,4
Marouane Fellaini,-,Belgium,4
Jon Flanagan,-,England,4
Josh Harrop,-,England,4
Kelechi Iheanacho,-,Nigeria,4
Jonjoe Kenny,-,England,4
Gareth McAuley,-,Northern Ireland,4
James McCarthy,-,Ireland,4
Ben Mee,Burnley,England,4
Angelo Ogbonna,West Ham United,Italy,4
Shinji Okazaki,-,Japan,4
Brad Smith,-,Australia,4
Jack Stephens,Southampton,England,4
Yaya Touré,-,Cote D'Ivoire,4
Simone Zaza,-,Italy,4
Daniel Amartey,-,Ghana,3
Valon Behrami,-,Switzerland,3
Scott Dann,-,England,3
Mousa Dembélé,-,Belgium,3
Manolo Gabbiadini,-,Italy,3
Brendan Galloway,-,England,3
Olivier Giroud,-,France,3
Carl Jenkinson,-,England,3
Will Keane,-,England,3
Michael Keane,-,England,3
Lamine Koné,Sunderland,Cote D'Ivoire,3
Laurent Koscielny,-,France,3
Bruno Martins Indi,-,Netherlands,3
Dieudonne Mbokani Bezua,Hull City,The Democratic Republic Of Congo,3
Lys Mousset,-,France,3
Jordon Mutch,-,England,3
Wilfred Ndidi,Leicester City,Nigeria,3
Julien Ngoy,-,Belgium,3
Nicolás Otamendi,Manchester City,Argentina,3
Sebastian Prödl,Watford,Austria,3
Winston Reid,West Ham United,New Zealand,3
Oriol Romeu,-,Spain,3
Islam Slimani,-,Algeria,3
James Tomkins,Crystal Palace,England,3
Benik Afobe,-,The Democratic Republic Of Congo,2
Nathan Aké,-,Netherlands,2
Eric Bailly,Manchester United,Cote D'Ivoire,2
Michy Batshuayi,-,Belgium,2
Lewis Cook,AFC Bournemouth,England,2
Gabriel Jesus,Manchester City,Brazil,2
Rudy Gestede,Middlesbrough,Benin,2
Rob Holding,Arsenal,England,2
Sullay Kaikai,-,England,2
Jeremain Lens,-,Netherlands,2
Demetri Mitchell,-,England,2
David Nugent,-,England,2
Kenedy,-,Brazil,2
Andrea Ranocchia,Hull City,Italy,2
Diafra Sakho,-,Senegal,2
James Tarkowski,Burnley,England,2
Ashley Westwood,Burnley,England,2
Claudio Yacob,-,Argentina,2
Kurt Zouma,-,France,2
Saido Berahino,-,Burundi,1
Wilfried Bony,-,Cote D'Ivoire,1
Gary Cahill,-,England,1
Fraizer Campbell,-,England,1
Lee Cattermole,Sunderland,England,1
Fabian Delph,-,England,1
Andrew Eleftheriou,-,England,1
Mathieu Flamini,-,France,1
Aleix García,-,Spain,1
Lewis Grabban,-,England,1
Abel Hernández,-,Uruguay,1
Phil Jagielka,-,England,1
Mile Jedinak,-,Australia,1
Phil Jones,Manchester United,England,1
Jan Kirchhoff,-,Germany,1
Ragnar Klavan,-,Estonia,1
Vincent Kompany,-,Belgium,1
Ademola Lookman,-,England,1
Adrian Mariappa,Watford,Jamaica,1
Alfie Mawson,-,England,1
Oliver McBurnie,-,Scotland,1
Scott McTominay,Manchester United,Scotland,1
Nampalys Mendy,-,France,1
Tyrone Mings,-,England,1
Aiden O'Neill,-,Australia,1
Josh Onomah,-,England,1
Matthew Pennington,-,England,1
Dion Pereira,-,England,1
Jordan Rhodes,-,Scotland,1
Mamadou Sakho,-,France,1
Morgan Schneiderlin,Everton,France,1
Ryan Shawcross,Stoke City,England,1