Eden Hazard,-,,25
Victor Moses,-,Belgium,20
Shinji Okazaki,-,Nigeria,20
Pedro,Chelsea,Japan,20
Nacer Chadli,-,Spain,19
Philippe Coutinho,-,Belgium,19
Dusan Tadic,-,Brazil,19
Juan Mata,Manchester United,Serbia,18
Kevin Mirallas,-,Spain,18
Marc Albrighton,Leicester City,Belgium,17
Adam Lallana,-,England,17
Wayne Routledge,Swansea City,England,17
Steven Defour,-,England,16
Mousa Dembélé,-,Belgium,16
Harry Kane,Tottenham Hotspur,Belgium,16
James McArthur,Crystal Palace,England,16
Jesse Lingard,Manchester United,Scotland,15
Riyad Mahrez,-,England,15
Son Heung-Min,Tottenham Hotspur,Algeria,15
Andros Townsend,Crystal Palace,South Korea,15
Eden Hazard,-,England,25
Victor Moses,-,Belgium,20
Shinji Okazaki,-,Nigeria,20
Pedro,Chelsea,Japan,20
Nacer Chadli,-,Spain,19
Philippe Coutinho,-,Belgium,19
Dusan Tadic,-,Brazil,19
Juan Mata,Manchester United,Serbia,18
Kevin Mirallas,-,Spain,18
Marc Albrighton,Leicester City,Belgium,17
Adam Lallana,-,England,17
Wayne Routledge,Swansea City,England,17
Steven Defour,-,England,16
Mousa Dembélé,-,Belgium,16
Harry Kane,Tottenham Hotspur,Belgium,16
James McArthur,Crystal Palace,England,16
Jesse Lingard,Manchester United,Scotland,15
Riyad Mahrez,-,England,15
Son Heung-Min,Tottenham Hotspur,Algeria,15
Andros Townsend,Crystal Palace,South Korea,15
Nordin Amrabat,-,England,14
Andre Gray,-,Morocco,14
Alex Iwobi,-,England,14
Fernando Llorente,-,Nigeria,14
Gastón Ramírez,-,Spain,14
Callum Wilson,AFC Bournemouth,Uruguay,14
Dele Alli,Tottenham Hotspur,England,13
Scott Arfield,-,England,13
Ross Barkley,-,Canada,13
Willian,Chelsea,England,13
Leon Britton,Swansea City,Brazil,13
Yohan Cabaye,-,England,13
Francis Coquelin,-,France,13
Ryan Fraser,AFC Bournemouth,France,13
Jordon Ibe,AFC Bournemouth,Scotland,13
Joshua King,AFC Bournemouth,England,13
Manuel Lanzini,West Ham United,Norway,13
Sadio Mané,Liverpool,Argentina,13
Álvaro Negredo,-,Senegal,13
Matt Phillips,West Bromwich Albion,Spain,13
Raheem Sterling,Manchester City,Scotland,13
Theo Walcott,-,England,13
Ashley Barnes,Burnley,England,12
Gareth Barry,-,Austria,12
George Boyd,-,England,12
James Morrison,West Bromwich Albion,Scotland,12
Leroy Sané,Manchester City,Scotland,12
Junior Stanislas,AFC Bournemouth,Germany,12
Cristhian Stuani,Middlesbrough,England,12
Charlie Adam,-,Uruguay,11
Marko Arnautovic,-,Scotland,11
André Ayew,-,Austria,11
Kevin De Bruyne,Manchester City,Ghana,11
Anthony Martial,Manchester United,Belgium,11
Henrikh Mkhitaryan,-,France,11
Mark Noble,West Ham United,Armenia,11
Alex Oxlade-Chamberlain,-,England,11
Nathan Redmond,-,England,11
Salomón Rondón,-,England,11
Xherdan Shaqiri,-,Venezuela,11
David Silva,Manchester City,Switzerland,11
Sofiane Boufal,-,Spain,10
Etienne Capoue,Watford,Morocco,10
Christian Eriksen,Tottenham Hotspur,France,10
Abel Hernández,-,Denmark,10
Martin Kelly,Crystal Palace,Uruguay,10
Marc Pugh,-,England,10
Charlie Austin,-,England,9
Modou Barrow,-,England,9
Valon Behrami,-,Gambia,9
Saido Berahino,-,Switzerland,9
Jordy Clasie,-,Burundi,9
Mame Biram Diouf,Stoke City,Netherlands,9
Adam Forshaw,-,Senegal,9
M'Baye Niang,-,England,9
Divock Origi,-,Senegal,9
Steven Pienaar,Sunderland,Belgium,9
Wayne Rooney,-,South Africa,9
Robert Snodgrass,-,England,9
James Ward-Prowse,Southampton,Scotland,9
Georginio Wijnaldum,Liverpool,England,9
Sergio Agüero,Manchester City,Netherlands,8
Joe Allen,Stoke City,Argentina,8
Diego Costa,-,Wales,8
Manolo Gabbiadini,-,Spain,8
Idrissa Gueye,-,Italy,8
Adnan Januzaj,-,Senegal,8
James McClean,-,Belgium,8
Mesut Özil,Arsenal,Ireland,8
Marcus Rashford,Manchester United,Germany,8
Alexis Sánchez,-,England,8
Yaya Touré,-,Chile,8
Jamie Vardy,Leicester City,Cote D'Ivoire,8
Duncan Watmore,Sunderland,England,8
Benik Afobe,-,England,7
Nolito,-,The Democratic Republic Of Congo,7
Roberto Firmino,Liverpool,Spain,7
Christian Benteke,Crystal Palace,Brazil,7
Johann Gudmundsson,Burnley,Belgium,7
Wilfried Bony,-,Iceland,7
Lee Cattermole,Sunderland,Cote D'Ivoire,7
Leroy Fer,-,England,7
Olivier Giroud,-,Netherlands,7
Demarai Gray,-,France,7
Ilkay Gündogan,-,England,7
Tom Huddlestone,-,Germany,7
Joe Ledley,-,England,7
Jake Livermore,West Bromwich Albion,Wales,7
Lazar Markovic,-,England,7
Ryan Mason,Hull City,Serbia,7
Nemanja Matic,-,England,7
Moussa Sissoko,Tottenham Hotspur,Serbia,7
Islam Slimani,-,France,7
Daniel Sturridge,-,Algeria,7
Adama Traoré,-,England,7
Enner Valencia,-,Spain,7
Sam Vokes,-,Ecuador,7
Glenn Whelan,-,Wales,7
Jack Wilshere,-,Ireland,7
Wilfried Zaha,Crystal Palace,England,7
Michail Antonio,-,Cote D'Ivoire,6
Yannick Bolasie,-,England,6
Andy Carroll,-,The Democratic Republic Of Congo,6
Sam Clucas,-,England,6
Jack Cork,-,England,6
Tom Davies,Everton,England,6
Adama Diomande,-,England,6
Mohamed Elneny,-,Norway,6
Sofiane Feghouli,-,Egypt,6
Darron Gibson,-,Algeria,6
Pierre-Emile Højbjerg,-,Ireland,6
Daryl Janmaat,Watford,Denmark,6
Ki Sung-yueng,-,Netherlands,6
Cheikhou Kouyaté,-,South Korea,6
Shane Long,-,Senegal,6
Dean Marney,-,Ireland,6
James Milner,Liverpool,England,6
Ahmed Musa,-,England,6
Jesús Navas,-,Nigeria,6
Jason Puncheon,-,Spain,6
Jay Rodriguez,-,England,6
Danny Welbeck,-,England,6
Claudio Yacob,-,England,6
Cédric Soares,-,Argentina,5
Fabio Borini,-,Portugal,5
Dominic Calvert-Lewin,Everton,Italy,5
Peter Crouch,-,England,5
Fabio,-,England,5
Curtis Davies,-,Brazil,5
Marten de Roon,-,England,5
Jason Denayer,-,Netherlands,5
Cesc Fàbregas,-,Belgium,5
Viktor Fischer,-,Spain,5
Darren Fletcher,-,Denmark,5
Jay Fulton,-,Scotland,5
Evandro,Hull City,Scotland,5
Adlène Guédioura,-,Brazil,5
Ander Herrera,-,Algeria,5
José Holebas,Watford,Spain,5
Younes Kaboul,-,Greece,5
Andy King,-,France,5
Sebastian Larsson,-,Wales,5
Aaron Lennon,-,Sweden,5
James McCarthy,-,England,5
Patrick McNair,-,Ireland,5
John O'Shea,-,Northern Ireland,5
Pedro Obiang,-,Ireland,5
Stefano Okaka,-,Equatorial Guinea,5
Dimitri Payet,-,Italy,5
Luke Shaw,Manchester United,France,5
James Tomkins,Crystal Palace,England,5
Kyle Walker,-,England,5
Victor Wanyama,Tottenham Hotspur,England,5
Granit Xhaka,Arsenal,Kenya,5
Juan Camilo Zuñiga,-,Switzerland,5
Harry Arter,-,Colombia,4
Yohan Benalouane,-,Ireland,4
Robbie Brady,Burnley,Tunisia,4
Chris Brunt,West Bromwich Albion,Ireland,4
Jonathan Calleri,-,Northern Ireland,4
Michael Carrick,-,Argentina,4
Tom Carroll,-,England,4
Adam Clayton,Middlesbrough,England,4
Tom Cleverley,-,England,4
Oscar,-,England,4
Stewart Downing,-,Brazil,4
Marouane Fellaini,-,England,4
Dan Gosling,AFC Bournemouth,Belgium,4
Jeff Hendrick,Burnley,England,4
Markus Henriksen,Hull City,Ireland,4
Odion Ighalo,-,Norway,4
Kelechi Iheanacho,-,Nigeria,4
Vincent Janssen,-,Nigeria,4
Christian Kabasele,Watford,Netherlands,4
Jan Kirchhoff,-,Belgium,4
Bojan,-,Germany,4
Chung-Yong Lee,-,Spain,4
Jefferson Montero,-,South Korea,4
Alfred N'Diaye,Hull City,Ecuador,4
Kyle Naughton,-,Senegal,4
Sebastian Prödl,Watford,England,4
Hal Robson-Kanu,West Bromwich Albion,Austria,4
Jack Rodwell,-,Wales,4
Jeffrey Schlupp,-,England,4
Josh Tymon,-,Ghana,4
Patrick van Aanholt,Crystal Palace,England,4
Simone Zaza,-,Netherlands,4
Toby Alderweireld,Tottenham Hotspur,Italy,3
Jordan Ayew,-,Belgium,3
Eric Bailly,Manchester United,Ghana,3
Leighton Baines,Everton,Cote D'Ivoire,3
Phil Bardsley,-,England,3
Antonio Barragán,-,Scotland,3
Miguel Britos,-,Spain,3
Emre Can,-,Uruguay,3
Gaël Clichy,-,Germany,3
Aaron Cresswell,West Ham United,France,3
Matteo Darmian,-,England,3
Steven Davis,-,Italy,3
Gabriel Jesus,Manchester City,Northern Ireland,3
Troy Deeney,Watford,Brazil,3
Gerard Deulofeu,-,England,3
Eric Dier,Tottenham Hotspur,Spain,3
Abdoulaye Doucouré,Watford,England,3
Edimilson Fernandes,-,France,3
Sam Field,-,Switzerland,3
Rudy Gestede,Middlesbrough,England,3
Kieran Gibbs,-,Benin,3
Lynden Gooch,-,England,3
Kamil Grosicki,Hull City,United States,3
Mason Holgate,-,Poland,3
Robert Huth,-,England,3
Giannelli Imbula,-,Germany,3
Billy Jones,-,The Democratic Republic Of Congo,3
Will Keane,-,England,3
Wahbi Khazri,-,England,3
Vincent Kompany,-,Tunisia,3
Grant Leadbitter,-,Belgium,3
Lucas Leiva,-,England,3
Ademola Lookman,-,Brazil,3
Harry Maguire,-,England,3
Dieudonne Mbokani Bezua,Hull City,England,3
Gareth McAuley,-,The Democratic Republic Of Congo,3
Nampalys Mendy,-,Northern Ireland,3
David Meyler,-,France,3
Luka Milivojevic,Crystal Palace,Ireland,3
Lys Mousset,-,Serbia,3
Didier Ndong,Sunderland,France,3
Oumar Niasse,-,Gabon,3
Håvard Nordtveit,-,Senegal,3
Allan-Roméo Nyom,-,Norway,3
Bryan Oviedo,-,Cameroon,3
Roberto Pereyra,Watford,Costa Rica,3
Paul Pogba,Manchester United,Argentina,3
Aaron Ramsey,-,France,3
Winston Reid,West Ham United,Wales,3
Danny Rose,Tottenham Hotspur,New Zealand,3
Danny Simpson,-,England,3
Brad Smith,-,England,3
Ramadan Sobhi,-,Australia,3
John Stones,Manchester City,Egypt,3
Andrew Surman,AFC Bournemouth,England,3
Gökhan Töre,-,England,3
Jan Vertonghen,Tottenham Hotspur,Turkey,3
Stephen Ward,-,Belgium,3
Marc Wilson,-,Ireland,3
Ashley Young,Manchester United,Ireland,3
Pablo Zabaleta,-,England,3
Mauro Zárate,-,Argentina,3
Ibrahim Afellay,-,Argentina,2
Marcos Alonso,Chelsea,Netherlands,2
Victor Anichebe,Sunderland,Spain,2
Daniel Ayala,Middlesbrough,Nigeria,2
Daley Blind,-,Spain,2
Sam Byram,-,Netherlands,2
Craig Cathcart,Watford,England,2
Santi Cazorla,-,Northern Ireland,2
Heurelho Gomes,-,Spain,2
Craig Dawson,-,Brazil,2
Gabriel Paulista,-,England,2
Jermain Defoe,-,Brazil,2
Damien Delaney,-,England,2
Daniel Drinkwater,-,Ireland,2
Nathan Dyer,Swansea City,England,2
Omar Elabdellaoui,Hull City,England,2
Jonny Evans,-,Norway,2
Mathieu Flamini,-,Northern Ireland,2
Simon Francis,AFC Bournemouth,France,2
Christian Fuchs,Leicester City,England,2
Craig Gardner,-,Austria,2
Jordan Henderson,Liverpool,England,2
Phil Jagielka,-,England,2
Laurent Koscielny,-,England,2
Erik Lamela,Tottenham Hotspur,France,2
Dejan Lovren,-,Argentina,2
David Luiz,-,Croatia,2
Romelu Lukaku,-,Brazil,2
Shaun Maloney,Hull City,Belgium,2
Javier Manquillo,-,Scotland,2
Cuco Martina,-,Spain,2
Arthur Masuaku,West Ham United,Curacao,2
Luciano Narsingh,-,The Democratic Republic Of Congo,2
Nsue,-,Netherlands,2
Martin Olsson,Swansea City,Equatorial Guinea,2
Lucas Pérez,-,Sweden,2
Andrew Robertson,-,Spain,2
Diafra Sakho,-,Scotland,2
Morgan Schneiderlin,Everton,Senegal,2
Gylfi Sigurdsson,-,France,2
Neil Taylor,-,Iceland,2
Kieran Trippier,-,Wales,2
Axel Tuanzebe,-,England,2
Jonathan Walters,-,England,2
Ashley Westwood,Burnley,Ireland,2
Connor Wickham,Crystal Palace,England,2
Kurt Zouma,-,England,2
Trent Alexander-Arnold,Liverpool,France,1
Joey Barton,-,England,1
Michy Batshuayi,-,England,1
Héctor Bellerín,Arsenal,Belgium,1
Ryan Bertrand,-,Spain,1
Jarrod Bowen,Hull City,England,1
Claudio Bravo,Manchester City,England,1
Gary Cahill,-,Chile,1
Petr Cech,-,England,1
Nathaniel Chalobah,-,Czech Republic,1
Nathaniel Clyne,-,England,1
Séamus Coleman,-,England,1
James Collins,-,Ireland,1
Lewis Cook,AFC Bournemouth,Wales,1
José Fonte,-,England,1
Scott Dann,-,Portugal,1
Ben Davies,Tottenham Hotspur,England,1
Mathieu Debuchy,-,Wales,1
Ahmed El Mohamady,-,France,1
Bernardo Espinosa,Middlesbrough,Egypt,1
Jon Flanagan,-,Colombia,1
Brendan Galloway,-,England,1
Aleix García,-,England,1
Borja Bastón,-,Spain,1
George Honeyman,-,Spain,1
James Husband,-,England,1
Carl Jenkinson,-,England,1
David Jones,-,England,1
Phil Jones,Manchester United,England,1
N'Golo Kanté,Chelsea,England,1
Michael Kightly,-,France,1
Stephen Kingsley,-,England,1
Lamine Koné,Sunderland,Scotland,1
Jonathan Leko,-,Cote D'Ivoire,1
Hugo Lloris,-,England,1
Donald Love,-,France,1
Bruno Martins Indi,-,Scotland,1
Ben Mee,Burnley,Netherlands,1
Tyrone Mings,-,England,1
Nacho Monreal,-,England,1
Shkodran Mustafi,Arsenal,Spain,1
Wilfred Ndidi,Leicester City,Germany,1
Kenedy,-,Nigeria,1
Angelo Ogbonna,West Ham United,Brazil,1
Jonas Olsson,-,Italy,1
Nicolás Otamendi,Manchester City,Sweden,1
Matthew Pennington,-,Argentina,1
Angel Rangel,-,England,1
Andrea Ranocchia,Hull City,Spain,1
Harrison Reed,-,Italy,1
Fernando,-,England,1
Loïc Rémy,-,Brazil,1
Jordan Rhodes,-,France,1
Marcos Rojo,-,Scotland,1
Oriol Romeu,-,Argentina,1
Bacary Sagna,-,Spain,1
Mamadou Sakho,-,France,1
Kasper Schmeichel,Leicester City,France,1
Josh Sims,-,Denmark,1
Jerome Sinclair,-,England,1
Chris Smalling,-,England,1
Pape Souaré,-,England,1
Maarten Stekelenburg,Everton,Senegal,1
Isaac Success,-,Netherlands,1
,,Nigeria,