Hal Robson-Kanu,West Bromwich Albion,Wales,24
Shane Long,-,Ireland,22
Demarai Gray,-,England,21
James McClean,-,Ireland,21
Edimilson Fernandes,-,Switzerland,20
Vincent Janssen,-,Netherlands,20
Divock Origi,-,Belgium,20
Michy Batshuayi,-,Belgium,19
Willian,Chelsea,Brazil,19
Olivier Giroud,-,France,18
Harry Winks,Tottenham Hotspur,England,18
Benik Afobe,-,The Democratic Republic Of Congo,17
Moussa Sissoko,Tottenham Hotspur,France,17
Isaac Success,-,Nigeria,17
Cesc Fàbregas,-,Spain,16
Marcus Rashford,Manchester United,England,16
Enner Valencia,-,Ecuador,16
Sam Vokes,-,Wales,16
Kelechi Iheanacho,-,Nigeria,15
Jay Rodriguez,-,England,15
Hal Robson-Kanu,West Bromwich Albion,Wales,24
Shane Long,-,Ireland,22
Demarai Gray,-,England,21
James McClean,-,Ireland,21
Edimilson Fernandes,-,Switzerland,20
Vincent Janssen,-,Netherlands,20
Divock Origi,-,Belgium,20
Michy Batshuayi,-,Belgium,19
Willian,Chelsea,Brazil,19
Olivier Giroud,-,France,18
Harry Winks,Tottenham Hotspur,England,18
Benik Afobe,-,The Democratic Republic Of Congo,17
Moussa Sissoko,Tottenham Hotspur,France,17
Isaac Success,-,Nigeria,17
Cesc Fàbregas,-,Spain,16
Marcus Rashford,Manchester United,England,16
Enner Valencia,-,Ecuador,16
Sam Vokes,-,Wales,16
Kelechi Iheanacho,-,Nigeria,15
Jay Rodriguez,-,England,15
James Tarkowski,Burnley,England,15
Juan Camilo Zuñiga,-,Colombia,15
Peter Crouch,-,England,14
Ashley Fletcher,-,England,14
Borja Bastón,-,Spain,14
Wahbi Khazri,-,Tunisia,14
James Morrison,West Bromwich Albion,Scotland,14
Ahmed Musa,-,Nigeria,14
Dan Gosling,AFC Bournemouth,England,13
Alex Oxlade-Chamberlain,-,England,13
Daniel Sturridge,-,England,13
Leonardo Ulloa,-,Argentina,13
Patrick Bamford,-,England,12
Sofiane Boufal,-,Morocco,12
Jonathan Calleri,-,Argentina,12
Fraizer Campbell,-,England,12
Mame Biram Diouf,Stoke City,Senegal,12
Rudy Gestede,Middlesbrough,Benin,12
Jordon Ibe,AFC Bournemouth,England,12
Lucas Leiva,-,Brazil,12
Kevin Mirallas,-,Belgium,12
Jesús Navas,-,Spain,12
Max-Alain Gradel,-,Cote D'Ivoire,11
Chung-Yong Lee,-,South Korea,11
David Meyler,-,Ireland,11
Jefferson Montero,-,Ecuador,11
Son Heung-Min,Tottenham Hotspur,South Korea,11
Adama Traoré,-,Spain,11
Nolito,-,Spain,10
Gareth Barry,-,England,10
Johann Gudmundsson,Burnley,Iceland,10
Sofiane Feghouli,-,Algeria,10
Marouane Fellaini,-,Belgium,10
Ki Sung-yueng,-,South Korea,10
Alberto Moreno,-,Spain,10
Luciano Narsingh,-,Netherlands,10
Aaron Ramsey,-,Wales,10
Angel Rangel,-,Spain,10
Fernando,-,Brazil,10
Wayne Rooney,-,England,10
Islam Slimani,-,Algeria,10
Jonathan Walters,-,Ireland,10
Ibrahim Afellay,-,Netherlands,9
André Ayew,-,Ghana,9
Nathaniel Chalobah,-,England,9
Damien Delaney,-,Ireland,9
Adama Diomande,-,Norway,9
Ryan Fraser,AFC Bournemouth,Scotland,9
Markus Henriksen,Hull City,Norway,9
Daryl Janmaat,Watford,Netherlands,9
Christian Kabasele,Watford,Belgium,9
Jonathan Leko,-,England,9
Henrikh Mkhitaryan,-,Armenia,9
Stefano Okaka,-,Italy,9
Shinji Okazaki,-,Japan,9
Lucas Pérez,-,Spain,9
Pedro,Chelsea,Spain,9
Ramadan Sobhi,-,Egypt,9
Pablo Zabaleta,-,Argentina,9
Scott Arfield,-,Canada,8
Ashley Barnes,Burnley,Austria,8
Ezekiel Fryers,-,England,8
Abel Hernández,-,Uruguay,8
Tom Huddlestone,-,England,8
Pierre-Emile Højbjerg,-,Denmark,8
Alex Iwobi,-,Nigeria,8
Andy King,-,Wales,8
Sam McQueen,-,England,8
Lys Mousset,-,France,8
Georges-Kévin Nkoudou,-,France,8
Robert Snodgrass,-,Scotland,8
James Ward-Prowse,Southampton,England,8
Danny Welbeck,-,England,8
Charlie Adam,-,Scotland,7
Daniel Amartey,-,Ghana,7
Robbie Brady,Burnley,Ireland,7
Yohan Cabaye,-,France,7
Tom Cleverley,-,England,7
Francis Coquelin,-,France,7
Gerard Deulofeu,-,Spain,7
Leroy Fer,-,Netherlands,7
Viktor Fischer,-,Denmark,7
Mathieu Flamini,-,France,7
Ramiro Funes Mori,-,Argentina,7
Craig Gardner,-,England,7
Lynden Gooch,-,United States,7
Branislav Ivanovic,-,Serbia,7
Adnan Januzaj,-,Belgium,7
Jesse Lingard,Manchester United,England,7
Shaun Maloney,Hull City,Scotland,7
Anthony Martial,Manchester United,France,7
Bakary Sako,-,Mali,7
Jeffrey Schlupp,-,Ghana,7
Cristhian Stuani,Middlesbrough,Uruguay,7
Jack Wilshere,-,England,7
Sergio Agüero,Manchester City,Argentina,6
Modou Barrow,-,Gambia,6
Héctor Bellerín,Arsenal,Spain,6
Saido Berahino,-,Burundi,6
Jarrod Bowen,Hull City,England,6
Dominic Calvert-Lewin,Everton,England,6
Emre Can,-,Germany,6
Tom Davies,Everton,England,6
Troy Deeney,Watford,England,6
Mousa Dembélé,-,Belgium,6
Abdoulaye Doucouré,Watford,France,6
Stewart Downing,-,England,6
Mohamed Elneny,-,Egypt,6
Andre Gray,-,England,6
Adlène Guédioura,-,Algeria,6
Arouna Koné,-,Cote D'Ivoire,6
Grant Leadbitter,-,England,6
Ruben Loftus-Cheek,-,England,6
Donald Love,-,Scotland,6
Juan Mata,Manchester United,Spain,6
Salomón Rondón,-,Venezuela,6
Leroy Sané,Manchester City,Germany,6
Josh Sims,-,England,6
Andros Townsend,Crystal Palace,England,6
Kieran Trippier,-,England,6
Claudio Yacob,-,Argentina,6
Kurt Zouma,-,France,6
Trent Alexander-Arnold,Liverpool,England,5
Jordan Ayew,-,Ghana,5
Fabio Borini,-,Italy,5
Sam Byram,-,England,5
Michael Carrick,-,England,5
Ben Chilwell,Leicester City,England,5
Jack Cork,-,England,5
Ben Davies,Tottenham Hotspur,Wales,5
Steven Defour,-,Belgium,5
Fabian Delph,-,England,5
Nathan Dyer,Swansea City,England,5
Ahmed El Mohamady,-,Egypt,5
Darron Gibson,-,Ireland,5
Marko Grujic,-,Serbia,5
Joshua King,AFC Bournemouth,Norway,5
Ragnar Klavan,-,Estonia,5
Joe Ledley,-,Wales,5
Aaron Lennon,-,England,5
Fernando Llorente,-,Spain,5
Ademola Lookman,-,England,5
Javier Manquillo,-,Spain,5
Ryan Mason,Hull City,England,5
Nemanja Matic,-,Serbia,5
James McArthur,Crystal Palace,Scotland,5
Oliver McBurnie,-,Scotland,5
James McCarthy,-,Ireland,5
Victor Moses,-,Nigeria,5
Julien Ngoy,-,Belgium,5
Oumar Niasse,-,Senegal,5
Håvard Nordtveit,-,Norway,5
Josh Onomah,-,England,5
Steven Pienaar,Sunderland,South Africa,5
Marc Pugh,-,England,5
Nathan Redmond,-,England,5
Morgan Schneiderlin,Everton,France,5
Chris Smalling,-,England,5
Theo Walcott,-,England,5
Marc Albrighton,Leicester City,England,4
Nordin Amrabat,-,Morocco,4
Victor Anichebe,Sunderland,Nigeria,4
Charlie Austin,-,England,4
Ross Barkley,-,England,4
Chris Brunt,West Bromwich Albion,Northern Ireland,4
Nacer Chadli,-,Belgium,4
Jordy Clasie,-,Netherlands,4
Scott Dann,-,England,4
Gabriel Paulista,-,Brazil,4
Memphis Depay,-,Netherlands,4
Oscar,-,Brazil,4
Sam Field,-,England,4
Adam Forshaw,-,England,4
George Friend,Middlesbrough,England,4
Evandro,Hull City,Brazil,4
Ander Herrera,-,Spain,4
Odion Ighalo,-,Nigeria,4
Martin Kelly,Crystal Palace,England,4
Michael Kightly,-,England,4
Bojan,-,Spain,4
Adam Lallana,-,England,4
Manuel Lanzini,West Ham United,Argentina,4
Sebastian Larsson,-,Sweden,4
Harry Maguire,-,England,4
Dieudonne Mbokani Bezua,Hull City,The Democratic Republic Of Congo,4
Patrick McNair,-,Northern Ireland,4
Jordon Mutch,-,England,4
Didier Ndong,Sunderland,Gabon,4
David Nugent,-,England,4
Gastón Ramírez,-,Uruguay,4
Loïc Rémy,-,France,4
Jordan Rhodes,-,Scotland,4
Jerome Sinclair,-,England,4
Raheem Sterling,Manchester City,England,4
Kevin Stewart,-,England,4
John Stones,Manchester City,England,4
Patrick van Aanholt,Crystal Palace,Netherlands,4
Ben Watson,-,England,4
Glenn Whelan,-,Ireland,4
Connor Wickham,Crystal Palace,England,4
Callum Wilson,AFC Bournemouth,England,4
Ben Woodburn,-,Wales,4
Granit Xhaka,Arsenal,Switzerland,4
Ashley Young,Manchester United,England,4
Daniel Agyei,-,England,3
Ola Aina,-,Nigeria,3
Nathan Aké,-,Netherlands,3
Daniel Ayala,Middlesbrough,Spain,3
Daley Blind,-,Netherlands,3
George Boyd,-,Scotland,3
Andy Carroll,-,England,3
James Collins,-,Wales,3
Philippe Coutinho,-,Brazil,3
Fabio,-,Brazil,3
Matteo Darmian,-,Italy,3
Steven Davis,-,Northern Ireland,3
Michael Dawson,-,England,3
Kevin De Bruyne,Manchester City,Belgium,3
Jon Flanagan,-,England,3
Timothy Fosu-Mensah,-,Netherlands,3
Aleix García,-,Spain,3
Kieran Gibbs,-,England,3
Lewis Grabban,-,England,3
Kamil Grosicki,Hull City,Poland,3
George Honeyman,-,England,3
Giannelli Imbula,-,The Democratic Republic Of Congo,3
Erik Lamela,Tottenham Hotspur,Argentina,3
Riyad Mahrez,-,Algeria,3
Cuco Martina,-,Curacao,3
Marc Muniesa,-,Spain,3
Álvaro Negredo,-,Spain,3
Allan-Roméo Nyom,-,Cameroon,3
Aiden O'Neill,-,Australia,3
Jérémy Pied,-,France,3
Jack Rodwell,-,England,3
Marcos Rojo,-,Argentina,3
Wayne Routledge,Swansea City,England,3
Bacary Sagna,-,France,3
David Silva,Manchester City,Spain,3
Junior Stanislas,AFC Bournemouth,England,3
Dusan Tadic,-,Serbia,3
John Terry,-,England,3
Yaya Touré,-,Cote D'Ivoire,3
Duncan Watmore,Sunderland,England,3
Ashley Westwood,Burnley,England,3
Georginio Wijnaldum,Liverpool,Netherlands,3
Simone Zaza,-,Italy,3
Joe Allen,Stoke City,Wales,2
Dele Alli,Tottenham Hotspur,England,2
Jordi Amat,-,Spain,2
Álvaro Arbeloa,-,Spain,2
Harry Arter,-,Ireland,2
Joey Barton,-,England,2
Yannick Bolasie,-,The Democratic Republic Of Congo,2
Tom Carroll,-,England,2
Craig Cathcart,Watford,Northern Ireland,2
Adam Clayton,Middlesbrough,England,2
Lewis Cook,AFC Bournemouth,England,2
Aaron Cresswell,West Ham United,England,2
Gabriel Jesus,Manchester City,Brazil,2
Jason Denayer,-,Belgium,2
Eric Dier,Tottenham Hotspur,England,2
Daniel Drinkwater,-,England,2
Ovie Ejaria,-,England,2
Jay Fulton,-,Scotland,2
Mason Holgate,-,England,2
Phil Jagielka,-,England,2
Glen Johnson,-,England,2
Billy Jones,-,England,2
Lukas Jutkiewicz,-,England,2
Jan Kirchhoff,-,Germany,2
Aleksandar Kolarov,-,Serbia,2
Jeremain Lens,-,Netherlands,2
Jake Livermore,West Bromwich Albion,England,2
Arthur Masuaku,West Ham United,The Democratic Republic Of Congo,2
Joel Matip,Liverpool,Cameroon,2
Tyrone Mings,-,England,2
John O'Shea,-,Ireland,2
Costel Pantilimon,-,Romania,2
Dion Pereira,-,England,2
Harrison Reed,-,England,2
Andrew Robertson,-,Scotland,2
Diafra Sakho,-,Senegal,2
Alexis Sánchez,-,Chile,2
Luke Shaw,Manchester United,England,2
Adam Smith,AFC Bournemouth,England,2
Brad Smith,-,Australia,2
Jack Stephens,Southampton,England,2
Gökhan Töre,-,Turkey,2
Jamie Vardy,Leicester City,England,2
Kyle Walker,-,England,2
Albert Adomah,-,Ghana,1
Marcos Alonso,Chelsea,Spain,1
Ikechi Anya,-,Scotland,1
Joel Asoro,-,Sweden,1
Eric Bailly,Manchester United,Cote D'Ivoire,1
Roberto Firmino,Liverpool,Brazil,1
Phil Bardsley,-,Scotland,1
Valon Behrami,-,Switzerland,1
Jonathan Benteke,-,Belgium,1
Wilfried Bony,-,Cote D'Ivoire,1
Willy Caballero,-,Argentina,1
Gary Cahill,-,England,1
Geoff Cameron,-,United States,1
Baily Cargill,-,England,1
Santi Cazorla,-,Spain,1
Gaël Clichy,-,France,1
Sam Clucas,-,England,1
Curtis Davies,-,England,1
Marten de Roon,-,Netherlands,1
Papy Djilobodji,Sunderland,Senegal,1
Omar Elabdellaoui,Hull City,Norway,1
Andrew Eleftheriou,-,England,1
Bernardo Espinosa,Middlesbrough,Colombia,1
Jonny Evans,-,Northern Ireland,1
Darren Fletcher,-,Scotland,1
Michael Folivi,-,England,1
Christian Fuchs,Leicester City,Austria,1
Manolo Gabbiadini,-,Italy,1
Angel Gomes,-,England,1
Idrissa Gueye,-,Senegal,1
Ilkay Gündogan,-,Germany,1
Jeff Hendrick,Burnley,Ireland,1
Luis Hernández,-,Spain,1
Zlatan Ibrahimovic,-,Sweden,1
Matty James,Leicester City,England,1
Sullay Kaikai,-,England,1
Harry Kane,Tottenham Hotspur,England,1
Will Keane,-,England,1
Jonjoe Kenny,-,England,1
Stephen Kingsley,-,Scotland,1
Vincent Kompany,-,Belgium,1
Lamine Koné,Sunderland,Cote D'Ivoire,1
Rickie Lambert,-,England,1
Joleon Lescott,Sunderland,England,1
Filip Lesniak,-,Slovakia,1
Fernandinho,Manchester City,Brazil,1
Romelu Lukaku,-,Belgium,1
Ainsley Maitland-Niles,Arsenal,England,1
Sadio Mané,Liverpool,Senegal,1
Adrian Mariappa,Watford,Jamaica,1
Brandon Mason,-,England,1
Scott McTominay,Manchester United,Scotland,1
Per Mertesacker,-,Germany,1
Nacho Monreal,-,Spain,1
Samir Nasri,-,France,1
M'Baye Niang,-,Senegal,1
Mark Noble,West Ham United,England,1
Kenedy,-,Brazil,1
Pedro Obiang,-,Equatorial Guinea,1
Martin Olsson,Swansea City,Sweden,1
David Ospina,-,Colombia,1
Nicolás Otamendi,Manchester City,Argentina,1
Mesut Özil,Arsenal,Germany,1
Dimitri Payet,-,France,1
Matthew Pennington,-,England,1
Roberto Pereyra,Watford,Argentina,1
Matt Phillips,West Bromwich Albion,Scotland,1
Erik Pieters,-,Netherlands,1
Paul Pogba,Manchester United,France,1
Ron-Robert Zieler,-,Germany,1