Sergio Agüero,Manchester City,Argentina,139
Christian Eriksen,Tottenham Hotspur,Denmark,133
Alexis Sánchez,-,Chile,129
Gylfi Sigurdsson,-,Iceland,116
Zlatan Ibrahimovic,-,Sweden,115
Diego Costa,-,Spain,111
Harry Kane,Tottenham Hotspur,England,110
Romelu Lukaku,-,Belgium,110
Philippe Coutinho,-,Brazil,106
Christian Benteke,Crystal Palace,Belgium,105
Roberto Firmino,Liverpool,Brazil,100
Jermain Defoe,-,England,99
Dele Alli,Tottenham Hotspur,England,94
Salomón Rondón,-,Venezuela,94
Paul Pogba,Manchester United,France,92
Ross Barkley,-,England,89
Kevin De Bruyne,Manchester City,Belgium,86
Nathan Redmond,-,England,83
Son Heung-Min,Tottenham Hotspur,South Korea,80
Michail Antonio,-,England,77
Eden Hazard,-,Belgium,77
Riyad Mahrez,-,Algeria,76
Manuel Lanzini,West Ham United,Argentina,69
Álvaro Negredo,-,Spain,69
Joshua King,AFC Bournemouth,Norway,67
Raheem Sterling,Manchester City,England,64
Dusan Tadic,-,Serbia,63
Theo Walcott,-,England,62
Kevin Mirallas,-,Belgium,61
Marko Arnautovic,-,Austria,60
Georginio Wijnaldum,Liverpool,Netherlands,60
Pedro,Chelsea,Spain,59
Sadio Mané,Liverpool,Senegal,57
Sam Vokes,-,Wales,57
Andros Townsend,Crystal Palace,England,56
Dimitri Payet,-,France,55
Harry Arter,-,Ireland,54
Jamie Vardy,Leicester City,England,53
Fernando Llorente,-,Spain,52
Wayne Rooney,-,England,52
Etienne Capoue,Watford,France,50
Adam Lallana,-,England,50
Robert Snodgrass,-,Scotland,50
Wilfried Zaha,Crystal Palace,Cote D'Ivoire,49
Xherdan Shaqiri,-,Switzerland,48
David Silva,Manchester City,Spain,48
Nacer Chadli,-,Belgium,47
Andre Gray,-,England,47
Matt Phillips,West Bromwich Albion,Scotland,47
Marcos Alonso,Chelsea,Spain,46
Ashley Barnes,Burnley,Austria,45
Emre Can,-,Germany,45
Victor Moses,-,Nigeria,45
Jason Puncheon,-,England,45
Scott Arfield,-,Canada,44
Willian,Chelsea,Brazil,44
Marcus Rashford,Manchester United,England,44
Sam Clucas,-,England,42
Troy Deeney,Watford,England,42
Anthony Martial,Manchester United,France,42
Aaron Ramsey,-,Wales,42
Junior Stanislas,AFC Bournemouth,England,42
James Ward-Prowse,Southampton,England,42
Shane Long,-,Ireland,41
Charlie Adam,-,Scotland,40
Joe Allen,Stoke City,Wales,40
Yohan Cabaye,-,France,40
Juan Mata,Manchester United,Spain,40
Mesut Özil,Arsenal,Germany,40
Daniel Sturridge,-,England,40
Victor Wanyama,Tottenham Hotspur,Kenya,40
Benik Afobe,-,The Democratic Republic Of Congo,39
Andy Carroll,-,England,39
Olivier Giroud,-,France,39
Abel Hernández,-,Uruguay,39
Alex Iwobi,-,Nigeria,39
Chris Brunt,West Bromwich Albion,Northern Ireland,38
Ander Herrera,-,Spain,38
Divock Origi,-,Belgium,38
Charlie Austin,-,England,37
Peter Crouch,-,England,37
Odion Ighalo,-,Nigeria,37
Jesse Lingard,Manchester United,England,37
Leroy Fer,-,Netherlands,36
Fernandinho,Manchester City,Brazil,36
James Milner,Liverpool,England,36
Islam Slimani,-,Algeria,35
André Ayew,-,Ghana,34
George Boyd,-,Scotland,34
Harry Maguire,-,England,34
Patrick van Aanholt,Crystal Palace,Netherlands,34
Granit Xhaka,Arsenal,Switzerland,34
Fabio Borini,-,Italy,33
Jake Livermore,West Bromwich Albion,England,33
Henrikh Mkhitaryan,-,Armenia,33
Jay Rodriguez,-,England,33
Leroy Sané,Manchester City,Germany,33
Nolito,-,Spain,32
Aleksandar Kolarov,-,Serbia,32
M'Baye Niang,-,Senegal,32
Gastón Ramírez,-,Uruguay,32
Yaya Touré,-,Cote D'Ivoire,32
Steven Davis,-,Northern Ireland,31
Daniel Drinkwater,-,England,31
Jeff Hendrick,Burnley,Ireland,31
David Luiz,-,Brazil,31
Wilfred Ndidi,Leicester City,Nigeria,31
Enner Valencia,-,Ecuador,31
Callum Wilson,AFC Bournemouth,England,31
Victor Anichebe,Sunderland,Nigeria,30
Vincent Janssen,-,Netherlands,30
Nordin Amrabat,-,Morocco,29
Steve Cook,AFC Bournemouth,England,29
Marten de Roon,-,Netherlands,29
Stewart Downing,-,England,29
Manolo Gabbiadini,-,Italy,29
Shinji Okazaki,-,Japan,29
Toby Alderweireld,Tottenham Hotspur,Belgium,28
Adam Forshaw,-,England,28
José Holebas,Watford,Greece,28
Pierre-Emile Højbjerg,-,Denmark,28
Alex Oxlade-Chamberlain,-,England,28
Oriol Romeu,-,Spain,28
Yannick Bolasie,-,The Democratic Republic Of Congo,27
Demarai Gray,-,England,27
N'Golo Kanté,Chelsea,France,27
Stefano Okaka,-,Italy,27
Jack Wilshere,-,England,27
Nathaniel Clyne,-,England,26
Cesc Fàbregas,-,Spain,26
Robert Huth,-,Germany,26
Daryl Janmaat,Watford,Netherlands,26
Adnan Januzaj,-,Belgium,26
Joel Matip,Liverpool,Cameroon,26
Oumar Niasse,-,Senegal,26
Adam Smith,AFC Bournemouth,England,26
Sofiane Boufal,-,Morocco,25
Idrissa Gueye,-,Senegal,25
Mark Noble,West Ham United,England,25
Jonathan Walters,-,Ireland,25
Gary Cahill,-,England,24
Gabriel Jesus,Manchester City,Brazil,24
Ryan Fraser,AFC Bournemouth,Scotland,24
Kamil Grosicki,Hull City,Poland,24
Shkodran Mustafi,Arsenal,Germany,24
Eric Dier,Tottenham Hotspur,England,23
Adama Diomande,-,Norway,23
Marouane Fellaini,-,Belgium,23
Michael Keane,-,England,23
Wahbi Khazri,-,Tunisia,23
James McArthur,Crystal Palace,Scotland,23
James McClean,-,Ireland,23
James Morrison,West Bromwich Albion,Scotland,23
Danny Rose,Tottenham Hotspur,England,23
Héctor Bellerín,Arsenal,Spain,22
Abdoulaye Doucouré,Watford,France,22
Kelechi Iheanacho,-,Nigeria,22
Alfie Mawson,-,England,22
Sebastian Prödl,Watford,Austria,22
Marc Albrighton,Leicester City,England,21
Wilfried Bony,-,Cote D'Ivoire,21
Scott Dann,-,England,21
Craig Dawson,-,England,21
Christian Fuchs,Leicester City,Austria,21
Tom Huddlestone,-,England,21
Cheikhou Kouyaté,-,Senegal,21
Cristhian Stuani,Middlesbrough,Uruguay,21
Cédric Soares,-,Portugal,20
Mame Biram Diouf,Stoke City,Senegal,20
Sofiane Feghouli,-,Algeria,20
Edimilson Fernandes,-,Switzerland,20
Darren Fletcher,-,Scotland,20
Nemanja Matic,-,Serbia,20
Kyle Naughton,-,England,20
Ryan Shawcross,Stoke City,England,20
Saido Berahino,-,Burundi,19
Ryan Bertrand,-,England,19
Robbie Brady,Burnley,Ireland,19
Charlie Daniels,AFC Bournemouth,England,19
Jack Rodwell,-,England,19
Wayne Routledge,Swansea City,England,19
Kyle Walker,-,England,19
Danny Welbeck,-,England,19
César Azpilicueta,Chelsea,Spain,18
Miguel Britos,-,Uruguay,18
Séamus Coleman,-,Ireland,18
Jack Cork,-,England,18
Erik Lamela,Tottenham Hotspur,Argentina,18
Bruno Martins Indi,-,Netherlands,18
Marc Pugh,-,England,18
Gareth Barry,-,England,17
Michy Batshuayi,-,Belgium,17
Johann Gudmundsson,Burnley,Iceland,17
José Fonte,-,Portugal,17
Jordan Henderson,Liverpool,England,17
Lamine Koné,Sunderland,Cote D'Ivoire,17
Ryan Mason,Hull City,England,17
Ahmed Musa,-,Nigeria,17
Moussa Sissoko,Tottenham Hotspur,France,17
Virgil van Dijk,-,Netherlands,17
Jonathan Calleri,-,Argentina,16
Rudy Gestede,Middlesbrough,Benin,16
Dan Gosling,AFC Bournemouth,England,16
Ilkay Gündogan,-,Germany,16
Sebastian Larsson,-,Sweden,16
Ademola Lookman,-,England,16
Gareth McAuley,-,Northern Ireland,16
Ben Mee,Burnley,England,16
Didier Ndong,Sunderland,Gabon,16
Hal Robson-Kanu,West Bromwich Albion,Wales,16
Duncan Watmore,Sunderland,England,16
Simone Zaza,-,Italy,16
Leighton Baines,Everton,England,15
Modou Barrow,-,Gambia,15
Mousa Dembélé,-,Belgium,15
Mohamed Elneny,-,Egypt,15
Federico Fernández,-,Argentina,15
George Friend,Middlesbrough,England,15
Ben Gibson,-,England,15
Borja Bastón,-,Spain,15
Adlène Guédioura,-,Algeria,15
Jordon Ibe,AFC Bournemouth,England,15
Billy Jones,-,England,15
Dejan Lovren,-,Croatia,15
Nicolás Otamendi,Manchester City,Argentina,15
Ashley Williams,-,Wales,15
Maya Yoshida,-,Japan,15
Daniel Amartey,-,Ghana,14
Francis Coquelin,-,France,14
Tom Davies,Everton,England,14
Phil Jagielka,-,England,14
Andy King,-,Wales,14
Dieudonne Mbokani Bezua,Hull City,The Democratic Republic Of Congo,14
Luka Milivojevic,Crystal Palace,Serbia,14
Wes Morgan,Leicester City,Jamaica,14
Marcos Rojo,-,Argentina,14
Isaac Success,-,Nigeria,14
James Tomkins,Crystal Palace,England,14
Jan Vertonghen,Tottenham Hotspur,Belgium,14
Joel Ward,-,England,14
Ben Davies,Tottenham Hotspur,Wales,13
Grant Leadbitter,-,England,13
John Stones,Manchester City,England,13
Jordan Ayew,-,Ghana,12
Joey Barton,-,England,12
Jordy Clasie,-,Netherlands,12
Michael Dawson,-,England,12
Oscar,-,Brazil,12
Viktor Fischer,-,Denmark,12
Ramiro Funes Mori,-,Argentina,12
Younes Kaboul,-,France,12
Lazar Markovic,-,Serbia,12
Dean Marney,-,England,12
Nacho Monreal,-,Spain,12
Phil Bardsley,-,Scotland,11
Geoff Cameron,-,United States,11
Adam Clayton,Middlesbrough,England,11
James Collins,-,Wales,11
Aaron Cresswell,West Ham United,England,11
Winston Reid,West Ham United,New Zealand,11
Adama Traoré,-,Spain,11
Leonardo Ulloa,-,Argentina,11
Daniel Ayala,Middlesbrough,Spain,10
Tom Cleverley,-,England,10
Curtis Davies,-,England,10
Bojan,-,Spain,10
Lys Mousset,-,France,10
Alfred N'Diaye,Hull City,Senegal,10
Connor Wickham,Crystal Palace,England,10
Daley Blind,-,Netherlands,9
Tom Carroll,-,England,9
Gabriel Paulista,-,Brazil,9
Ahmed El Mohamady,-,Egypt,9
Jonny Evans,-,Northern Ireland,9
Ashley Fletcher,-,England,9
Giannelli Imbula,-,The Democratic Republic Of Congo,9
Ki Sung-yueng,-,South Korea,9
Vincent Kompany,-,Belgium,9
Laurent Koscielny,-,France,9
Pedro Obiang,-,Equatorial Guinea,9
Martin Olsson,Swansea City,Sweden,9
Roberto Pereyra,Watford,Argentina,9
Lucas Pérez,-,Spain,9
Erik Pieters,-,Netherlands,9
Antonio Valencia,-,Ecuador,9
Claudio Yacob,-,Argentina,9
Sam Byram,-,England,8
Michael Carrick,-,England,8
Santi Cazorla,-,Spain,8
Calum Chambers,Middlesbrough,England,8
Steven Defour,-,Belgium,8
Papy Djilobodji,Sunderland,Senegal,8
Glen Johnson,-,England,8
Lucas Leiva,-,Brazil,8
David Meyler,-,Ireland,8
Jesús Navas,-,Spain,8
Andrea Ranocchia,Hull City,Italy,8
Morgan Schneiderlin,Everton,France,8
Andrew Surman,AFC Bournemouth,England,8
John Terry,-,England,8
Mauro Zárate,-,Argentina,8
Nathan Aké,-,Netherlands,7
Jordi Amat,-,Spain,7
Patrick Bamford,-,England,7
Dominic Calvert-Lewin,Everton,England,7
Ben Chilwell,Leicester City,England,7
Gerard Deulofeu,-,Spain,7
Simon Francis,AFC Bournemouth,England,7
Branislav Ivanovic,-,Serbia,7
Christian Kabasele,Watford,Belgium,7
Håvard Nordtveit,-,Norway,7
Andrew Robertson,-,Scotland,7
Chris Smalling,-,England,7
Stephen Ward,-,Ireland,7
Pablo Zabaleta,-,Argentina,7
Ibrahim Afellay,-,Netherlands,6
Eric Bailly,Manchester United,Cote D'Ivoire,6
Valon Behrami,-,Switzerland,6
Fabian Delph,-,England,6
Jason Denayer,-,Belgium,6
Darron Gibson,-,Ireland,6
Mason Holgate,-,England,6
Matthew Lowton,-,England,6
James McCarthy,-,Ireland,6
Marc Muniesa,-,Spain,6
Allan-Roméo Nyom,-,Cameroon,6
Loïc Rémy,-,France,6
Jordan Rhodes,-,Scotland,6
Luke Shaw,Manchester United,England,6
Glenn Whelan,-,Ireland,6
Harry Winks,Tottenham Hotspur,England,6
Juan Camilo Zuñiga,-,Colombia,6
Lewis Cook,AFC Bournemouth,England,5
Fabio,-,Brazil,5
Damien Delaney,-,Ireland,5
Kieran Gibbs,-,England,5
Max-Alain Gradel,-,Cote D'Ivoire,5
Rob Holding,Arsenal,England,5
Aaron Lennon,-,England,5
Angel Rangel,-,Spain,5
Josh Sims,-,England,5
James Tarkowski,Burnley,England,5
Gökhan Töre,-,Turkey,5
Ashley Young,Manchester United,England,5
Albert Adomah,-,Ghana,4
Yohan Benalouane,-,Tunisia,4
Fraizer Campbell,-,England,4
Lee Cattermole,Sunderland,England,4
Marko Grujic,-,Serbia,4
Will Keane,-,England,4
Stephen Kingsley,-,Scotland,4
Ragnar Klavan,-,Estonia,4
Chung-Yong Lee,-,South Korea,4
Arthur Masuaku,West Ham United,The Democratic Republic Of Congo,4
Jefferson Montero,-,Ecuador,4
Steven Pienaar,Sunderland,South Africa,4
Bacary Sagna,-,France,4
Bakary Sako,-,Mali,4
Ramadan Sobhi,-,Egypt,4
Jack Stephens,Southampton,England,4
Neil Taylor,-,Wales,4
Mike van der Hoorn,Swansea City,Netherlands,4
Trent Alexander-Arnold,Liverpool,England,3
Antonio Barragán,-,Spain,3
Jarrod Bowen,Hull City,England,3
Craig Cathcart,Watford,Northern Ireland,3
Nathan Dyer,Swansea City,England,3
Jay Fulton,-,Scotland,3
Evandro,Hull City,Brazil,3
Lynden Gooch,-,United States,3
Markus Henriksen,Hull City,Norway,3
Phil Jones,Manchester United,England,3
Martin Kelly,Crystal Palace,England,3
Jan Kirchhoff,-,Germany,3
Arouna Koné,-,Cote D'Ivoire,3
Joe Ledley,-,Wales,3
Jeremain Lens,-,Netherlands,3
Shaun Maloney,Hull City,Scotland,3
Javier Manquillo,-,Spain,3
Alberto Moreno,-,Spain,3
Samir Nasri,-,France,3
Kenedy,-,Brazil,3
John O'Shea,-,Ireland,3
Angelo Ogbonna,West Ham United,Italy,3
Jonas Olsson,-,Sweden,3
Bryan Oviedo,-,Costa Rica,3
Jérémy Pied,-,France,3
Diafra Sakho,-,Senegal,3
Jeffrey Schlupp,-,Ghana,3
Kieran Trippier,-,England,3
Daniel Agyei,-,England,2
Gaël Clichy,-,France,2
Matteo Darmian,-,Italy,2
Bernardo Espinosa,Middlesbrough,Colombia,2
Brendan Galloway,-,England,2
Craig Gardner,-,England,2
Josh Harrop,-,England,2
George Honeyman,-,England,2
Rickie Lambert,-,England,2
Donald Love,-,Scotland,2
Adrian Mariappa,Watford,Jamaica,2
Oliver McBurnie,-,Scotland,2
Luciano Narsingh,-,Netherlands,2
Julien Ngoy,-,Belgium,2
Georges-Kévin Nkoudou,-,France,2
Nsue,-,Equatorial Guinea,2
Fernando,-,Brazil,2
Mamadou Sakho,-,France,2
Danny Simpson,-,England,2
Brad Smith,-,Australia,2
Pape Souaré,-,Senegal,2
Matt Targett,-,England,2
Axel Tuanzebe,-,England,2
Ashley Westwood,Burnley,England,2
Ben Woodburn,-,Wales,2
Ola Aina,-,Nigeria,1
Álvaro Arbeloa,-,Spain,1
Jonathan Benteke,-,Belgium,1
Martín Cáceres,-,Uruguay,1
Nathaniel Chalobah,-,England,1
Sam Field,-,England,1
Mathieu Flamini,-,France,1
Ben Foster,-,England,1
Timothy Fosu-Mensah,-,Netherlands,1
Lewis Grabban,-,England,1
Michael Kightly,-,England,1
Ruben Loftus-Cheek,-,England,1
Kevin Long,-,Ireland,1
Cuco Martina,-,Curacao,1
Patrick McNair,-,Northern Ireland,1
Sam McQueen,-,England,1
Scott McTominay,Manchester United,Scotland,1
Tyrone Mings,-,England,1
Aiden O'Neill,-,Australia,1
Josh Onomah,-,England,1
Matthew Pennington,-,England,1
Jerome Sinclair,-,England,1
Marc Wilson,-,Ireland,1
Philipp Wollscheid,-,Germany,1
Kurt Zouma,-,France,1