Ben Mee,Burnley,England,46
Michael Keane,-,England,44
Steve Cook,AFC Bournemouth,England,39
Robert Huth,-,Germany,37
Curtis Davies,-,England,35
Michael Dawson,-,England,32
Sebastian Prödl,Watford,Austria,32
Ryan Shawcross,Stoke City,England,32
Ben Gibson,-,England,31
Gareth McAuley,-,Northern Ireland,31
Craig Dawson,-,England,29
Matthew Lowton,-,England,28
Harry Maguire,-,England,27
Alfie Mawson,-,England,27
Ashley Williams,-,Wales,27
Calum Chambers,Middlesbrough,England,26
Jake Livermore,West Bromwich Albion,England,25
Wes Morgan,Leicester City,Jamaica,25
Phil Jagielka,-,England,24
José Fonte,-,Portugal,23
Papy Djilobodji,Sunderland,Senegal,23
Winston Reid,West Ham United,New Zealand,23
Gareth Barry,-,England,22
Lamine Koné,Sunderland,Cote D'Ivoire,22
Laurent Koscielny,-,France,22
Toby Alderweireld,Tottenham Hotspur,Belgium,21
Adam Clayton,Middlesbrough,England,21
Damien Delaney,-,Ireland,21
Jan Vertonghen,Tottenham Hotspur,Belgium,21
Federico Fernández,-,Argentina,20
Bruno Martins Indi,-,Netherlands,20
Erik Pieters,-,Netherlands,20
Glenn Whelan,-,Ireland,20
Gary Cahill,-,England,19
Scott Dann,-,England,19
Jason Denayer,-,Belgium,19
Jonny Evans,-,Northern Ireland,19
Simon Francis,AFC Bournemouth,England,19
Jack Stephens,Southampton,England,19
Miguel Britos,-,Uruguay,18
James Collins,-,Wales,18
Claudio Yacob,-,Argentina,18
Séamus Coleman,-,Ireland,17
Eric Dier,Tottenham Hotspur,England,17
Martin Kelly,Crystal Palace,England,17
John O'Shea,-,Ireland,17
Eric Bailly,Manchester United,Cote D'Ivoire,16
Billy Jones,-,England,16
Phil Jones,Manchester United,England,16
Dejan Lovren,-,Croatia,16
Dean Marney,-,England,16
Stephen Ward,-,Ireland,16
Jordi Amat,-,Spain,15
Younes Kaboul,-,France,15
Kyle Naughton,-,England,15
Nicolás Otamendi,Manchester City,Argentina,15
Andrew Robertson,-,Scotland,15
Virgil van Dijk,-,Netherlands,15
Geoff Cameron,-,United States,14
Craig Cathcart,Watford,Northern Ireland,14
Charlie Daniels,AFC Bournemouth,England,14
David Luiz,-,Brazil,14
Angelo Ogbonna,West Ham United,Italy,14
John Stones,Manchester City,England,14
Maya Yoshida,-,Japan,14
Harry Arter,-,Ireland,13
Antonio Barragán,-,Spain,13
Christian Fuchs,Leicester City,Austria,13
Oriol Romeu,-,Spain,13
Adam Smith,AFC Bournemouth,England,13
James Tomkins,Crystal Palace,England,13
Valon Behrami,-,Switzerland,12
Daniel Drinkwater,-,England,12
Andy King,-,Wales,12
Joel Matip,Liverpool,Cameroon,12
Andrea Ranocchia,Hull City,Italy,12
Steven Davis,-,Northern Ireland,11
George Friend,Middlesbrough,England,11
Jeff Hendrick,Burnley,Ireland,11
Tom Huddlestone,-,England,11
Glen Johnson,-,England,11
Nacho Monreal,-,Spain,11
Danny Simpson,-,England,11
Joel Ward,-,England,11
Ryan Bertrand,-,England,10
José Holebas,Watford,Greece,10
Aleksandar Kolarov,-,Serbia,10
Daley Blind,-,Netherlands,9
Sam Clucas,-,England,9
Gabriel Paulista,-,Brazil,9
Marten de Roon,-,Netherlands,9
Idrissa Gueye,-,Senegal,9
Ragnar Klavan,-,Estonia,9
Sebastian Larsson,-,Sweden,9
Nemanja Matic,-,Serbia,9
Chris Smalling,-,England,9
Patrick van Aanholt,Crystal Palace,Netherlands,9
Victor Wanyama,Tottenham Hotspur,Kenya,9
Nathan Aké,-,Netherlands,8
César Azpilicueta,Chelsea,Spain,8
Ashley Barnes,Burnley,Austria,8
Michael Carrick,-,England,8
Francis Coquelin,-,France,8
Jack Cork,-,England,8
Ahmed El Mohamady,-,Egypt,8
Leroy Fer,-,Netherlands,8
Ramiro Funes Mori,-,Argentina,8
Didier Ndong,Sunderland,Gabon,8
Allan-Roméo Nyom,-,Cameroon,8
Jonas Olsson,-,Sweden,8
Jack Rodwell,-,England,8
Sam Vokes,-,Wales,8
Charlie Adam,-,Scotland,7
Cédric Soares,-,Portugal,7
Daniel Amartey,-,Ghana,7
Scott Arfield,-,Canada,7
Héctor Bellerín,Arsenal,Spain,7
George Boyd,-,Scotland,7
Etienne Capoue,Watford,France,7
Fabio,-,Brazil,7
Ben Davies,Tottenham Hotspur,Wales,7
Bernardo Espinosa,Middlesbrough,Colombia,7
Ander Herrera,-,Spain,7
Cheikhou Kouyaté,-,Senegal,7
Donald Love,-,Scotland,7
Victor Moses,-,Nigeria,7
Pedro Obiang,-,Equatorial Guinea,7
James Tarkowski,Burnley,England,7
Antonio Valencia,-,Ecuador,7
Mike van der Hoorn,Swansea City,Netherlands,7
Kyle Walker,-,England,7
Joe Allen,Stoke City,Wales,6
Daniel Ayala,Middlesbrough,Spain,6
Leighton Baines,Everton,England,6
Phil Bardsley,-,Scotland,6
Ross Barkley,-,England,6
Lee Cattermole,Sunderland,England,6
Tom Cleverley,-,England,6
Aaron Cresswell,West Ham United,England,6
Rob Holding,Arsenal,England,6
Joshua King,AFC Bournemouth,Norway,6
Adrian Mariappa,Watford,Jamaica,6
James McArthur,Crystal Palace,Scotland,6
Alfred N'Diaye,Hull City,Senegal,6
Mark Noble,West Ham United,England,6
Jason Puncheon,-,England,6
Marcos Rojo,-,Argentina,6
Jack Wilshere,-,England,6
Marcos Alonso,Chelsea,Spain,5
Yohan Benalouane,-,Tunisia,5
Leon Britton,Swansea City,England,5
Yohan Cabaye,-,France,5
Tom Davies,Everton,England,5
Mousa Dembélé,-,Belgium,5
Marouane Fellaini,-,Belgium,5
Mason Holgate,-,England,5
Pierre-Emile Højbjerg,-,Denmark,5
Fernandinho,Manchester City,Brazil,5
Javier Manquillo,-,Spain,5
Luka Milivojevic,Crystal Palace,Serbia,5
James Milner,Liverpool,England,5
Tyrone Mings,-,England,5
Marc Muniesa,-,Spain,5
Wilfred Ndidi,Leicester City,Nigeria,5
Bryan Oviedo,-,Costa Rica,5
Granit Xhaka,Arsenal,Switzerland,5
Johann Gudmundsson,Burnley,Iceland,4
Chris Brunt,West Bromwich Albion,Northern Ireland,4
Sam Byram,-,England,4
Peter Crouch,-,England,4
Troy Deeney,Watford,England,4
Steven Defour,-,Belgium,4
Abdoulaye Doucouré,Watford,France,4
Adam Forshaw,-,England,4
Jay Fulton,-,Scotland,4
Olivier Giroud,-,France,4
Dan Gosling,AFC Bournemouth,England,4
Alex Iwobi,-,Nigeria,4
N'Golo Kanté,Chelsea,France,4
Stephen Kingsley,-,Scotland,4
Lucas Leiva,-,Brazil,4
Fernando Llorente,-,Spain,4
Shane Long,-,Ireland,4
Kevin Long,-,Ireland,4
Romelu Lukaku,-,Belgium,4
Ryan Mason,Hull City,England,4
Sam McQueen,-,England,4
James Morrison,West Bromwich Albion,Scotland,4
Shkodran Mustafi,Arsenal,Germany,4
Håvard Nordtveit,-,Norway,4
Martin Olsson,Swansea City,Sweden,4
Steven Pienaar,Sunderland,South Africa,4
Paul Pogba,Manchester United,France,4
Jeffrey Schlupp,-,Ghana,4
Morgan Schneiderlin,Everton,France,4
David Silva,Manchester City,Spain,4
Junior Stanislas,AFC Bournemouth,England,4
Andrew Surman,AFC Bournemouth,England,4
Yaya Touré,-,Cote D'Ivoire,4
Jonathan Walters,-,Ireland,4
Ashley Westwood,Burnley,England,4
Nordin Amrabat,-,Morocco,3
Roberto Firmino,Liverpool,Brazil,3
Joey Barton,-,England,3
Emre Can,-,Germany,3
Tom Carroll,-,England,3
Nacer Chadli,-,Belgium,3
Ben Chilwell,Leicester City,England,3
Lewis Cook,AFC Bournemouth,England,3
Diego Costa,-,Spain,3
Mame Biram Diouf,Stoke City,Senegal,3
Jordan Henderson,Liverpool,England,3
Markus Henriksen,Hull City,Norway,3
Daryl Janmaat,Watford,Netherlands,3
Ki Sung-yueng,-,South Korea,3
Vincent Kompany,-,Belgium,3
Joe Ledley,-,Wales,3
Joleon Lescott,Sunderland,England,3
James McCarthy,-,Ireland,3
James McClean,-,Ireland,3
Álvaro Negredo,-,Spain,3
Matt Phillips,West Bromwich Albion,Scotland,3
Aaron Ramsey,-,Wales,3
Angel Rangel,-,Spain,3
Nathan Redmond,-,England,3
Wayne Rooney,-,England,3
Danny Rose,Tottenham Hotspur,England,3
Bacary Sagna,-,France,3
Mamadou Sakho,-,France,3
Gylfi Sigurdsson,-,Iceland,3
Islam Slimani,-,Algeria,3
Cristhian Stuani,Middlesbrough,Uruguay,3
Neil Taylor,-,Wales,3
Andros Townsend,Crystal Palace,England,3
Kieran Trippier,-,England,3
Callum Wilson,AFC Bournemouth,England,3
Marc Wilson,-,Ireland,3
Benik Afobe,-,The Democratic Republic Of Congo,2
Marc Albrighton,Leicester City,England,2
Michail Antonio,-,England,2
Marko Arnautovic,-,Austria,2
Yannick Bolasie,-,The Democratic Republic Of Congo,2
Fabio Borini,-,Italy,2
Robbie Brady,Burnley,Ireland,2
Andy Carroll,-,England,2
Santi Cazorla,-,Spain,2
Jordy Clasie,-,Netherlands,2
Gaël Clichy,-,France,2
Nathaniel Clyne,-,England,2
Matteo Darmian,-,Italy,2
Jermain Defoe,-,England,2
Cesc Fàbregas,-,Spain,2
Edimilson Fernandes,-,Switzerland,2
Darren Fletcher,-,Scotland,2
Darron Gibson,-,Ireland,2
Jordon Ibe,AFC Bournemouth,England,2
Branislav Ivanovic,-,Serbia,2
Christian Kabasele,Watford,Belgium,2
Adam Lallana,-,England,2
Riyad Mahrez,-,Algeria,2
Dieudonne Mbokani Bezua,Hull City,The Democratic Republic Of Congo,2
Patrick McNair,-,Northern Ireland,2
Per Mertesacker,-,Germany,2
David Meyler,-,Ireland,2
Shinji Okazaki,-,Japan,2
Divock Origi,-,Belgium,2
Alex Oxlade-Chamberlain,-,England,2
Marc Pugh,-,England,2
Gastón Ramírez,-,Uruguay,2
Jordan Rhodes,-,Scotland,2
Salomón Rondón,-,Venezuela,2
Robert Snodgrass,-,Scotland,2
Pape Souaré,-,Senegal,2
Isaac Success,-,Nigeria,2
Dusan Tadic,-,Serbia,2
John Terry,-,England,2
Adama Traoré,-,Mali,2
James Ward-Prowse,Southampton,England,2
Duncan Watmore,Sunderland,England,2
Georginio Wijnaldum,Liverpool,Netherlands,2
Harry Winks,Tottenham Hotspur,England,2
Ashley Young,Manchester United,England,2
Sergio Agüero,Manchester City,Argentina,1
Trent Alexander-Arnold,Liverpool,England,1
Dele Alli,Tottenham Hotspur,England,1
Victor Anichebe,Sunderland,Nigeria,1
Álvaro Arbeloa,-,Spain,1
Charlie Austin,-,England,1
Christian Benteke,Crystal Palace,Belgium,1
Saido Berahino,-,Burundi,1
Wilfried Bony,-,Cote D'Ivoire,1
Sofiane Boufal,-,Morocco,1
Martín Cáceres,-,Uruguay,1
Dominic Calvert-Lewin,Everton,England,1
Kevin De Bruyne,Manchester City,Belgium,1
Fabian Delph,-,England,1
Adama Diomande,-,Norway,1
Oscar,-,Brazil,1
Omar Elabdellaoui,Hull City,Norway,1
Sofiane Feghouli,-,Algeria,1
Mathieu Flamini,-,France,1
Ryan Fraser,AFC Bournemouth,Scotland,1
Ezekiel Fryers,-,England,1
Brendan Galloway,-,England,1
Rudy Gestede,Middlesbrough,Benin,1
Borja Bastón,-,Spain,1
Andre Gray,-,England,1
Demarai Gray,-,England,1
Adlène Guédioura,-,Algeria,1
Zlatan Ibrahimovic,-,Sweden,1
Odion Ighalo,-,Nigeria,1
Adnan Januzaj,-,Belgium,1
Carl Jenkinson,-,England,1
Bojan,-,Spain,1
Manuel Lanzini,West Ham United,Argentina,1
Grant Leadbitter,-,England,1
Aaron Lennon,-,England,1
Jeremain Lens,-,Netherlands,1
Jesse Lingard,Manchester United,England,1
Shaun Maloney,Hull City,Scotland,1
Anthony Martial,Manchester United,France,1
Cuco Martina,-,Curacao,1
Arthur Masuaku,West Ham United,The Democratic Republic Of Congo,1
Scott McTominay,Manchester United,Scotland,1
Nampalys Mendy,-,France,1
Lys Mousset,-,France,1
Jordon Mutch,-,England,1
Jesús Navas,-,Spain,1
M'Baye Niang,-,Senegal,1
Nsue,-,Equatorial Guinea,1
Aiden O'Neill,-,Australia,1
Stefano Okaka,-,Italy,1
Mesut Özil,Arsenal,Germany,1
Matthew Pennington,-,England,1
Jérémy Pied,-,France,1
Jay Rodriguez,-,England,1
Pedro,Chelsea,Spain,1
Alexis Sánchez,-,Chile,1
Leroy Sané,Manchester City,Germany,1
Luke Shaw,Manchester United,England,1
Moussa Sissoko,Tottenham Hotspur,France,1
Brad Smith,-,Australia,1
Ramadan Sobhi,-,Egypt,1
Son Heung-Min,Tottenham Hotspur,South Korea,1
Raheem Sterling,Manchester City,England,1
Daniel Sturridge,-,England,1
Josh Tymon,-,England,1
Enner Valencia,-,Ecuador,1
Theo Walcott,-,England,1
Danny Welbeck,-,England,1
Connor Wickham,Crystal Palace,England,1
Kevin Wimmer,-,Austria,1
Philipp Wollscheid,-,Germany,1
Kurt Zouma,-,France,1
Ibrahim Afellay,-,Netherlands,0
Artur Boruc,AFC Bournemouth,Poland,0
Kieran Gibbs,-,England,0
Tom Heaton,-,England,0
Abel Hernández,-,Uruguay,0
Harry Kane,Tottenham Hotspur,England,0