Christian Eriksen,Tottenham Hotspur,Denmark,195
Gylfi Sigurdsson,-,Iceland,183
Mesut Özil,Arsenal,Germany,143
Kevin De Bruyne,Manchester City,Belgium,137
Robert Snodgrass,-,Scotland,111
Jason Puncheon,-,England,94
Philippe Coutinho,-,Brazil,92
James Milner,Liverpool,England,91
David Silva,Manchester City,Spain,87
Dimitri Payet,-,France,85
Kevin Mirallas,-,Belgium,84
Marc Albrighton,Leicester City,England,82
James Ward-Prowse,Southampton,England,77
Cesc Fàbregas,-,Spain,74
Xherdan Shaqiri,-,Switzerland,71
Chris Brunt,West Bromwich Albion,Northern Ireland,65
Dusan Tadic,-,Serbia,65
Ross Barkley,-,England,63
Willian,Chelsea,Brazil,62
Ryan Fraser,AFC Bournemouth,Scotland,59
Yohan Cabaye,-,France,58
José Holebas,Watford,Greece,56
Riyad Mahrez,-,Algeria,54
Wayne Rooney,-,England,50
Juan Mata,Manchester United,Spain,49
Jordan Henderson,Liverpool,England,48
Tom Cleverley,-,England,46
Eden Hazard,-,Belgium,46
Charlie Adam,-,Scotland,45
Scott Arfield,-,Canada,45
Daley Blind,-,Netherlands,45
Stewart Downing,-,England,44
Kamil Grosicki,Hull City,Poland,44
Manuel Lanzini,West Ham United,Argentina,44
Sebastian Larsson,-,Sweden,43
Adnan Januzaj,-,Belgium,41
Wahbi Khazri,-,Tunisia,41
Steven Defour,-,Belgium,38
Gastón Ramírez,-,Uruguay,38
Andros Townsend,Crystal Palace,England,38
Etienne Capoue,Watford,France,37
Demarai Gray,-,England,36
Matt Phillips,West Bromwich Albion,Scotland,34
Steven Davis,-,Northern Ireland,32
Junior Stanislas,AFC Bournemouth,England,30
Son Heung-Min,Tottenham Hotspur,South Korea,29
Joe Allen,Stoke City,Wales,28
Johann Gudmundsson,Burnley,Iceland,28
Robbie Brady,Burnley,Ireland,27
Santi Cazorla,-,Spain,26
Leroy Sané,Manchester City,Germany,26
Leighton Baines,Everton,England,25
Nacer Chadli,-,Belgium,25
Adam Forshaw,-,England,24
Henrikh Mkhitaryan,-,Armenia,24
Christian Fuchs,Leicester City,Austria,21
Pedro,Chelsea,Spain,21
Granit Xhaka,Arsenal,Switzerland,21
Marko Arnautovic,-,Austria,20
Erik Lamela,Tottenham Hotspur,Argentina,19
Marcus Rashford,Manchester United,England,19
Sam Clucas,-,England,18
Simon Francis,AFC Bournemouth,England,18
Jordon Ibe,AFC Bournemouth,England,18
Bojan,-,Spain,15
Alex Oxlade-Chamberlain,-,England,15
Patrick van Aanholt,Crystal Palace,Netherlands,15
Harry Arter,-,Ireland,14
Ben Davies,Tottenham Hotspur,Wales,14
Gareth Barry,-,England,13
Sofiane Feghouli,-,Algeria,13
Grant Leadbitter,-,England,13
Ryan Bertrand,-,England,12
Charlie Daniels,AFC Bournemouth,England,12
Viktor Fischer,-,Denmark,11
James McClean,-,Ireland,11
Roberto Pereyra,Watford,Argentina,11
Jack Wilshere,-,England,11
Nolito,-,Spain,10
Adlène Guédioura,-,Algeria,10
Victor Moses,-,Nigeria,10
Sofiane Boufal,-,Morocco,9
Craig Gardner,-,England,9
Andrew Robertson,-,Scotland,9
Gerard Deulofeu,-,Spain,8
Jesús Navas,-,Spain,8
Adam Smith,AFC Bournemouth,England,8
Glenn Whelan,-,Ireland,8
Ashley Young,Manchester United,England,8
Mohamed Elneny,-,Egypt,7
Evandro,Hull City,Brazil,7
Danny Rose,Tottenham Hotspur,England,7
Adam Clayton,Middlesbrough,England,6
Darron Gibson,-,Ireland,6
David Jones,-,England,6
Anthony Martial,Manchester United,France,6
Jefferson Montero,-,Ecuador,6
Marc Pugh,-,England,6
Alexis Sánchez,-,Chile,6
Roberto Firmino,Liverpool,Brazil,5
Darren Fletcher,-,Scotland,5
Max-Alain Gradel,-,Cote D'Ivoire,5
Adam Lallana,-,England,5
Bakary Sako,-,Mali,5
Raheem Sterling,Manchester City,England,5
Andrew Surman,AFC Bournemouth,England,5
Theo Walcott,-,England,5
Lynden Gooch,-,United States,4
Ilkay Gündogan,-,Germany,4
Michael Kightly,-,England,4
Joshua King,AFC Bournemouth,Norway,4
Jonathan Leko,-,England,4
Dele Alli,Tottenham Hotspur,England,3
Modou Barrow,-,Gambia,3
Oscar,-,Brazil,3
Sam Field,-,England,3
Josh Harrop,-,England,3
George Honeyman,-,England,3
Chung-Yong Lee,-,South Korea,3
Shaun Maloney,Hull City,Scotland,3
Ryan Mason,Hull City,England,3
Alberto Moreno,-,Spain,3
James Morrison,West Bromwich Albion,Scotland,3
Nathan Redmond,-,England,3
Wayne Routledge,Swansea City,England,3
Luke Shaw,Manchester United,England,3
Gökhan Töre,-,Turkey,3
Antonio Valencia,-,Ecuador,3
Benik Afobe,-,The Democratic Republic Of Congo,2
Fabio Borini,-,Italy,2
Diego Costa,-,Spain,2
Troy Deeney,Watford,England,2
Memphis Depay,-,Netherlands,2
Ander Herrera,-,Spain,2
Alex Iwobi,-,Nigeria,2
Aleksandar Kolarov,-,Serbia,2
Luka Milivojevic,Crystal Palace,Serbia,2
Ahmed Musa,-,Nigeria,2
M'Baye Niang,-,Senegal,2
Steven Pienaar,Sunderland,South Africa,2
Harry Winks,Tottenham Hotspur,England,2
Ben Woodburn,-,Wales,2
Albert Adomah,-,Ghana,1
Ibrahim Afellay,-,Netherlands,1
Yannick Bolasie,-,The Democratic Republic Of Congo,1
George Boyd,-,Scotland,1
Andy Carroll,-,England,1
Matteo Darmian,-,Italy,1
Daniel Drinkwater,-,England,1
Tom Huddlestone,-,England,1
Harry Kane,Tottenham Hotspur,England,1
Ki Sung-yueng,-,South Korea,1
Jeremain Lens,-,Netherlands,1
Jesse Lingard,Manchester United,England,1
Sadio Mané,Liverpool,Senegal,1
Lazar Markovic,-,Serbia,1
James McArthur,Crystal Palace,Scotland,1
Shkodran Mustafi,Arsenal,Germany,1
Didier Ndong,Sunderland,Gabon,1
Mark Noble,West Ham United,England,1
Kenedy,-,Brazil,1
Lucas Pérez,-,Spain,1
Paul Pogba,Manchester United,France,1
Jeffrey Schlupp,-,Ghana,1
Moussa Sissoko,Tottenham Hotspur,France,1
Brad Smith,-,Australia,1
Daniel Sturridge,-,England,1
Isaac Success,-,Nigeria,1
Yaya Touré,-,Cote D'Ivoire,1
Kieran Trippier,-,England,1
Jamie Vardy,Leicester City,England,1
Kyle Walker,-,England,1
Georginio Wijnaldum,Liverpool,Netherlands,1
Wilfried Zaha,Crystal Palace,Cote D'Ivoire,1
Mauro Zárate,-,Argentina,1
Marcos Alonso,Chelsea,Spain,0
Nordin Amrabat,-,Morocco,0
Joey Barton,-,England,0
Dominic Calvert-Lewin,Everton,England,0
James Collins,-,Wales,0