Christian Benteke,Crystal Palace,Belgium,81
Emre Can,-,Germany,70
Marten de Roon,-,Netherlands,66
Oriol Romeu,-,Spain,66
Victor Wanyama,Tottenham Hotspur,Kenya,66
Paul Pogba,Manchester United,France,62
Jason Puncheon,-,England,62
Erik Pieters,-,Netherlands,60
Joshua King,AFC Bournemouth,Norway,58
Wilfried Zaha,Crystal Palace,Cote D'Ivoire,55
Zlatan Ibrahimovic,-,Sweden,54
Ashley Barnes,Burnley,Austria,53
Craig Dawson,-,England,53
N'Golo Kanté,Chelsea,France,53
Adam Clayton,Middlesbrough,England,52
Roberto Firmino,Liverpool,Brazil,51
Etienne Capoue,Watford,France,51
Idrissa Gueye,-,Senegal,51
Fernando Llorente,-,Spain,51
Dele Alli,Tottenham Hotspur,England,50
Allan-Roméo Nyom,-,Cameroon,50
Ross Barkley,-,England,49
Alexis Sánchez,-,Chile,49
Gareth Barry,-,England,48
Leroy Fer,-,Netherlands,48
Fernandinho,Manchester City,Brazil,48
Nordin Amrabat,-,Morocco,47
Ander Herrera,-,Spain,47
Daniel Drinkwater,-,England,46
Robert Snodgrass,-,Scotland,46
Mousa Dembélé,-,Belgium,45
Robert Huth,-,Germany,45
Álvaro Negredo,-,Spain,45
Adam Smith,AFC Bournemouth,England,45
Cheikhou Kouyaté,-,Senegal,44
Sebastian Prödl,Watford,Austria,44
Diego Costa,-,Spain,43
Troy Deeney,Watford,England,43
Jeff Hendrick,Burnley,Ireland,43
José Holebas,Watford,Greece,43
Charlie Adam,-,Scotland,41
Marko Arnautovic,-,Austria,41
Marouane Fellaini,-,Belgium,41
James McArthur,Crystal Palace,Scotland,41
Salomón Rondón,-,Venezuela,41
Claudio Yacob,-,Argentina,39
James Milner,Liverpool,England,38
Nathan Redmond,-,England,38
Ashley Williams,-,Wales,38
Scott Arfield,-,Canada,37
Kevin De Bruyne,Manchester City,Belgium,37
Didier Ndong,Sunderland,Gabon,37
Joel Ward,-,England,37
Granit Xhaka,Arsenal,Switzerland,37
Miguel Britos,-,Uruguay,36
Gastón Ramírez,-,Uruguay,36
Raheem Sterling,Manchester City,England,36
Kyle Walker,-,England,36
Leighton Baines,Everton,England,35
Dean Marney,-,England,35
Shkodran Mustafi,Arsenal,Germany,35
Danny Simpson,-,England,35
Stephen Ward,-,Ireland,35
Harry Arter,-,Ireland,34
Gary Cahill,-,England,34
Aleksandar Kolarov,-,Serbia,34
Matthew Lowton,-,England,34
Alfred N'Diaye,Hull City,Senegal,34
Ryan Shawcross,Stoke City,England,34
Francis Coquelin,-,France,33
Adam Forshaw,-,England,33
Tom Huddlestone,-,England,33
Jake Livermore,West Bromwich Albion,England,33
Romelu Lukaku,-,Belgium,33
Nemanja Matic,-,Serbia,33
Nacho Monreal,-,Spain,33
Pedro,Chelsea,Spain,33
Antonio Valencia,-,Ecuador,33
Sadio Mané,Liverpool,Senegal,32
Michail Antonio,-,England,31
George Boyd,-,Scotland,31
Yohan Cabaye,-,France,31
Jonny Evans,-,Northern Ireland,31
Vincent Janssen,-,Netherlands,31
James McClean,-,Ireland,31
Winston Reid,West Ham United,New Zealand,31
Daniel Amartey,-,Ghana,30
Valon Behrami,-,Switzerland,30
Sebastian Larsson,-,Sweden,30
Stefano Okaka,-,Italy,30
Nicolás Otamendi,Manchester City,Argentina,30
Alex Oxlade-Chamberlain,-,England,30
Dusan Tadic,-,Serbia,30
Callum Wilson,AFC Bournemouth,England,30
Fabio,-,Brazil,29
Christian Fuchs,Leicester City,Austria,29
David Luiz,-,Brazil,29
David Silva,Manchester City,Spain,29
Eric Bailly,Manchester United,Cote D'Ivoire,28
Mame Biram Diouf,Stoke City,Senegal,28
George Friend,Middlesbrough,England,28
Jordan Henderson,Liverpool,England,28
Shane Long,-,Ireland,28
Victor Moses,-,Nigeria,28
Shinji Okazaki,-,Japan,28
Hal Robson-Kanu,West Bromwich Albion,Wales,28
Wayne Routledge,Swansea City,England,28
Joe Allen,Stoke City,Wales,27
Victor Anichebe,Sunderland,Nigeria,27
César Azpilicueta,Chelsea,Spain,27
Antonio Barragán,-,Spain,27
Fabio Borini,-,Italy,27
José Fonte,-,Portugal,27
Simon Francis,AFC Bournemouth,England,27
Gareth McAuley,-,Northern Ireland,27
Luka Milivojevic,Crystal Palace,Serbia,27
Kevin Mirallas,-,Belgium,27
Wilfred Ndidi,Leicester City,Nigeria,27
Mark Noble,West Ham United,England,27
Pedro Obiang,-,Equatorial Guinea,27
Islam Slimani,-,Algeria,27
James Ward-Prowse,Southampton,England,27
Jordi Amat,-,Spain,26
Peter Crouch,-,England,26
Damien Delaney,-,Ireland,26
Federico Fernández,-,Argentina,26
Adnan Januzaj,-,Belgium,26
Jesse Lingard,Manchester United,England,26
Anthony Martial,Manchester United,France,26
Danny Rose,Tottenham Hotspur,England,26
Yaya Touré,-,Cote D'Ivoire,26
Enner Valencia,-,Ecuador,26
Jamie Vardy,Leicester City,England,26
Marcos Alonso,Chelsea,Spain,25
Phil Bardsley,-,Scotland,25
Sofiane Boufal,-,Morocco,25
Jack Cork,-,England,25
Tom Davies,Everton,England,25
Dan Gosling,AFC Bournemouth,England,25
Billy Jones,-,England,25
Dejan Lovren,-,Croatia,25
Riyad Mahrez,-,Algeria,25
Bruno Martins Indi,-,Netherlands,25
Kyle Naughton,-,England,25
Ryan Bertrand,-,England,24
Yannick Bolasie,-,The Democratic Republic Of Congo,24
Andy Carroll,-,England,24
Jermain Defoe,-,England,24
Eric Dier,Tottenham Hotspur,England,24
Harry Maguire,-,England,24
M'Baye Niang,-,Senegal,24
Marcos Rojo,-,Argentina,24
Sam Vokes,-,Wales,24
Sergio Agüero,Manchester City,Argentina,23
Calum Chambers,Middlesbrough,England,23
Tom Cleverley,-,England,23
Papy Djilobodji,Sunderland,Senegal,23
Cesc Fàbregas,-,Spain,23
Harry Kane,Tottenham Hotspur,England,23
Ben Mee,Burnley,England,23
Jack Rodwell,-,England,23
Wayne Rooney,-,England,23
Cédric Soares,-,Portugal,22
Sam Clucas,-,England,22
Ahmed El Mohamady,-,Egypt,22
Darren Fletcher,-,Scotland,22
Divock Origi,-,Belgium,22
Georginio Wijnaldum,Liverpool,Netherlands,22
Benik Afobe,-,The Democratic Republic Of Congo,21
Marc Albrighton,Leicester City,England,21
Sam Byram,-,England,21
Olivier Giroud,-,France,21
Manuel Lanzini,West Ham United,Argentina,21
Morgan Schneiderlin,Everton,France,21
Moussa Sissoko,Tottenham Hotspur,France,21
Cristhian Stuani,Middlesbrough,Uruguay,21
Jan Vertonghen,Tottenham Hotspur,Belgium,21
Jack Wilshere,-,England,21
Joey Barton,-,England,20
Héctor Bellerín,Arsenal,Spain,20
Saido Berahino,-,Burundi,20
Gabriel Paulista,-,Brazil,20
Christian Eriksen,Tottenham Hotspur,Denmark,20
Adlène Guédioura,-,Algeria,20
Wahbi Khazri,-,Tunisia,20
Wes Morgan,Leicester City,Jamaica,20
Adama Traoré,-,Mali,20
Leonardo Ulloa,-,Argentina,20
Matteo Darmian,-,Italy,19
Adama Diomande,-,Norway,19
Ben Gibson,-,England,19
Eden Hazard,-,Belgium,19
Abel Hernández,-,Uruguay,19
Pierre-Emile Højbjerg,-,Denmark,19
Younes Kaboul,-,France,19
Martin Kelly,Crystal Palace,England,19
Vincent Kompany,-,Belgium,19
Laurent Koscielny,-,France,19
Henrikh Mkhitaryan,-,Armenia,19
James Morrison,West Bromwich Albion,Scotland,19
Nolito,-,Spain,18
Jordan Ayew,-,Ghana,18
Séamus Coleman,-,Ireland,18
Philippe Coutinho,-,Brazil,18
Steven Davis,-,Northern Ireland,18
Ryan Fraser,AFC Bournemouth,Scotland,18
Ki Sung-yueng,-,South Korea,18
Andy King,-,Wales,18
Lucas Leiva,-,Brazil,18
Andrew Robertson,-,Scotland,18
Gylfi Sigurdsson,-,Iceland,18
Andros Townsend,Crystal Palace,England,18
Virgil van Dijk,-,Netherlands,18
Glenn Whelan,-,Ireland,18
Maya Yoshida,-,Japan,18
Chris Brunt,West Bromwich Albion,Northern Ireland,17
Geoff Cameron,-,United States,17
Nacer Chadli,-,Belgium,17
Jason Denayer,-,Belgium,17
Bernardo Espinosa,Middlesbrough,Colombia,17
Andre Gray,-,England,17
Odion Ighalo,-,Nigeria,17
Daryl Janmaat,Watford,Netherlands,17
Adam Lallana,-,England,17
Lazar Markovic,-,Serbia,17
Oumar Niasse,-,Senegal,17
John O'Shea,-,Ireland,17
Andrew Surman,AFC Bournemouth,England,17
Steve Cook,AFC Bournemouth,England,16
Edimilson Fernandes,-,Switzerland,16
Arthur Masuaku,West Ham United,The Democratic Republic Of Congo,16
Steven Pienaar,Sunderland,South Africa,16
Marcus Rashford,Manchester United,England,16
Xherdan Shaqiri,-,Switzerland,16
Daniel Ayala,Middlesbrough,Spain,15
Modou Barrow,-,Gambia,15
Yohan Benalouane,-,Tunisia,15
Markus Henriksen,Hull City,Norway,15
Ragnar Klavan,-,Estonia,15
Aaron Ramsey,-,Wales,15
Jay Rodriguez,-,England,15
Jack Stephens,Southampton,England,15
Patrick van Aanholt,Crystal Palace,Netherlands,15
Charlie Austin,-,England,14
André Ayew,-,Ghana,14
Daley Blind,-,Netherlands,14
Lee Cattermole,Sunderland,England,14
Jordy Clasie,-,Netherlands,14
Nathaniel Clyne,-,England,14
Scott Dann,-,England,14
Steven Defour,-,Belgium,14
Evandro,Hull City,Brazil,14
Michael Keane,-,England,14
Lamine Koné,Sunderland,Cote D'Ivoire,14
Javier Manquillo,-,Spain,14
Joel Matip,Liverpool,Cameroon,14
Dieudonne Mbokani Bezua,Hull City,The Democratic Republic Of Congo,14
Bryan Oviedo,-,Costa Rica,14
Mesut Özil,Arsenal,Germany,14
Leroy Sané,Manchester City,Germany,14
Theo Walcott,-,England,14
Pablo Zabaleta,-,Argentina,14
Tom Carroll,-,England,13
Craig Cathcart,Watford,Northern Ireland,13
Ben Davies,Tottenham Hotspur,Wales,13
Michael Dawson,-,England,13
Phil Jagielka,-,England,13
Christian Kabasele,Watford,Belgium,13
Erik Lamela,Tottenham Hotspur,Argentina,13
Ahmed Musa,-,Nigeria,13
Angelo Ogbonna,West Ham United,Italy,13
Andrea Ranocchia,Hull City,Italy,13
Neil Taylor,-,Wales,13
Jonathan Walters,-,Ireland,13
Patrick Bamford,-,England,12
Willian,Chelsea,Brazil,12
Gaël Clichy,-,France,12
Charlie Daniels,AFC Bournemouth,England,12
Curtis Davies,-,England,12
Abdoulaye Doucouré,Watford,France,12
Darron Gibson,-,Ireland,12
Kamil Grosicki,Hull City,Poland,12
Mason Holgate,-,England,12
Glen Johnson,-,England,12
Jonas Olsson,-,Sweden,12
Martin Olsson,Swansea City,Sweden,12
Matt Phillips,West Bromwich Albion,Scotland,12
Isaac Success,-,Nigeria,12
Mike van der Hoorn,Swansea City,Netherlands,12
Connor Wickham,Crystal Palace,England,12
Wilfried Bony,-,Cote D'Ivoire,11
Aaron Cresswell,West Ham United,England,11
Gabriel Jesus,Manchester City,Brazil,11
Sofiane Feghouli,-,Algeria,11
Jay Fulton,-,Scotland,11
Kieran Gibbs,-,England,11
Håvard Nordtveit,-,Norway,11
Fernando,-,Brazil,11
Simone Zaza,-,Italy,11
Jonathan Calleri,-,Argentina,10
Stewart Downing,-,England,10
Mohamed Elneny,-,Egypt,10
Ramiro Funes Mori,-,Argentina,10
Demarai Gray,-,England,10
Rob Holding,Arsenal,England,10
Juan Mata,Manchester United,Spain,10
Alfie Mawson,-,England,10
James McCarthy,-,Ireland,10
Angel Rangel,-,Spain,10
Ramadan Sobhi,-,Egypt,10
James Tarkowski,Burnley,England,10
James Tomkins,Crystal Palace,England,10
Duncan Watmore,Sunderland,England,10
Harry Winks,Tottenham Hotspur,England,10
Toby Alderweireld,Tottenham Hotspur,Belgium,9
Michy Batshuayi,-,Belgium,9
Jon Flanagan,-,England,9
Ashley Fletcher,-,England,9
Lynden Gooch,-,United States,9
Phil Jones,Manchester United,England,9
Donald Love,-,Scotland,9
Ryan Mason,Hull City,England,9
David Meyler,-,Ireland,9
Marc Muniesa,-,Spain,9
Son Heung-Min,Tottenham Hotspur,South Korea,9
Ashley Young,Manchester United,England,9
Robbie Brady,Burnley,Ireland,8
Manolo Gabbiadini,-,Italy,8
Craig Gardner,-,England,8
Rudy Gestede,Middlesbrough,Benin,8
Kelechi Iheanacho,-,Nigeria,8
Branislav Ivanovic,-,Serbia,8
Jan Kirchhoff,-,Germany,8
Grant Leadbitter,-,England,8
Roberto Pereyra,Watford,Argentina,8
Chris Smalling,-,England,8
Junior Stanislas,AFC Bournemouth,England,8
John Stones,Manchester City,England,8
Kieran Trippier,-,England,8
Ashley Westwood,Burnley,England,8
Ben Chilwell,Leicester City,England,7
James Collins,-,Wales,7
Jordon Ibe,AFC Bournemouth,England,7
Alex Iwobi,-,Nigeria,7
Joe Ledley,-,Wales,7
Tyrone Mings,-,England,7
Dimitri Payet,-,France,7
Marc Pugh,-,England,7
Luke Shaw,Manchester United,England,7
Danny Welbeck,-,England,7
Leon Britton,Swansea City,England,6
Fabian Delph,-,England,6
Brendan Galloway,-,England,6
Lys Mousset,-,France,6
Jesús Navas,-,Spain,6
Axel Tuanzebe,-,England,6
Álvaro Arbeloa,-,Spain,5
Michael Carrick,-,England,5
Oscar,-,Brazil,5
Sam Field,-,England,5
Luis Hernández,-,Spain,5
Will Keane,-,England,5
Chung-Yong Lee,-,South Korea,5
Patrick McNair,-,Northern Ireland,5
Daniel Sturridge,-,England,5
John Terry,-,England,5
Marc Wilson,-,Ireland,5
Juan Camilo Zuñiga,-,Colombia,5
Nathan Aké,-,Netherlands,4
Johann Gudmundsson,Burnley,Iceland,4
Dominic Calvert-Lewin,Everton,England,4
Santi Cazorla,-,Spain,4
Nathan Dyer,Swansea City,England,4
Ezekiel Fryers,-,England,4
Max-Alain Gradel,-,Cote D'Ivoire,4
Josh Harrop,-,England,4
George Honeyman,-,England,4
Mile Jedinak,-,Australia,4
Bojan,-,Spain,4
Ademola Lookman,-,England,4
Adrian Mariappa,Watford,Jamaica,4
Cuco Martina,-,Curacao,4
Nampalys Mendy,-,France,4
Nsue,-,Equatorial Guinea,4
Jeffrey Schlupp,-,Ghana,4
Jerome Sinclair,-,England,4
Gökhan Töre,-,Turkey,4
Josh Tymon,-,England,4
Kevin Wimmer,-,Austria,4
Albert Adomah,-,Ghana,3
Ibrahim Afellay,-,Netherlands,3
Jarrod Bowen,Hull City,England,3
Petr Cech,-,Czech Republic,3
Timothy Fosu-Mensah,-,Netherlands,3
Borja Bastón,-,Spain,3
Giannelli Imbula,-,The Democratic Republic Of Congo,3
Stephen Kingsley,-,Scotland,3
Shaun Maloney,Hull City,Scotland,3
Brandon Mason,-,England,3
Sam McQueen,-,England,3
Luciano Narsingh,-,Netherlands,3
Jordan Rhodes,-,Scotland,3
Bacary Sagna,-,France,3
Diafra Sakho,-,Senegal,3
Fraizer Campbell,-,England,2
Nathaniel Chalobah,-,England,2
Lewis Cook,AFC Bournemouth,England,2
Gerard Deulofeu,-,Spain,2
Omar Elabdellaoui,Hull City,Norway,2
Marko Grujic,-,Serbia,2
Ilkay Gündogan,-,Germany,2
Michael Kightly,-,England,2
Joleon Lescott,Sunderland,England,2
Ruben Loftus-Cheek,-,England,2
Scott McTominay,Manchester United,Scotland,2
Alberto Moreno,-,Spain,2
Georges-Kévin Nkoudou,-,France,2
David Nugent,-,England,2
Kenedy,-,Brazil,2
Lucas Pérez,-,Spain,2
Loïc Rémy,-,France,2
Bakary Sako,-,Mali,2
Josh Sims,-,England,2
Brad Smith,-,Australia,2
Ben Watson,-,England,2
Ben Woodburn,-,Wales,2
Kurt Zouma,-,France,2
Daniel Agyei,-,England,1
Trent Alexander-Arnold,Liverpool,England,1
Thibaut Courtois,-,Belgium,1
Heurelho Gomes,-,Brazil,1
Memphis Depay,-,Netherlands,1
Lukasz Fabianski,-,Poland,1
Viktor Fischer,-,Denmark,1
Mathieu Flamini,-,France,1
Michael Folivi,-,England,1
Brad Guzan,-,United States,1
Carl Jenkinson,-,England,1
David Jones,-,England,1
Lukas Jutkiewicz,-,England,1
Jonjoe Kenny,-,England,1
Rickie Lambert,-,England,1
Aaron Lennon,-,England,1
Jeremain Lens,-,Netherlands,1
Filip Lesniak,-,Slovakia,1
Kevin Long,-,Ireland,1
Emiliano Martínez,-,Argentina,1
Oliver McBurnie,-,Scotland,1
Jefferson Montero,-,Ecuador,1
Aiden O'Neill,-,Australia,1
Matthew Pennington,-,England,1
Jérémy Pied,-,France,1
Harrison Reed,-,England,1
Joel Robles,-,Spain,1
Mamadou Sakho,-,France,1
Pape Souaré,-,Senegal,1
Kevin Stewart,-,England,1
Matt Targett,-,England,1
Philipp Wollscheid,-,Germany,1
Mauro Zárate,-,Argentina,1