Philippe Coutinho,-,Brazil,3
Alexis Sánchez,-,Chile,2
Xherdan Shaqiri,-,Switzerland,2
Gylfi Sigurdsson,-,Iceland,2
Robert Snodgrass,-,Scotland,2
Marc Albrighton,Leicester City,England,1
Marcos Alonso,Chelsea,Spain,1
Ross Barkley,-,England,1
Joey Barton,-,England,1
Willian,Chelsea,Brazil,1
Robbie Brady,Burnley,Ireland,1
Chris Brunt,West Bromwich Albion,Northern Ireland,1
Kevin De Bruyne,Manchester City,Belgium,1
Andre Gray,-,England,1
Aleksandar Kolarov,-,Serbia,1
Manuel Lanzini,West Ham United,Argentina,1
David Luiz,-,Brazil,1
Romelu Lukaku,-,Belgium,1
Mark Noble,West Ham United,England,1
Dimitri Payet,-,France,1
Wayne Rooney,-,England,1