César Azpilicueta,Chelsea,Spain,"2,459"
Granit Xhaka,Arsenal,Switzerland,"2,298"
Fernandinho,Manchester City,Brazil,"2,180"
Paul Pogba,Manchester United,France,"2,178"
James Milner,Liverpool,England,"2,168"
N'Golo Kanté,Chelsea,France,"2,122"
Mesut Özil,Arsenal,Germany,"2,110"
Ander Herrera,-,Spain,"2,089"
David Silva,Manchester City,Spain,"2,075"
Oriol Romeu,-,Spain,"2,070"
Jordan Henderson,Liverpool,England,"2,057"
Jan Vertonghen,Tottenham Hotspur,Belgium,"2,051"
Harry Arter,-,Ireland,"2,004"
Dejan Lovren,-,Croatia,"2,001"
Eric Dier,Tottenham Hotspur,England,"1,981"
Christian Eriksen,Tottenham Hotspur,Denmark,"1,977"
Victor Wanyama,Tottenham Hotspur,Kenya,"1,971"
Nicolás Otamendi,Manchester City,Argentina,"1,945"
Idrissa Gueye,-,Senegal,"1,885"
Nemanja Matic,-,Serbia,"1,865"
Aleksandar Kolarov,-,Serbia,"1,859"
Gary Cahill,-,England,"1,849"
Kevin De Bruyne,Manchester City,Belgium,"1,801"
Yaya Touré,-,Cote D'Ivoire,"1,798"
Nathaniel Clyne,-,England,"1,795"
Nacho Monreal,-,Spain,"1,753"
Eden Hazard,-,Belgium,"1,750"
Daniel Drinkwater,-,England,"1,745"
Ashley Williams,-,Wales,"1,720"
Steve Cook,AFC Bournemouth,England,"1,716"
Steven Davis,-,Northern Ireland,"1,716"
Joel Matip,Liverpool,Cameroon,"1,699"
Ben Gibson,-,England,"1,682"
Laurent Koscielny,-,France,"1,667"
Emre Can,-,Germany,"1,659"
Simon Francis,AFC Bournemouth,England,"1,656"
Ross Barkley,-,England,"1,651"
Alexis Sánchez,-,Chile,"1,643"
Georginio Wijnaldum,Liverpool,Netherlands,"1,625"
Charlie Daniels,AFC Bournemouth,England,"1,616"
Jake Livermore,West Bromwich Albion,England,"1,605"
José Fonte,-,Portugal,"1,604"
Manuel Lanzini,West Ham United,Argentina,"1,581"
David Luiz,-,Brazil,"1,570"
Shkodran Mustafi,Arsenal,Germany,"1,564"
Roberto Firmino,Liverpool,Brazil,"1,543"
Sam Clucas,-,England,"1,537"
Toby Alderweireld,Tottenham Hotspur,Belgium,"1,522"
Etienne Capoue,Watford,France,"1,483"
Mousa Dembélé,-,Belgium,"1,479"
Jason Puncheon,-,England,"1,468"
John Stones,Manchester City,England,"1,464"
Kyle Walker,-,England,"1,464"
Gaël Clichy,-,France,"1,454"
Adam Smith,AFC Bournemouth,England,"1,452"
Adam Clayton,Middlesbrough,England,"1,450"
Mark Noble,West Ham United,England,"1,435"
Glenn Whelan,-,Ireland,"1,408"
Adam Lallana,-,England,"1,407"
Philippe Coutinho,-,Brazil,"1,402"
Héctor Bellerín,Arsenal,Spain,"1,392"
Kyle Naughton,-,England,"1,392"
Gareth Barry,-,England,"1,376"
Ahmed El Mohamady,-,Egypt,"1,371"
Antonio Valencia,-,Ecuador,"1,370"
Adam Forshaw,-,England,"1,353"
Erik Pieters,-,Netherlands,"1,331"
Dele Alli,Tottenham Hotspur,England,"1,328"
Cesc Fàbregas,-,Spain,"1,326"
Marten de Roon,-,Netherlands,"1,322"
Andrew Surman,AFC Bournemouth,England,"1,318"
Leighton Baines,Everton,England,"1,309"
Ryan Bertrand,-,England,"1,307"
Joel Ward,-,England,"1,300"
Christian Fuchs,Leicester City,Austria,"1,294"
Joe Allen,Stoke City,Wales,"1,286"
Jack Cork,-,England,"1,285"
Michael Carrick,-,England,"1,263"
Cédric Soares,-,Portugal,"1,256"
Marcos Alonso,Chelsea,Spain,"1,250"
Tom Huddlestone,-,England,"1,238"
Leroy Fer,-,Netherlands,"1,230"
Andrew Robertson,-,Scotland,"1,229"
Darren Fletcher,-,Scotland,"1,222"
Alfie Mawson,-,England,"1,218"
Phil Jagielka,-,England,"1,216"
Harry Maguire,-,England,"1,182"
Francis Coquelin,-,France,"1,180"
José Holebas,Watford,Greece,"1,158"
Ben Mee,Burnley,England,"1,146"
Nathan Redmond,-,England,"1,136"
Federico Fernández,-,Argentina,"1,133"
Stephen Ward,-,Ireland,"1,130"
Michael Keane,-,England,"1,128"
Tom Heaton,-,England,"1,127"
Maya Yoshida,-,Japan,"1,126"
Ben Foster,-,England,"1,119"
Calum Chambers,Middlesbrough,England,"1,116"
Bruno Martins Indi,-,Netherlands,"1,115"
Danny Simpson,-,England,"1,092"
Matthew Lowton,-,England,"1,084"
Cheikhou Kouyaté,-,Senegal,"1,071"
Sebastian Prödl,Watford,Austria,"1,070"
Jack Wilshere,-,England,"1,068"
Riyad Mahrez,-,Algeria,"1,065"
Dusan Tadic,-,Serbia,"1,061"
Hugo Lloris,-,France,"1,060"
Marouane Fellaini,-,Belgium,"1,057"
Ben Davies,Tottenham Hotspur,Wales,"1,052"
Zlatan Ibrahimovic,-,Sweden,"1,041"
Daley Blind,-,Netherlands,"1,040"
Gylfi Sigurdsson,-,Iceland,"1,038"
Diego Costa,-,Spain,"1,034"
Heurelho Gomes,-,Brazil,"1,034"
Raheem Sterling,Manchester City,England,"1,033"
Antonio Barragán,-,Spain,"1,027"
Miguel Britos,-,Uruguay,"1,025"
Sadio Mané,Liverpool,Senegal,"1,020"
Craig Dawson,-,England,"1,017"
Victor Moses,-,Nigeria,"1,010"
Didier Ndong,Sunderland,Gabon,"1,008"
Robert Snodgrass,-,Scotland,"1,008"
Jeff Hendrick,Burnley,Ireland,"1,006"
Pierre-Emile Højbjerg,-,Denmark,"1,001"
Patrick van Aanholt,Crystal Palace,Netherlands,"1,001"
Ryan Shawcross,Stoke City,England,996
Juan Mata,Manchester United,Spain,990
Yohan Cabaye,-,France,984
Winston Reid,West Ham United,New Zealand,983
Virgil van Dijk,-,Netherlands,980
James Ward-Prowse,Southampton,England,966
Romelu Lukaku,-,Belgium,965
Jordan Pickford,-,England,954
Marcos Rojo,-,Argentina,951
Pedro,Chelsea,Spain,947
Stewart Downing,-,England,943
Jonny Evans,-,Northern Ireland,942
Ragnar Klavan,-,Estonia,938
Claudio Yacob,-,Argentina,933
Lukasz Fabianski,-,Poland,928
Christian Benteke,Crystal Palace,Belgium,920
Séamus Coleman,-,Ireland,920
Aaron Ramsey,-,Wales,920
Pedro Obiang,-,Equatorial Guinea,911
Chris Brunt,West Bromwich Albion,Northern Ireland,910
Fernando Llorente,-,Spain,900
Alex Iwobi,-,Nigeria,896
Damien Delaney,-,Ireland,889
Artur Boruc,AFC Bournemouth,Poland,888
Kasper Schmeichel,Leicester City,Denmark,888
Víctor Valdés,Middlesbrough,Spain,888
Lucas Leiva,-,Brazil,887
Lee Grant,-,England,881
Eric Bailly,Manchester United,Cote D'Ivoire,876
Marc Albrighton,Leicester City,England,874
Gabriel Paulista,-,Brazil,872
Charlie Adam,-,Scotland,868
Morgan Schneiderlin,Everton,France,866
Álvaro Negredo,-,Spain,862
Marko Arnautovic,-,Austria,861
Fraser Forster,-,England,859
Tom Cleverley,-,England,857
Curtis Davies,-,England,857
James McArthur,Crystal Palace,Scotland,854
David de Gea,Manchester United,Spain,849
Petr Cech,-,Czech Republic,844
Troy Deeney,Watford,England,841
Abdoulaye Doucouré,Watford,France,833
Bacary Sagna,-,France,832
Dan Gosling,AFC Bournemouth,England,825
Wayne Hennessey,-,Wales,809
Simon Mignolet,-,Belgium,806
Angelo Ogbonna,West Ham United,Italy,805
Tom Carroll,-,England,796
Ramiro Funes Mori,-,Argentina,794
Thibaut Courtois,-,Belgium,792
Phil Jones,Manchester United,England,791
Geoff Cameron,-,United States,787
Lamine Koné,Sunderland,Cote D'Ivoire,787
Tom Davies,Everton,England,783
Danny Rose,Tottenham Hotspur,England,783
Daniel Amartey,-,Ghana,782
George Friend,Middlesbrough,England,780
Wayne Rooney,-,England,779
Willian,Chelsea,Brazil,777
Henrikh Mkhitaryan,-,Armenia,775
Son Heung-Min,Tottenham Hotspur,South Korea,775
Alex Oxlade-Chamberlain,-,England,774
Sergio Agüero,Manchester City,Argentina,771
James Morrison,West Bromwich Albion,Scotland,764
Dimitri Payet,-,France,763
Aaron Cresswell,West Ham United,England,758
Gareth McAuley,-,Northern Ireland,742
Glen Johnson,-,England,740
Allan-Roméo Nyom,-,Cameroon,735
Valon Behrami,-,Switzerland,732
Jack Stephens,Southampton,England,729
Dean Marney,-,England,728
James Tomkins,Crystal Palace,England,728
Leon Britton,Swansea City,England,727
Jesse Lingard,Manchester United,England,727
Salomón Rondón,-,Venezuela,722
Kevin Mirallas,-,Belgium,720
Joshua King,AFC Bournemouth,Norway,715
Fabio,-,Brazil,709
Robert Huth,-,Germany,701
Billy Jones,-,England,701
Younes Kaboul,-,France,701
Wilfried Zaha,Crystal Palace,Cote D'Ivoire,696
Papy Djilobodji,Sunderland,Senegal,694
Leroy Sané,Manchester City,Germany,691
Wilfred Ndidi,Leicester City,Nigeria,689
Ki Sung-yueng,-,South Korea,687
John O'Shea,-,Ireland,686
Andros Townsend,Crystal Palace,England,685
Nordin Amrabat,-,Morocco,675
Ryan Fraser,AFC Bournemouth,Scotland,670
Claudio Bravo,Manchester City,Chile,664
Nacer Chadli,-,Belgium,662
Jordi Amat,-,Spain,658
Michael Dawson,-,England,656
Wes Morgan,Leicester City,Jamaica,653
Andy King,-,Wales,644
Mason Holgate,-,England,643
Sebastian Larsson,-,Sweden,642
Michail Antonio,-,England,638
Eldin Jakupovic,Hull City,Switzerland,637
Martin Kelly,Crystal Palace,England,626
Gastón Ramírez,-,Uruguay,625
Darren Randolph,-,Ireland,625
Jordy Clasie,-,Netherlands,623
Scott Arfield,-,Canada,621
Mohamed Elneny,-,Egypt,616
Junior Stanislas,AFC Bournemouth,England,615
Xherdan Shaqiri,-,Switzerland,609
Scott Dann,-,England,608
Anthony Martial,Manchester United,France,608
Daryl Janmaat,Watford,Netherlands,604
Sam Vokes,-,Wales,602
Harry Kane,Tottenham Hotspur,England,597
Matteo Darmian,-,Italy,595
Jason Denayer,-,Belgium,586
Jesús Navas,-,Spain,582
James Collins,-,Wales,580
Joey Barton,-,England,576
Pablo Zabaleta,-,Argentina,573
Joel Robles,-,Spain,570
Jack Rodwell,-,England,570
Joe Ledley,-,Wales,563
Alfred N'Diaye,Hull City,Senegal,563
Santi Cazorla,-,Spain,561
Wayne Routledge,Swansea City,England,561
Vincent Kompany,-,Belgium,557
George Boyd,-,Scotland,550
Andrea Ranocchia,Hull City,Italy,550
Angel Rangel,-,Spain,545
Marcus Rashford,Manchester United,England,544
Theo Walcott,-,England,538
Jamie Vardy,Leicester City,England,529
Bernardo Espinosa,Middlesbrough,Colombia,526
Steven Defour,-,Belgium,518
David Meyler,-,Ireland,512
Sofiane Boufal,-,Morocco,508
Ilkay Gündogan,-,Germany,505
Fabio Borini,-,Italy,503
Marc Pugh,-,England,497
Peter Crouch,-,England,496
Martin Olsson,Swansea City,Sweden,496
Luka Milivojevic,Crystal Palace,Serbia,490
Matt Phillips,West Bromwich Albion,Scotland,486
Edimilson Fernandes,-,Switzerland,473
Maarten Stekelenburg,Everton,Netherlands,472
Arthur Masuaku,West Ham United,The Democratic Republic Of Congo,468
Rob Holding,Arsenal,England,465
Chris Smalling,-,England,464
Jermain Defoe,-,England,456
Moussa Sissoko,Tottenham Hotspur,France,453
Ashley Barnes,Burnley,Austria,448
Shinji Okazaki,-,Japan,438
Sam Byram,-,England,435
Andy Carroll,-,England,435
Stephen Kingsley,-,Scotland,434
André Ayew,-,Ghana,431
Ashley Young,Manchester United,England,429
Javier Manquillo,-,Spain,425
Islam Slimani,-,Algeria,423
Roberto Pereyra,Watford,Argentina,420
Adrián,-,Spain,417
Håvard Nordtveit,-,Norway,413
David Marshall,-,Scotland,410
Nathan Aké,-,Netherlands,405
M'Baye Niang,-,Senegal,405
Bryan Oviedo,-,Costa Rica,398
Phil Bardsley,-,Scotland,397
Adlène Guédioura,-,Algeria,393
Nolito,-,Spain,391
Willy Caballero,-,Argentina,391
Divock Origi,-,Belgium,391
Darron Gibson,-,Ireland,387
Giannelli Imbula,-,The Democratic Republic Of Congo,384
Steven Pienaar,Sunderland,South Africa,384
Cristhian Stuani,Middlesbrough,Uruguay,383
Luke Shaw,Manchester United,England,382
Daniel Ayala,Middlesbrough,Spain,380
Jordon Ibe,AFC Bournemouth,England,378
Ryan Mason,Hull City,England,378
Sofiane Feghouli,-,Algeria,376
Kieran Gibbs,-,England,372
Andre Gray,-,England,371
Fernando,-,Brazil,370
Olivier Giroud,-,France,369
Adama Traoré,-,Spain,369
Victor Anichebe,Sunderland,Nigeria,366
Harry Winks,Tottenham Hotspur,England,366
Craig Cathcart,Watford,Northern Ireland,364
Mame Biram Diouf,Stoke City,Senegal,363
Neil Taylor,-,Wales,361
Juan Camilo Zuñiga,-,Colombia,358
Adnan Januzaj,-,Belgium,356
James McClean,-,Ireland,350
Jeffrey Schlupp,-,Ghana,349
Kieran Trippier,-,England,346
Grant Leadbitter,-,England,340
Lazar Markovic,-,Serbia,334
Jonathan Walters,-,Ireland,331
Branislav Ivanovic,-,Serbia,329
Demarai Gray,-,England,326
Mike van der Hoorn,Swansea City,Netherlands,324
Jay Fulton,-,Scotland,323
Adama Diomande,-,Norway,320
John Terry,-,England,320
Wahbi Khazri,-,Tunisia,318
Marc Muniesa,-,Spain,308
Cuco Martina,-,Curacao,307
Shane Long,-,Ireland,306
Erik Lamela,Tottenham Hotspur,Argentina,305
Tyrone Mings,-,England,303
Ben Chilwell,Leicester City,England,301
Sam McQueen,-,England,301
Modou Barrow,-,Gambia,299
Ramadan Sobhi,-,Egypt,299
Benik Afobe,-,The Democratic Republic Of Congo,297
Brad Guzan,-,United States,297
Johann Gudmundsson,Burnley,Iceland,296
Odion Ighalo,-,Nigeria,296
Yannick Bolasie,-,The Democratic Republic Of Congo,291
Lee Cattermole,Sunderland,England,281
Lewis Cook,AFC Bournemouth,England,279
Evandro,Hull City,Brazil,279
Daniel Sturridge,-,England,278
Ron-Robert Zieler,-,Germany,269
Loris Karius,-,Germany,268
James Tarkowski,Burnley,England,263
Steve Mandanda,-,France,262
Ashley Westwood,Burnley,England,257
Charlie Austin,-,England,255
Abel Hernández,-,Uruguay,252
Kamil Grosicki,Hull City,Poland,251
James McCarthy,-,Ireland,247
Oscar,-,Brazil,246
Vito Mannone,-,Italy,244
Adrian Mariappa,Watford,Jamaica,244
Gabriel Jesus,Manchester City,Brazil,242
Jordan Ayew,-,Ghana,240
Christian Kabasele,Watford,Belgium,238
Oumar Niasse,-,Senegal,235
Jay Rodriguez,-,England,234
Leonardo Ulloa,-,Argentina,233
Stefano Okaka,-,Italy,230
Enner Valencia,-,Ecuador,228
Fabian Delph,-,England,225
Vincent Janssen,-,Netherlands,225
Mamadou Sakho,-,France,225
Kevin Wimmer,-,Austria,225
Robbie Brady,Burnley,Ireland,222
Omar Elabdellaoui,Hull City,Norway,218
Rudy Gestede,Middlesbrough,Benin,218
Donald Love,-,Scotland,215
Ahmed Musa,-,Nigeria,214
Wilfried Bony,-,Cote D'Ivoire,212
Matt Targett,-,England,205
Jan Kirchhoff,-,Germany,199
Chung-Yong Lee,-,South Korea,199
Kelechi Iheanacho,-,Nigeria,192
Duncan Watmore,Sunderland,England,192
Danny Welbeck,-,England,192
Callum Wilson,AFC Bournemouth,England,191
Ibrahim Afellay,-,Netherlands,189
Yohan Benalouane,-,Tunisia,188
Bojan,-,Spain,188
Markus Henriksen,Hull City,Norway,182
Alberto Moreno,-,Spain,182
Borja Bastón,-,Spain,180
Dieudonne Mbokani Bezua,Hull City,The Democratic Republic Of Congo,172
Saido Berahino,-,Burundi,168
Hal Robson-Kanu,West Bromwich Albion,Wales,166
Gerard Deulofeu,-,Spain,164
Jonas Olsson,-,Sweden,161
Nsue,-,Equatorial Guinea,156
Luis Hernández,-,Spain,155
Viktor Fischer,-,Denmark,146
Axel Tuanzebe,-,England,143
Jack Butland,-,England,140
Jon Flanagan,-,England,136
Josh Tymon,-,England,135
Aaron Lennon,-,England,134
Michel Vorm,-,Netherlands,134
Shay Given,-,Ireland,132
Isaac Success,-,Nigeria,131
Kurt Zouma,-,France,128
Luciano Narsingh,-,Netherlands,123
Jonathan Calleri,-,Argentina,119
Manolo Gabbiadini,-,Italy,117
Patrick McNair,-,Northern Ireland,116
Lucas Pérez,-,Spain,116
Brad Smith,-,Australia,114
Mathieu Flamini,-,France,112
Shaun Maloney,Hull City,Scotland,111
George Honeyman,-,England,108
Kevin Long,-,Ireland,108
Sam Field,-,England,105
Simone Zaza,-,Italy,105
Álvaro Arbeloa,-,Spain,104
Nathaniel Chalobah,-,England,103
Nathan Dyer,Swansea City,England,102
Paul Robinson,-,England,102
Lynden Gooch,-,United States,99
Philipp Wollscheid,-,Germany,99
Connor Wickham,Crystal Palace,England,98
Aleix García,-,Spain,97
Pape Souaré,-,Senegal,97
Nampalys Mendy,-,France,95
Ademola Lookman,-,England,94
Jefferson Montero,-,Ecuador,94
Ashley Fletcher,-,England,91
Dominic Calvert-Lewin,Everton,England,87
Patrick Bamford,-,England,81
Josh Sims,-,England,81
Michy Batshuayi,-,Belgium,80
Will Keane,-,England,76
Marc Wilson,-,Ireland,75
Matthew Pennington,-,England,73
Trent Alexander-Arnold,Liverpool,England,71
Jarrod Bowen,Hull City,England,70
Ezekiel Fryers,-,England,70
Jérémy Pied,-,France,70
Mile Jedinak,-,Australia,68
Mauro Zárate,-,Argentina,67
Lys Mousset,-,France,63
Craig Gardner,-,England,61
Brendan Galloway,-,England,59
Scott McTominay,Manchester United,Scotland,57
Gökhan Töre,-,Turkey,56
Adam Federici,-,Australia,54
Max-Alain Gradel,-,Cote D'Ivoire,54
Aiden O'Neill,-,Australia,51
Martín Cáceres,-,Uruguay,50
Demetri Mitchell,-,England,50
Asmir Begovic,-,Bosnia And Herzegovina,46
Fraizer Campbell,-,England,46
Sergio Romero,Manchester United,Argentina,46
Loïc Rémy,-,France,45
David Ospina,-,Colombia,44
Emiliano Martínez,-,Argentina,43
Jordan Rhodes,-,Scotland,42
Bakary Sako,-,Mali,42
Timothy Fosu-Mensah,-,Netherlands,41
Josh Harrop,-,England,41
Jordon Mutch,-,England,41
Harrison Reed,-,England,38
David Jones,-,England,37
Carl Jenkinson,-,England,35
Joleon Lescott,Sunderland,England,34
Marko Grujic,-,Serbia,33
Oliver McBurnie,-,Scotland,33
Costel Pantilimon,-,Romania,33
Albert Adomah,-,Ghana,32
Arouna Koné,-,Cote D'Ivoire,32
Diafra Sakho,-,Senegal,32
Ben Woodburn,-,Wales,32
Georges-Kévin Nkoudou,-,France,30
Brandon Mason,-,England,29
Kenedy,-,Brazil,29
James Husband,-,England,28
Michael Kightly,-,England,28
Joel Pereira,-,Portugal,27
Ryan Allsop,-,England,26
Ruben Loftus-Cheek,-,England,25
Ben Watson,-,England,25
Jerome Sinclair,-,England,24
Marcin Wasilewski,-,Poland,23
Kristoffer Nordfeldt,-,Sweden,22
Jeremain Lens,-,Netherlands,20
Kevin Stewart,-,England,20
Lewis Grabban,-,England,19
Josh Onomah,-,England,19
Ola Aina,-,Nigeria,16
Jonathan Leko,-,England,16
Memphis Depay,-,Netherlands,14
Andrew Eleftheriou,-,England,14
Georges-Kévin Nkoudou,-,France,30
Brandon Mason,-,England,29
Kenedy,-,Brazil,29
James Husband,-,England,28
Michael Kightly,-,England,28
Joel Pereira,-,Portugal,27
Ryan Allsop,-,England,26
Ruben Loftus-Cheek,-,England,25
Ben Watson,-,England,25
Jerome Sinclair,-,England,24
Marcin Wasilewski,-,Poland,23
Kristoffer Nordfeldt,-,Sweden,22
Jeremain Lens,-,Netherlands,20
Kevin Stewart,-,England,20
Lewis Grabban,-,England,19
Josh Onomah,-,England,19
Ola Aina,-,Nigeria,16
Jonathan Leko,-,England,16
Memphis Depay,-,Netherlands,14
Andrew Eleftheriou,-,England,14
Matej Vydra,-,Czech Republic,2
Joel Asoro,-,Sweden,1
Baily Cargill,-,England,1