Harry Kane,Tottenham Hotspur,England,58
Romelu Lukaku,-,Belgium,55
Sergio Agüero,Manchester City,Argentina,53
Gylfi Sigurdsson,-,Iceland,50
Alexis Sánchez,-,Chile,49
Zlatan Ibrahimovic,-,Sweden,46
Roberto Firmino,Liverpool,Brazil,45
Christian Eriksen,Tottenham Hotspur,Denmark,45
Dele Alli,Tottenham Hotspur,England,44
Diego Costa,-,Spain,42
Christian Benteke,Crystal Palace,Belgium,40
Philippe Coutinho,-,Brazil,38
Eden Hazard,-,Belgium,33
Son Heung-Min,Tottenham Hotspur,South Korea,33
Paul Pogba,Manchester United,France,32
Jermain Defoe,-,England,31
Joshua King,AFC Bournemouth,Norway,31
Ross Barkley,-,England,30
Riyad Mahrez,-,Algeria,29
Theo Walcott,-,England,29
Harry Kane,Tottenham Hotspur,England,58
Romelu Lukaku,-,Belgium,55
Sergio Agüero,Manchester City,Argentina,53
Gylfi Sigurdsson,-,Iceland,50
Alexis Sánchez,-,Chile,49
Zlatan Ibrahimovic,-,Sweden,46
Roberto Firmino,Liverpool,Brazil,45
Christian Eriksen,Tottenham Hotspur,Denmark,45
Dele Alli,Tottenham Hotspur,England,44
Diego Costa,-,Spain,42
Christian Benteke,Crystal Palace,Belgium,40
Philippe Coutinho,-,Brazil,38
Eden Hazard,-,Belgium,33
Son Heung-Min,Tottenham Hotspur,South Korea,33
Paul Pogba,Manchester United,France,32
Jermain Defoe,-,England,31
Joshua King,AFC Bournemouth,Norway,31
Ross Barkley,-,England,30
Riyad Mahrez,-,Algeria,29
Theo Walcott,-,England,29
Nathan Redmond,-,England,28
Fernando Llorente,-,Spain,26
Salomón Rondón,-,Venezuela,26
Jamie Vardy,Leicester City,England,26
Sadio Mané,Liverpool,Senegal,24
Michail Antonio,-,England,23
Kevin Mirallas,-,Belgium,23
Álvaro Negredo,-,Spain,23
Sam Vokes,-,Wales,23
Raheem Sterling,Manchester City,England,22
Kevin De Bruyne,Manchester City,Belgium,21
Manuel Lanzini,West Ham United,Argentina,21
Juan Mata,Manchester United,Spain,21
Daniel Sturridge,-,England,21
Dusan Tadic,-,Serbia,21
Olivier Giroud,-,France,20
Adam Lallana,-,England,20
Georginio Wijnaldum,Liverpool,Netherlands,20
Marko Arnautovic,-,Austria,19
Ashley Barnes,Burnley,Austria,19
Etienne Capoue,Watford,France,19
Andre Gray,-,England,19
Wayne Rooney,-,England,19
Robert Snodgrass,-,Scotland,19
Benik Afobe,-,The Democratic Republic Of Congo,18
Joe Allen,Stoke City,Wales,18
Nacer Chadli,-,Belgium,18
Troy Deeney,Watford,England,18
Abel Hernández,-,Uruguay,18
Anthony Martial,Manchester United,France,18
Mesut Özil,Arsenal,Germany,18
Junior Stanislas,AFC Bournemouth,England,18
Wilfried Zaha,Crystal Palace,Cote D'Ivoire,18
Charlie Austin,-,England,17
James Milner,Liverpool,England,17
Marcus Rashford,Manchester United,England,17
Pedro,Chelsea,Spain,17
David Silva,Manchester City,Spain,17
James Ward-Prowse,Southampton,England,17
Marcos Alonso,Chelsea,Spain,16
Peter Crouch,-,England,16
Henrikh Mkhitaryan,-,Armenia,16
Willian,Chelsea,Brazil,15
Shane Long,-,Ireland,15
Victor Moses,-,Nigeria,15
Divock Origi,-,Belgium,15
Dimitri Payet,-,France,15
Jay Rodriguez,-,England,15
Yaya Touré,-,Cote D'Ivoire,15
Fabio Borini,-,Italy,14
Andy Carroll,-,England,14
Vincent Janssen,-,Netherlands,14
Leroy Sané,Manchester City,Germany,14
André Ayew,-,Ghana,13
Gabriel Jesus,Manchester City,Brazil,13
Jesse Lingard,Manchester United,England,13
James McClean,-,Ireland,13
M'Baye Niang,-,Senegal,13
Islam Slimani,-,Algeria,13
Andros Townsend,Crystal Palace,England,13
Patrick van Aanholt,Crystal Palace,Netherlands,13
Victor Wanyama,Tottenham Hotspur,Kenya,13
Nolito,-,Spain,12
Ryan Fraser,AFC Bournemouth,Scotland,12
Stefano Okaka,-,Italy,12
Aaron Ramsey,-,Wales,12
Enner Valencia,-,Ecuador,12
Jonathan Walters,-,Ireland,12
Callum Wilson,AFC Bournemouth,England,12
Charlie Adam,-,Scotland,11
Harry Arter,-,Ireland,11
Chris Brunt,West Bromwich Albion,Northern Ireland,11
Yohan Cabaye,-,France,11
Emre Can,-,Germany,11
Leroy Fer,-,Netherlands,11
Manolo Gabbiadini,-,Italy,11
Alex Iwobi,-,Nigeria,11
Fernandinho,Manchester City,Brazil,11
Jason Puncheon,-,England,11
Gary Cahill,-,England,10
Scott Dann,-,England,10
Odion Ighalo,-,Nigeria,10
Wahbi Khazri,-,Tunisia,10
Aleksandar Kolarov,-,Serbia,10
David Luiz,-,Brazil,10
Harry Maguire,-,England,10
Matt Phillips,West Bromwich Albion,Scotland,10
Xherdan Shaqiri,-,Switzerland,10
Cristhian Stuani,Middlesbrough,Uruguay,10
Jack Wilshere,-,England,10
Toby Alderweireld,Tottenham Hotspur,Belgium,9
Victor Anichebe,Sunderland,Nigeria,9
Saido Berahino,-,Burundi,9
Steve Cook,AFC Bournemouth,England,9
Cesc Fàbregas,-,Spain,9
Robert Huth,-,Germany,9
Shinji Okazaki,-,Japan,9
Gastón Ramírez,-,Uruguay,9
Wayne Routledge,Swansea City,England,9
Granit Xhaka,Arsenal,Switzerland,9
Michy Batshuayi,-,Belgium,8
Johann Gudmundsson,Burnley,Iceland,8
Séamus Coleman,-,Ireland,8
Craig Dawson,-,England,8
Michael Dawson,-,England,8
Abdoulaye Doucouré,Watford,France,8
Demarai Gray,-,England,8
Daryl Janmaat,Watford,Netherlands,8
Michael Keane,-,England,8
James Morrison,West Bromwich Albion,Scotland,8
Oumar Niasse,-,Senegal,8
Alex Oxlade-Chamberlain,-,England,8
Danny Welbeck,-,England,8
Marc Albrighton,Leicester City,England,7
Scott Arfield,-,Canada,7
Gareth Barry,-,England,7
Sofiane Boufal,-,Morocco,7
Sam Clucas,-,England,7
Marten de Roon,-,Netherlands,7
Eric Dier,Tottenham Hotspur,England,7
Sofiane Feghouli,-,Algeria,7
Marouane Fellaini,-,Belgium,7
Darren Fletcher,-,Scotland,7
Kamil Grosicki,Hull City,Poland,7
José Holebas,Watford,Greece,7
Tom Huddlestone,-,England,7
Kelechi Iheanacho,-,Nigeria,7
Adnan Januzaj,-,Belgium,7
N'Golo Kanté,Chelsea,France,7
Andy King,-,Wales,7
Erik Lamela,Tottenham Hotspur,Argentina,7
Jake Livermore,West Bromwich Albion,England,7
Bruno Martins Indi,-,Netherlands,7
Nemanja Matic,-,Serbia,7
Gareth McAuley,-,Northern Ireland,7
Mark Noble,West Ham United,England,7
Sebastian Prödl,Watford,Austria,7
Ryan Shawcross,Stoke City,England,7
Isaac Success,-,Nigeria,7
Maya Yoshida,-,Japan,7
Cédric Soares,-,Portugal,6
Nordin Amrabat,-,Morocco,6
Jordan Ayew,-,Ghana,6
César Azpilicueta,Chelsea,Spain,6
Ryan Bertrand,-,England,6
Yannick Bolasie,-,The Democratic Republic Of Congo,6
George Boyd,-,Scotland,6
Charlie Daniels,AFC Bournemouth,England,6
Steven Davis,-,Northern Ireland,6
Steven Defour,-,Belgium,6
Adama Diomande,-,Norway,6
Stewart Downing,-,England,6
Adam Forshaw,-,England,6
Christian Fuchs,Leicester City,Austria,6
Ben Gibson,-,England,6
Idrissa Gueye,-,Senegal,6
Jeff Hendrick,Burnley,Ireland,6
Ander Herrera,-,Spain,6
Phil Jagielka,-,England,6
Ademola Lookman,-,England,6
James McArthur,Crystal Palace,Scotland,6
Ben Mee,Burnley,England,6
Ahmed Musa,-,Nigeria,6
Shkodran Mustafi,Arsenal,Germany,6
Wilfred Ndidi,Leicester City,Nigeria,6
Marc Pugh,-,England,6
Hal Robson-Kanu,West Bromwich Albion,Wales,6
Oriol Romeu,-,Spain,6
Adam Smith,AFC Bournemouth,England,6
Ashley Williams,-,Wales,6
Daniel Amartey,-,Ghana,5
Daniel Ayala,Middlesbrough,Spain,5
Leighton Baines,Everton,England,5
Héctor Bellerín,Arsenal,Spain,5
Wilfried Bony,-,Cote D'Ivoire,5
Miguel Britos,-,Uruguay,5
Geoff Cameron,-,United States,5
Nathaniel Clyne,-,England,5
Jack Cork,-,England,5
Tom Davies,Everton,England,5
Jonny Evans,-,Northern Ireland,5
Ashley Fletcher,-,England,5
Rudy Gestede,Middlesbrough,Benin,5
Dejan Lovren,-,Croatia,5
Lazar Markovic,-,Serbia,5
Alfie Mawson,-,England,5
Kyle Naughton,-,England,5
Didier Ndong,Sunderland,Gabon,5
Andrea Ranocchia,Hull City,Italy,5
Jack Rodwell,-,England,5
Danny Rose,Tottenham Hotspur,England,5
Leonardo Ulloa,-,Argentina,5
Virgil van Dijk,-,Netherlands,5
Kyle Walker,-,England,5
Connor Wickham,Crystal Palace,England,5
Nathan Aké,-,Netherlands,4
Jordi Amat,-,Spain,4
Santi Cazorla,-,Spain,4
Jordy Clasie,-,Netherlands,4
Tom Cleverley,-,England,4
James Collins,-,Wales,4
Ben Davies,Tottenham Hotspur,Wales,4
Mame Biram Diouf,Stoke City,Senegal,4
Edimilson Fernandes,-,Switzerland,4
Dan Gosling,AFC Bournemouth,England,4
Ilkay Gündogan,-,Germany,4
Jordan Henderson,Liverpool,England,4
Pierre-Emile Højbjerg,-,Denmark,4
Glen Johnson,-,England,4
Billy Jones,-,England,4
Younes Kaboul,-,France,4
Lamine Koné,Sunderland,Cote D'Ivoire,4
Laurent Koscielny,-,France,4
Cheikhou Kouyaté,-,Senegal,4
Bojan,-,Spain,4
Ryan Mason,Hull City,England,4
Joel Matip,Liverpool,Cameroon,4
Dieudonne Mbokani Bezua,Hull City,The Democratic Republic Of Congo,4
Luka Milivojevic,Crystal Palace,Serbia,4
Martin Olsson,Swansea City,Sweden,4
Roberto Pereyra,Watford,Argentina,4
Lucas Pérez,-,Spain,4
Jordan Rhodes,-,Scotland,4
Marcos Rojo,-,Argentina,4
James Tomkins,Crystal Palace,England,4
Antonio Valencia,-,Ecuador,4
Jan Vertonghen,Tottenham Hotspur,Belgium,4
Duncan Watmore,Sunderland,England,4
Patrick Bamford,-,England,3
Modou Barrow,-,Gambia,3
Joey Barton,-,England,3
Robbie Brady,Burnley,Ireland,3
Jonathan Calleri,-,Argentina,3
Calum Chambers,Middlesbrough,England,3
Francis Coquelin,-,France,3
José Fonte,-,Portugal,3
Curtis Davies,-,England,3
Mousa Dembélé,-,Belgium,3
Gerard Deulofeu,-,Spain,3
Daniel Drinkwater,-,England,3
Borja Bastón,-,Spain,3
Adlène Guédioura,-,Algeria,3
Mason Holgate,-,England,3
Christian Kabasele,Watford,Belgium,3
Vincent Kompany,-,Belgium,3
Sebastian Larsson,-,Sweden,3
Grant Leadbitter,-,England,3
Dean Marney,-,England,3
James McCarthy,-,Ireland,3
David Meyler,-,Ireland,3
Wes Morgan,Leicester City,Jamaica,3
Lys Mousset,-,France,3
Marc Muniesa,-,Spain,3
Alfred N'Diaye,Hull City,Senegal,3
Nicolás Otamendi,Manchester City,Argentina,3
Angel Rangel,-,Spain,3
Loïc Rémy,-,France,3
Morgan Schneiderlin,Everton,France,3
Josh Sims,-,England,3
Moussa Sissoko,Tottenham Hotspur,France,3
Mauro Zárate,-,Argentina,3
Trent Alexander-Arnold,Liverpool,England,2
Phil Bardsley,-,Scotland,2
Daley Blind,-,Netherlands,2
Tom Carroll,-,England,2
Ben Chilwell,Leicester City,England,2
Adam Clayton,Middlesbrough,England,2
Lewis Cook,AFC Bournemouth,England,2
Aaron Cresswell,West Ham United,England,2
Fabio,-,Brazil,2
Gabriel Paulista,-,Brazil,2
Fabian Delph,-,England,2
Jason Denayer,-,Belgium,2
Papy Djilobodji,Sunderland,Senegal,2
Oscar,-,Brazil,2
Ahmed El Mohamady,-,Egypt,2
Mohamed Elneny,-,Egypt,2
Federico Fernández,-,Argentina,2
Viktor Fischer,-,Denmark,2
Ramiro Funes Mori,-,Argentina,2
Kieran Gibbs,-,England,2
Max-Alain Gradel,-,Cote D'Ivoire,2
Marko Grujic,-,Serbia,2
Rob Holding,Arsenal,England,2
Branislav Ivanovic,-,Serbia,2
Ragnar Klavan,-,Estonia,2
Arouna Koné,-,Cote D'Ivoire,2
Chung-Yong Lee,-,South Korea,2
Matthew Lowton,-,England,2
Nacho Monreal,-,Spain,2
Jesús Navas,-,Spain,2
John O'Shea,-,Ireland,2
Pedro Obiang,-,Equatorial Guinea,2
Steven Pienaar,Sunderland,South Africa,2
Winston Reid,West Ham United,New Zealand,2
John Stones,Manchester City,England,2
Andrew Surman,AFC Bournemouth,England,2
John Terry,-,England,2
Adama Traoré,-,Spain,2
Mike van der Hoorn,Swansea City,Netherlands,2
Joel Ward,-,England,2
Harry Winks,Tottenham Hotspur,England,2
Pablo Zabaleta,-,Argentina,2
Simone Zaza,-,Italy,2
Ibrahim Afellay,-,Netherlands,1
Ola Aina,-,Nigeria,1
Eric Bailly,Manchester United,Cote D'Ivoire,1
Yohan Benalouane,-,Tunisia,1
Jonathan Benteke,-,Belgium,1
Dominic Calvert-Lewin,Everton,England,1
Fraizer Campbell,-,England,1
Craig Cathcart,Watford,Northern Ireland,1
Lee Cattermole,Sunderland,England,1
Nathaniel Chalobah,-,England,1
Gaël Clichy,-,France,1
Damien Delaney,-,Ireland,1
Nathan Dyer,Swansea City,England,1
Bernardo Espinosa,Middlesbrough,Colombia,1
Mathieu Flamini,-,France,1
George Friend,Middlesbrough,England,1
Brendan Galloway,-,England,1
Lewis Grabban,-,England,1
Josh Harrop,-,England,1
George Honeyman,-,England,1
Jordon Ibe,AFC Bournemouth,England,1
Ki Sung-yueng,-,South Korea,1
Stephen Kingsley,-,Scotland,1
Joe Ledley,-,Wales,1
Lucas Leiva,-,Brazil,1
Ruben Loftus-Cheek,-,England,1
Donald Love,-,Scotland,1
Shaun Maloney,Hull City,Scotland,1
Javier Manquillo,-,Spain,1
Oliver McBurnie,-,Scotland,1
Scott McTominay,Manchester United,Scotland,1
Tyrone Mings,-,England,1
Jefferson Montero,-,Ecuador,1
Samir Nasri,-,France,1
Georges-Kévin Nkoudou,-,France,1
Håvard Nordtveit,-,Norway,1
Allan-Roméo Nyom,-,Cameroon,1
Angelo Ogbonna,West Ham United,Italy,1
Bryan Oviedo,-,Costa Rica,1
Matthew Pennington,-,England,1
Andrew Robertson,-,Scotland,1
Bacary Sagna,-,France,1
Diafra Sakho,-,Senegal,1
Bakary Sako,-,Mali,1
Luke Shaw,Manchester United,England,1
Jerome Sinclair,-,England,1
Chris Smalling,-,England,1
Brad Smith,-,Australia,1
Ramadan Sobhi,-,Egypt,1
Stephen Ward,-,Ireland,1
Glenn Whelan,-,Ireland,1
Juan Camilo Zuñiga,-,Colombia,1
Valon Behrami,-,Switzerland,0
Leon Britton,Swansea City,England,0
Phil Jones,Manchester United,England,0
Will Keane,-,England,0