Zlatan Ibrahimovic,-,Sweden,18
Benik Afobe,-,The Democratic Republic Of Congo,13
Sergio Agüero,Manchester City,Argentina,13
Marko Arnautovic,-,Austria,12
Christian Benteke,Crystal Palace,Belgium,12
Diego Costa,-,Spain,12
Dele Alli,Tottenham Hotspur,England,11
Harry Kane,Tottenham Hotspur,England,11
Roberto Firmino,Liverpool,Brazil,9
Eden Hazard,-,Belgium,9
Romelu Lukaku,-,Belgium,8
Salomón Rondón,-,Venezuela,8
Alexis Sánchez,-,Chile,8
Michail Antonio,-,England,7
Troy Deeney,Watford,England,7
Jermain Defoe,-,England,7
Shane Long,-,Ireland,7
Islam Slimani,-,Algeria,7
Andre Gray,-,England,6
Wayne Rooney,-,England,6
Zlatan Ibrahimovic,-,Sweden,18
Benik Afobe,-,The Democratic Republic Of Congo,13
Sergio Agüero,Manchester City,Argentina,13
Marko Arnautovic,-,Austria,12
Christian Benteke,Crystal Palace,Belgium,12
Diego Costa,-,Spain,12
Dele Alli,Tottenham Hotspur,England,11
Harry Kane,Tottenham Hotspur,England,11
Roberto Firmino,Liverpool,Brazil,9
Eden Hazard,-,Belgium,9
Romelu Lukaku,-,Belgium,8
Salomón Rondón,-,Venezuela,8
Alexis Sánchez,-,Chile,8
Michail Antonio,-,England,7
Troy Deeney,Watford,England,7
Jermain Defoe,-,England,7
Shane Long,-,Ireland,7
Islam Slimani,-,Algeria,7
Andre Gray,-,England,6
Wayne Rooney,-,England,6
Leroy Sané,Manchester City,Germany,6
Dusan Tadic,-,Serbia,6
Jamie Vardy,Leicester City,England,6
Theo Walcott,-,England,6
Wilfried Zaha,Crystal Palace,Cote D'Ivoire,6
André Ayew,-,Ghana,5
Ross Barkley,-,England,5
Peter Crouch,-,England,5
Vincent Janssen,-,Netherlands,5
Fernando Llorente,-,Spain,5
Riyad Mahrez,-,Algeria,5
Juan Mata,Manchester United,Spain,5
Álvaro Negredo,-,Spain,5
Paul Pogba,Manchester United,France,5
Son Heung-Min,Tottenham Hotspur,South Korea,5
Raheem Sterling,Manchester City,England,5
James Ward-Prowse,Southampton,England,5
Danny Welbeck,-,England,5
Saido Berahino,-,Burundi,4
Jonathan Calleri,-,Argentina,4
Nacer Chadli,-,Belgium,4
Philippe Coutinho,-,Brazil,4
Mame Biram Diouf,Stoke City,Senegal,4
Odion Ighalo,-,Nigeria,4
Joshua King,AFC Bournemouth,Norway,4
Jesse Lingard,Manchester United,England,4
Fernandinho,Manchester City,Brazil,4
Divock Origi,-,Belgium,4
Mesut Özil,Arsenal,Germany,4
Marcus Rashford,Manchester United,England,4
Jay Rodriguez,-,England,4
Wayne Routledge,Swansea City,England,4
David Silva,Manchester City,Spain,4
Jonathan Walters,-,Ireland,4
Nolito,-,Spain,3
Joe Allen,Stoke City,Wales,3
Charlie Austin,-,England,3
Etienne Capoue,Watford,France,3
Kevin De Bruyne,Manchester City,Belgium,3
Gabriel Jesus,Manchester City,Brazil,3
Christian Eriksen,Tottenham Hotspur,Denmark,3
Manolo Gabbiadini,-,Italy,3
Olivier Giroud,-,France,3
Borja Bastón,-,Spain,3
Kelechi Iheanacho,-,Nigeria,3
Sadio Mané,Liverpool,Senegal,3
Alex Oxlade-Chamberlain,-,England,3
John Stones,Manchester City,England,3
Daniel Sturridge,-,England,3
Isaac Success,-,Nigeria,3
James Tomkins,Crystal Palace,England,3
Enner Valencia,-,Ecuador,3
Sam Vokes,-,Wales,3
Victor Wanyama,Tottenham Hotspur,Kenya,3
Marcos Alonso,Chelsea,Spain,2
Jordi Amat,-,Spain,2
Scott Arfield,-,Canada,2
Harry Arter,-,Ireland,2
Ashley Barnes,Burnley,Austria,2
Michy Batshuayi,-,Belgium,2
James Milner,Liverpool,England,2
Henrikh Mkhitaryan,-,Armenia,2
Nacho Monreal,-,Spain,2
Wes Morgan,Leicester City,Jamaica,2
James Morrison,West Bromwich Albion,Scotland,2
Victor Moses,-,Nigeria,2
Lys Mousset,-,France,2
Alfred N'Diaye,Hull City,Senegal,2
Oumar Niasse,-,Senegal,2
Shinji Okazaki,-,Japan,2
Dimitri Payet,-,France,2
Roberto Pereyra,Watford,Argentina,2
Matt Phillips,West Bromwich Albion,Scotland,2
Marc Pugh,-,England,2
Gastón Ramírez,-,Uruguay,2
Aaron Ramsey,-,Wales,2
Hal Robson-Kanu,West Bromwich Albion,Wales,2
Pedro,Chelsea,Spain,2
Gylfi Sigurdsson,-,Iceland,2
Cristhian Stuani,Middlesbrough,Uruguay,2
Andros Townsend,Crystal Palace,England,2
Leonardo Ulloa,-,Argentina,2
Mike van der Hoorn,Swansea City,Netherlands,2
Jack Wilshere,-,England,2
Callum Wilson,AFC Bournemouth,England,2
Charlie Adam,-,Scotland,1
Albert Adomah,-,Ghana,1
Ibrahim Afellay,-,Netherlands,1
Nathan Aké,-,Netherlands,1
Marc Albrighton,Leicester City,England,1
Toby Alderweireld,Tottenham Hotspur,Belgium,1
Victor Anichebe,Sunderland,Nigeria,1
Daniel Ayala,Middlesbrough,Spain,1
Eric Bailly,Manchester United,Cote D'Ivoire,1
Leighton Baines,Everton,England,1
Patrick Bamford,-,England,1
Modou Barrow,-,Gambia,1
Héctor Bellerín,Arsenal,Spain,1
Yannick Bolasie,-,The Democratic Republic Of Congo,1
Wilfried Bony,-,Cote D'Ivoire,1
Andros Townsend,Crystal Palace,England,2
Leonardo Ulloa,-,Argentina,2
Mike van der Hoorn,Swansea City,Netherlands,2
Jack Wilshere,-,England,2
Callum Wilson,AFC Bournemouth,England,2
Charlie Adam,-,Scotland,1
Albert Adomah,-,Ghana,1
Ibrahim Afellay,-,Netherlands,1
Nathan Aké,-,Netherlands,1
Marc Albrighton,Leicester City,England,1
Toby Alderweireld,Tottenham Hotspur,Belgium,1
Victor Anichebe,Sunderland,Nigeria,1
Daniel Ayala,Middlesbrough,Spain,1
Eric Bailly,Manchester United,Cote D'Ivoire,1
Leighton Baines,Everton,England,1
Patrick Bamford,-,England,1
Modou Barrow,-,Gambia,1
Héctor Bellerín,Arsenal,Spain,1
Yannick Bolasie,-,The Democratic Republic Of Congo,1
Wilfried Bony,-,Cote D'Ivoire,1
Jarrod Bowen,Hull City,England,1
Dominic Calvert-Lewin,Everton,England,1
Geoff Cameron,-,United States,1
Andy Carroll,-,England,1
Tom Cleverley,-,England,1
Sam Clucas,-,England,1
Nathaniel Clyne,-,England,1
Steve Cook,AFC Bournemouth,England,1
Francis Coquelin,-,France,1
Aaron Cresswell,West Ham United,England,1
Tom Davies,Everton,England,1
Craig Dawson,-,England,1
Michael Dawson,-,England,1
Gabriel Paulista,-,Brazil,1
Marten de Roon,-,Netherlands,1
Steven Defour,-,Belgium,1
Gerard Deulofeu,-,Spain,1
Eric Dier,Tottenham Hotspur,England,1
Abdoulaye Doucouré,Watford,France,1
Stewart Downing,-,England,1
Jonny Evans,-,Northern Ireland,1
Leroy Fer,-,Netherlands,1
Ashley Fletcher,-,England,1
Darren Fletcher,-,Scotland,1
Christian Fuchs,Leicester City,Austria,1
Ramiro Funes Mori,-,Argentina,1
Rudy Gestede,Middlesbrough,Benin,1
Kamil Grosicki,Hull City,Poland,1
Jordan Henderson,Liverpool,England,1
Jeff Hendrick,Burnley,Ireland,1
Ander Herrera,-,Spain,1
Rob Holding,Arsenal,England,1
George Honeyman,-,England,1
Robert Huth,-,Germany,1
Pierre-Emile Højbjerg,-,Denmark,1
Daryl Janmaat,Watford,Netherlands,1
Glen Johnson,-,England,1
Younes Kaboul,-,France,1
Wahbi Khazri,-,Tunisia,1
Michael Kightly,-,England,1
Bojan,-,Spain,1
Erik Lamela,Tottenham Hotspur,Argentina,1
Manuel Lanzini,West Ham United,Argentina,1
Lucas Leiva,-,Brazil,1
Ademola Lookman,-,England,1
Matthew Lowton,-,England,1
Lazar Markovic,-,Serbia,1
Anthony Martial,Manchester United,France,1
Bruno Martins Indi,-,Netherlands,1
Alfie Mawson,-,England,1
Gareth McAuley,-,Northern Ireland,1
Kevin Mirallas,-,Belgium,1
Ahmed Musa,-,Nigeria,1
Shkodran Mustafi,Arsenal,Germany,1
Samir Nasri,-,France,1
Wilfred Ndidi,Leicester City,Nigeria,1
Didier Ndong,Sunderland,Gabon,1
Mark Noble,West Ham United,England,1
Stefano Okaka,-,Italy,1
Lucas Pérez,-,Spain,1
Steven Pienaar,Sunderland,South Africa,1
Erik Pieters,-,Netherlands,1
Andrea Ranocchia,Hull City,Italy,1
Nathan Redmond,-,England,1
Jordan Rhodes,-,Scotland,1
Jack Rodwell,-,England,1
Xherdan Shaqiri,-,Switzerland,1
Josh Sims,-,England,1
Adam Smith,AFC Bournemouth,England,1
Robert Snodgrass,-,Scotland,1
Ramadan Sobhi,-,Egypt,1
Junior Stanislas,AFC Bournemouth,England,1
James Tarkowski,Burnley,England,1
John Terry,-,England,1
Yaya Touré,-,Cote D'Ivoire,1
Adama Traoré,-,Spain,1
Antonio Valencia,-,Ecuador,1
Joel Ward,-,England,1
Connor Wickham,Crystal Palace,England,1
Georginio Wijnaldum,Liverpool,Netherlands,1