Steve Cook,AFC Bournemouth,England,352
Ben Mee,Burnley,England,300
Ashley Williams,-,Wales,287
Michael Keane,-,England,260
Winston Reid,West Ham United,New Zealand,244
Ben Gibson,-,England,234
Jan Vertonghen,Tottenham Hotspur,Belgium,230
Gareth McAuley,-,Northern Ireland,227
Ryan Shawcross,Stoke City,England,227
Robert Huth,-,Germany,220
Simon Francis,AFC Bournemouth,England,219
Bruno Martins Indi,-,Netherlands,210
Phil Jagielka,-,England,208
Laurent Koscielny,-,France,202
Lamine Koné,Sunderland,Cote D'Ivoire,199
Nicolás Otamendi,Manchester City,Argentina,190
José Fonte,-,Portugal,187
Federico Fernández,-,Argentina,187
Sebastian Prödl,Watford,Austria,183
Dejan Lovren,-,Croatia,182
Matthew Lowton,-,England,176
Calum Chambers,Middlesbrough,England,175
Curtis Davies,-,England,173
David Luiz,-,Brazil,171
Alfie Mawson,-,England,169
Gary Cahill,-,England,167
Papy Djilobodji,Sunderland,Senegal,163
Toby Alderweireld,Tottenham Hotspur,Belgium,162
Aleksandar Kolarov,-,Serbia,155
Joel Matip,Liverpool,Cameroon,153
Stephen Ward,-,Ireland,153
Jonny Evans,-,Northern Ireland,151
Damien Delaney,-,Ireland,150
John O'Shea,-,Ireland,150
Craig Dawson,-,England,149
Eric Dier,Tottenham Hotspur,England,149
James Collins,-,Wales,147
Miguel Britos,-,Uruguay,144
Maya Yoshida,-,Japan,144
Christian Fuchs,Leicester City,Austria,143
Marcos Rojo,-,Argentina,143
Danny Simpson,-,England,142
Virgil van Dijk,-,Netherlands,142
Harry Maguire,-,England,141
Wes Morgan,Leicester City,Jamaica,141
Phil Jones,Manchester United,England,138
Younes Kaboul,-,France,136
Joel Ward,-,England,133
Martin Kelly,Crystal Palace,England,131
Michael Dawson,-,England,129
Shkodran Mustafi,Arsenal,Germany,129
Eric Bailly,Manchester United,Cote D'Ivoire,126
Chris Smalling,-,England,126
James Tomkins,Crystal Palace,England,124
César Azpilicueta,Chelsea,Spain,119
Kyle Naughton,-,England,115
John Stones,Manchester City,England,115
José Holebas,Watford,Greece,114
Andrea Ranocchia,Hull City,Italy,114
Ramiro Funes Mori,-,Argentina,111
Cheikhou Kouyaté,-,Senegal,111
Erik Pieters,-,Netherlands,110
Jordi Amat,-,Spain,109
Daley Blind,-,Netherlands,108
Scott Dann,-,England,102
Allan-Roméo Nyom,-,Cameroon,101
James Milner,Liverpool,England,100
Nacho Monreal,-,Spain,99
Angelo Ogbonna,West Ham United,Italy,96
Billy Jones,-,England,94
Kyle Walker,-,England,94
Ragnar Klavan,-,Estonia,92
Ahmed El Mohamady,-,Egypt,90
Gaël Clichy,-,France,86
Gabriel Paulista,-,Brazil,85
Jason Denayer,-,Belgium,80
George Friend,Middlesbrough,England,80
Jack Stephens,Southampton,England,79
Charlie Daniels,AFC Bournemouth,England,78
Ben Davies,Tottenham Hotspur,Wales,78
Nathan Aké,-,Netherlands,76
Marcos Alonso,Chelsea,Spain,76
Cédric Soares,-,Portugal,76
Andrew Robertson,-,Scotland,75
Matteo Darmian,-,Italy,71
Adam Smith,AFC Bournemouth,England,71
Antonio Barragán,-,Spain,70
Tom Huddlestone,-,England,69
Victor Wanyama,Tottenham Hotspur,Kenya,69
Daniel Ayala,Middlesbrough,Spain,68
Séamus Coleman,-,Ireland,68
Bernardo Espinosa,Middlesbrough,Colombia,68
Mason Holgate,-,England,67
Sam Clucas,-,England,66
Fabio,-,Brazil,66
Oriol Romeu,-,Spain,66
Leighton Baines,Everton,England,65
Glen Johnson,-,England,65
Álvaro Negredo,-,Spain,65
Patrick van Aanholt,Crystal Palace,Netherlands,65
Marten de Roon,-,Netherlands,64
Jake Livermore,West Bromwich Albion,England,64
Aaron Cresswell,West Ham United,England,61
Fernandinho,Manchester City,Brazil,60
Sam Byram,-,England,59
Heurelho Gomes,-,Brazil,58
Antonio Valencia,-,Ecuador,58
Claudio Yacob,-,Argentina,58
Gareth Barry,-,England,57
Yohan Benalouane,-,Tunisia,56
Lucas Leiva,-,Brazil,56
Mike van der Hoorn,Swansea City,Netherlands,56
Wilfred Ndidi,Leicester City,Nigeria,55
Chris Brunt,West Bromwich Albion,Northern Ireland,54
Nathaniel Clyne,-,England,54
Emre Can,-,Germany,52
Craig Cathcart,Watford,Northern Ireland,52
Daniel Drinkwater,-,England,52
Marouane Fellaini,-,Belgium,52
Adrian Mariappa,Watford,Jamaica,52
Danny Rose,Tottenham Hotspur,England,52
Ander Herrera,-,Spain,51
Jack Rodwell,-,England,51
Troy Deeney,Watford,England,50
Javier Manquillo,-,Spain,49
Martin Olsson,Swansea City,Sweden,49
Jeffrey Schlupp,-,Ghana,49
Christian Benteke,Crystal Palace,Belgium,48
Jack Cork,-,England,48
Leroy Fer,-,Netherlands,48
Victor Moses,-,Nigeria,48
Bacary Sagna,-,France,48
Geoff Cameron,-,United States,47
Rob Holding,Arsenal,England,47
Mamadou Sakho,-,France,47
Glenn Whelan,-,Ireland,47
Héctor Bellerín,Arsenal,Spain,46
Ryan Bertrand,-,England,46
Nemanja Matic,-,Serbia,46
Steven Davis,-,Northern Ireland,45
Vincent Kompany,-,Belgium,42
Paul Pogba,Manchester United,France,42
Pablo Zabaleta,-,Argentina,42
N'Golo Kanté,Chelsea,France,41
Salomón Rondón,-,Venezuela,41
Adam Clayton,Middlesbrough,England,40
Jordan Henderson,Liverpool,England,40
Christian Kabasele,Watford,Belgium,40
Tyrone Mings,-,England,40
Diego Costa,-,Spain,39
Idrissa Gueye,-,Senegal,39
Joshua King,AFC Bournemouth,Norway,39
Yaya Touré,-,Cote D'Ivoire,39
Michail Antonio,-,England,38
Andy Carroll,-,England,38
Jonas Olsson,-,Sweden,38
Andrew Surman,AFC Bournemouth,England,38
Michael Carrick,-,England,37
Mame Biram Diouf,Stoke City,Senegal,37
James Tarkowski,Burnley,England,37
Darren Fletcher,-,Scotland,36
Fernando Llorente,-,Spain,36
Didier Ndong,Sunderland,Gabon,36
Jason Puncheon,-,England,36
Ross Barkley,-,England,35
George Boyd,-,Scotland,35
Daryl Janmaat,Watford,Netherlands,35
Jordan Pickford,-,England,35
Joe Allen,Stoke City,Wales,34
Kieran Gibbs,-,England,34
Lee Grant,-,England,34
Daniel Amartey,-,Ghana,33
Jeff Hendrick,Burnley,Ireland,33
Granit Xhaka,Arsenal,Switzerland,33
Francis Coquelin,-,France,32
Stewart Downing,-,England,32
Andy King,-,Wales,32
Sebastian Larsson,-,Sweden,32
Hugo Lloris,Tottenham Hotspur,France,32
Fernando,-,Brazil,32
James Ward-Prowse,Southampton,England,32
Georginio Wijnaldum,Liverpool,Netherlands,32
Harry Arter,-,Ireland,31
Omar Elabdellaoui,Hull City,Norway,31
Marc Muniesa,-,Spain,31
Angel Rangel,-,Spain,31
Sam Vokes,-,Wales,31
Marc Albrighton,Leicester City,England,30
Victor Anichebe,Sunderland,Nigeria,30
Dean Marney,-,England,29
Pedro Obiang,-,Equatorial Guinea,29
Víctor Valdés,Middlesbrough,Spain,29
Simon Mignolet,-,Belgium,28
Bryan Oviedo,-,Costa Rica,28
Kasper Schmeichel,Leicester City,Denmark,28
Morgan Schneiderlin,Everton,France,28
Scott Arfield,-,Canada,27
Phil Bardsley,-,Scotland,27
Fabio Borini,-,Italy,27
Romelu Lukaku,-,Belgium,27
Arthur Masuaku,West Ham United,The Democratic Republic Of Congo,27
Luke Shaw,Manchester United,England,27
Jonathan Walters,-,Ireland,27
Peter Crouch,-,England,26
Joe Ledley,-,Wales,26
Ashley Barnes,Burnley,Austria,25
Artur Boruc,AFC Bournemouth,Poland,25
Etienne Capoue,Watford,France,25
Pierre-Emile Højbjerg,-,Denmark,25
Sam McQueen,-,England,25
Håvard Nordtveit,-,Norway,25
Matt Phillips,West Bromwich Albion,Scotland,25
Ashley Young,Manchester United,England,25
Charlie Adam,-,Scotland,24
Branislav Ivanovic,-,Serbia,24
Stephen Kingsley,-,Scotland,24
Donald Love,-,Scotland,24
James McArthur,Crystal Palace,Scotland,24
Luka Milivojevic,Crystal Palace,Serbia,24
Thibaut Courtois,-,Belgium,23
Jon Flanagan,-,England,23
Ben Foster,-,England,23
Gylfi Sigurdsson,-,Iceland,23
Valon Behrami,-,Switzerland,22
Abdoulaye Doucouré,Watford,France,22
Adam Forshaw,-,England,22
Zlatan Ibrahimovic,-,Sweden,22
David Meyler,-,Ireland,22
Alex Oxlade-Chamberlain,-,England,22
Juan Camilo Zuñiga,-,Colombia,22
Yohan Cabaye,-,France,21
Tom Cleverley,-,England,21
Harry Kane,Tottenham Hotspur,England,21
Adam Lallana,-,England,21
Marc Pugh,-,England,21
David Silva,Manchester City,Spain,21
John Terry,-,England,21
Marko Arnautovic,-,Austria,20
Johann Gudmundsson,Burnley,Iceland,20
Mousa Dembélé,-,Belgium,20
Christian Eriksen,Tottenham Hotspur,Denmark,20
Eldin Jakupovic,Hull City,Switzerland,20
Robert Snodgrass,-,Scotland,20
Neil Taylor,-,Wales,20
Benik Afobe,-,The Democratic Republic Of Congo,19
Joey Barton,-,England,19
Lukasz Fabianski,-,Poland,19
Adnan Januzaj,-,Belgium,19
Ki Sung-yueng,-,South Korea,19
James McClean,-,Ireland,19
Wayne Routledge,Swansea City,England,19
Andros Townsend,Crystal Palace,England,19
Marc Wilson,-,Ireland,19
Claudio Bravo,Manchester City,Chile,18
Leon Britton,Swansea City,England,18
Petr Cech,-,Czech Republic,18
Fraser Forster,-,England,18
Darron Gibson,-,Ireland,18
Dan Gosling,AFC Bournemouth,England,18
Maarten Stekelenburg,Everton,Netherlands,18
Dele Alli,Tottenham Hotspur,England,17
Olivier Giroud,-,France,17
Alberto Moreno,-,Spain,17
Nsue,-,Equatorial Guinea,17
Josh Tymon,-,England,17
Ben Chilwell,Leicester City,England,16
Cesc Fàbregas,-,Spain,16
Cuco Martina,-,Curacao,16
Alfred N'Diaye,Hull City,Senegal,16
Joel Robles,-,Spain,16
Willy Caballero,-,Argentina,15
Ryan Fraser,AFC Bournemouth,Scotland,15
Jay Fulton,-,Scotland,15
Wayne Hennessey,-,Wales,15
Kevin Long,-,Ireland,15
Riyad Mahrez,-,Algeria,15
Jay Rodriguez,-,England,15
Cristhian Stuani,Middlesbrough,Uruguay,15
Roberto Firmino,Liverpool,Brazil,14
Tom Heaton,-,England,14
Shane Long,-,Ireland,14
Aaron Ramsey,-,Wales,14
Junior Stanislas,AFC Bournemouth,England,14
Charlie Austin,-,England,13
Markus Henriksen,Hull City,Norway,13
Joleon Lescott,Sunderland,England,13
Jesús Navas,-,Spain,13
Oumar Niasse,-,Senegal,13
Darren Randolph,-,Ireland,13
Kieran Trippier,-,England,13
Theo Walcott,-,England,13
Kevin Wimmer,-,Austria,13
Jan Kirchhoff,-,Germany,12
Henrikh Mkhitaryan,-,Armenia,12
Pape Souaré,-,Senegal,12
Enner Valencia,-,Ecuador,12
Ashley Westwood,Burnley,England,12
Trent Alexander-Arnold,Liverpool,England,11
Nordin Amrabat,-,Morocco,11
David de Gea,Manchester United,Spain,11
Steven Defour,-,Belgium,11
Kevin Mirallas,-,Belgium,11
James Morrison,West Bromwich Albion,Scotland,11
Mark Noble,West Ham United,England,11
Matthew Pennington,-,England,11
Gastón Ramírez,-,Uruguay,11
Pedro,Chelsea,Spain,11
Moussa Sissoko,Tottenham Hotspur,France,11
Jack Wilshere,-,England,11
Wilfried Zaha,Crystal Palace,Cote D'Ivoire,11
Kurt Zouma,-,France,11
André Ayew,-,Ghana,10
Wilfried Bony,-,Cote D'Ivoire,10
Nacer Chadli,-,Belgium,10
Tom Davies,Everton,England,10
Edimilson Fernandes,-,Switzerland,10
Manolo Gabbiadini,-,Italy,10
Demarai Gray,-,England,10
Adlène Guédioura,-,Algeria,10
Manuel Lanzini,West Ham United,Argentina,10
Sadio Mané,Liverpool,Senegal,10
Ryan Mason,Hull City,England,10
Stefano Okaka,-,Italy,10
Wayne Rooney,-,England,10
Adrián,-,Spain,10
Dusan Tadic,-,Serbia,10
Matt Targett,-,England,10
Danny Welbeck,-,England,10
Connor Wickham,Crystal Palace,England,10
Ron-Robert Zieler,-,Germany,10
Lee Cattermole,Sunderland,England,9
Jordy Clasie,-,Netherlands,9
Rudy Gestede,Middlesbrough,Benin,9
Luis Hernández,-,Spain,9
Giannelli Imbula,-,The Democratic Republic Of Congo,9
Aaron Lennon,-,England,9
David Marshall,-,Scotland,9
Anthony Martial,Manchester United,France,9
M'Baye Niang,-,Senegal,9
Mesut Özil,Arsenal,Germany,9
Steven Pienaar,Sunderland,South Africa,9
Nathan Redmond,-,England,9
Brad Smith,-,Australia,9
Isaac Success,-,Nigeria,9
Jamie Vardy,Leicester City,England,9
Yannick Bolasie,-,The Democratic Republic Of Congo,8
Tom Carroll,-,England,8
Kevin De Bruyne,Manchester City,Belgium,8
Sofiane Feghouli,-,Algeria,8
Jesse Lingard,Manchester United,England,8
Lazar Markovic,-,Serbia,8
Juan Mata,Manchester United,Spain,8
James McCarthy,-,Ireland,8
Hal Robson-Kanu,West Bromwich Albion,Wales,8
Axel Tuanzebe,-,England,8
Leonardo Ulloa,-,Argentina,8
Philipp Wollscheid,-,Germany,8
Álvaro Arbeloa,-,Spain,7
Modou Barrow,-,Gambia,7
Robbie Brady,Burnley,Ireland,7
Dominic Calvert-Lewin,Everton,England,7
Adama Diomande,-,Norway,7
Mathieu Flamini,-,France,7
Loris Karius,-,Germany,7
Vito Mannone,-,Italy,7
Oscar,-,Brazil,6
Brendan Galloway,-,England,6
Borja Bastón,-,Spain,6
Kamil Grosicki,Hull City,Poland,6
Brad Guzan,-,United States,6
Grant Leadbitter,-,England,6
Marcus Rashford,Manchester United,England,6
Son Heung-Min,Tottenham Hotspur,South Korea,6
Duncan Watmore,Sunderland,England,6
Harry Winks,Tottenham Hotspur,England,6
Jordan Ayew,-,Ghana,5
Willian,Chelsea,Brazil,5
Philippe Coutinho,-,Brazil,5
Mohamed Elneny,-,Egypt,5
Ezekiel Fryers,-,England,5
Carl Jenkinson,-,England,5
Bojan,-,Spain,5
Steve Mandanda,-,France,5
Dieudonne Mbokani Bezua,Hull City,The Democratic Republic Of Congo,5
Lys Mousset,-,France,5
Shinji Okazaki,-,Japan,5
Dimitri Payet,-,France,5
Leroy Sané,Manchester City,Germany,5
Adama Traoré,-,Mali,5
Nolito,-,Spain,4
Martín Cáceres,-,Uruguay,4
Nathaniel Chalobah,-,England,4
Fabian Delph,-,England,4
Timothy Fosu-Mensah,-,Netherlands,4
Max-Alain Gradel,-,Cote D'Ivoire,4
Ilkay Gündogan,-,Germany,4
Eden Hazard,-,Belgium,4
Alex Iwobi,-,Nigeria,4
Patrick McNair,-,Northern Ireland,4
Diafra Sakho,-,Senegal,4
Alexis Sánchez,-,Chile,4
Patrick Bamford,-,England,3
Sofiane Boufal,-,Morocco,3
Jack Butland,-,England,3
Jonathan Calleri,-,Argentina,3
Santi Cazorla,-,Spain,3
Ashley Fletcher,-,England,3
Shay Given,-,Ireland,3
Abel Hernández,-,Uruguay,3
Jordon Ibe,AFC Bournemouth,England,3
Odion Ighalo,-,Nigeria,3
Ademola Lookman,-,England,3
Brandon Mason,-,England,3
Scott McTominay,Manchester United,Scotland,3
Georges-Kévin Nkoudou,-,France,3
David Ospina,-,Colombia,3
Roberto Pereyra,Watford,Argentina,3
Islam Slimani,-,Algeria,3
Raheem Sterling,Manchester City,England,3
Saido Berahino,-,Burundi,2
Fraizer Campbell,-,England,2
Baily Cargill,-,England,2
Lewis Cook,AFC Bournemouth,England,2
Jermain Defoe,-,England,2
Craig Gardner,-,England,2
Lynden Gooch,-,United States,2
Kelechi Iheanacho,-,Nigeria,2
Vincent Janssen,-,Netherlands,2
Wahbi Khazri,-,Tunisia,2
Michael Kightly,-,England,2
Chung-Yong Lee,-,South Korea,2
Shaun Maloney,Hull City,Scotland,2
Nampalys Mendy,-,France,2
Per Mertesacker,-,Germany,2
Demetri Mitchell,-,England,2
Jefferson Montero,-,Ecuador,2
Ahmed Musa,-,Nigeria,2
Josh Onomah,-,England,2
Divock Origi,-,Belgium,2
Jérémy Pied,-,France,2
Harrison Reed,-,England,2
Jordan Rhodes,-,Scotland,2
Paul Robinson,-,England,2
Sergio Romero,Manchester United,Argentina,2
Xherdan Shaqiri,-,Switzerland,2
Michel Vorm,-,Netherlands,2
Marcin Wasilewski,-,Poland,2
Simone Zaza,-,Italy,2
Ibrahim Afellay,-,Netherlands,1
Sergio Agüero,Manchester City,Argentina,1
Ola Aina,-,Nigeria,1
Ryan Allsop,-,England,1
Michy Batshuayi,-,Belgium,1
Asmir Begovic,-,Bosnia And Herzegovina,1
Jonathan Benteke,-,Belgium,1
Joel Pereira,-,Portugal,1
Gabriel Jesus,Manchester City,Brazil,1
Memphis Depay,-,Netherlands,1
Nathan Dyer,Swansea City,England,1
Adam Federici,-,Australia,1
Sam Field,-,England,1
Viktor Fischer,-,Denmark,1
Evandro,Hull City,Brazil,1
Andre Gray,-,England,1
Josh Harrop,-,England,1
George Honeyman,-,England,1
James Husband,-,England,1
Will Keane,-,England,1
Erik Lamela,Tottenham Hotspur,Argentina,1
Ruben Loftus-Cheek,-,England,1
Jordon Mutch,-,England,1
Luciano Narsingh,-,Netherlands,1
Aiden O'Neill,-,Australia,1
Lucas Pérez,-,Spain,1
Josh Sims,-,England,1
Jerome Sinclair,-,England,1
Kevin Stewart,-,England,1
Ben Watson,-,England,1
Callum Wilson,AFC Bournemouth,England,1
Albert Adomah,-,Ghana,0