Darren Randolph,-,Ireland,4
Lukasz Fabianski,-,Poland,3
Simon Francis,AFC Bournemouth,England,3
Jordan Pickford,-,England,3
Maarten Stekelenburg,Everton,Netherlands,3
John Stones,Manchester City,England,3
Jordi Amat,-,Spain,2
Artur Boruc,AFC Bournemouth,Poland,2
Yohan Cabaye,-,France,2
Gary Cahill,-,England,2
Steve Cook,AFC Bournemouth,England,2
Curtis Davies,-,England,2
Darren Fletcher,-,Scotland,2
Fraser Forster,-,England,2
Brad Guzan,-,United States,2
José Holebas,Watford,Greece,2
Loris Karius,-,Germany,2
Martin Kelly,Crystal Palace,England,2
Joe Ledley,-,Wales,2
Hugo Lloris,Tottenham Hotspur,France,2
Darren Randolph,-,Ireland,4
Lukasz Fabianski,-,Poland,3
Simon Francis,AFC Bournemouth,England,3
Jordan Pickford,-,England,3
Maarten Stekelenburg,Everton,Netherlands,3
John Stones,Manchester City,England,3
Jordi Amat,-,Spain,2
Artur Boruc,AFC Bournemouth,Poland,2
Yohan Cabaye,-,France,2
Gary Cahill,-,England,2
Steve Cook,AFC Bournemouth,England,2
Curtis Davies,-,England,2
Darren Fletcher,-,Scotland,2
Fraser Forster,-,England,2
Brad Guzan,-,United States,2
José Holebas,Watford,Greece,2
Loris Karius,-,Germany,2
Martin Kelly,Crystal Palace,England,2
Joe Ledley,-,Wales,2
Hugo Lloris,Tottenham Hotspur,France,2
Vito Mannone,-,Italy,2
Gareth McAuley,-,Northern Ireland,2
Sebastian Prödl,Watford,Austria,2
Jason Puncheon,-,England,2
Ryan Shawcross,Stoke City,England,2
Chris Smalling,-,England,2
Víctor Valdés,Middlesbrough,Spain,2
Jan Vertonghen,Tottenham Hotspur,Belgium,2
Georginio Wijnaldum,Liverpool,Netherlands,2
Granit Xhaka,Arsenal,Switzerland,2
Charlie Adam,-,Scotland,1
Toby Alderweireld,Tottenham Hotspur,Belgium,1
Michail Antonio,-,England,1
Harry Arter,-,Ireland,1
Claudio Bravo,Manchester City,Chile,1
Willy Caballero,-,Argentina,1
Etienne Capoue,Watford,France,1
Petr Cech,-,Czech Republic,1
Adam Clayton,Middlesbrough,England,1
Nathaniel Clyne,-,England,1
James Collins,-,Wales,1
Aaron Cresswell,West Ham United,England,1
José Fonte,-,Portugal,1
Heurelho Gomes,-,Brazil,1
David de Gea,Manchester United,Spain,1
Eric Dier,Tottenham Hotspur,England,1
Papy Djilobodji,Sunderland,Senegal,1
Daniel Drinkwater,-,England,1
Omar Elabdellaoui,Hull City,Norway,1
Jonny Evans,-,Northern Ireland,1
Cesc Fàbregas,-,Spain,1
Federico Fernández,-,Argentina,1
Ben Foster,-,England,1
George Friend,Middlesbrough,England,1
Wayne Hennessey,-,Wales,1
Glen Johnson,-,England,1
Younes Kaboul,-,France,1
Ragnar Klavan,-,Estonia,1
Cheikhou Kouyaté,-,Senegal,1
Lucas Leiva,-,Brazil,1
Joleon Lescott,Sunderland,England,1
Dejan Lovren,-,Croatia,1
Steve Mandanda,-,France,1
Adrian Mariappa,Watford,Jamaica,1
Joel Matip,Liverpool,Cameroon,1
Alfie Mawson,-,England,1
Ben Mee,Burnley,England,1
Simon Mignolet,-,Belgium,1
Luka Milivojevic,Crystal Palace,Serbia,1
Didier Ndong,Sunderland,Gabon,1
Kristoffer Nordfeldt,-,Sweden,1
Pedro Obiang,-,Equatorial Guinea,1
Angelo Ogbonna,West Ham United,Italy,1
David Ospina,-,Colombia,1
Alex Oxlade-Chamberlain,-,England,1
Erik Pieters,-,Netherlands,1
Andrea Ranocchia,Hull City,Italy,1
Salomón Rondón,-,Venezuela,1
Wayne Routledge,Swansea City,England,1
Adrián,-,Spain,1