José Holebas,Watford,Greece,14
Danny Simpson,-,England,12
Harry Arter,-,Ireland,11
Idrissa Gueye,-,Senegal,11
Shkodran Mustafi,Arsenal,Germany,11
Oriol Romeu,-,Spain,11
Gareth Barry,-,England,10
Christian Benteke,Crystal Palace,Belgium,10
Adam Clayton,Middlesbrough,England,10
Diego Costa,-,Spain,10
Craig Dawson,-,England,10
Christian Fuchs,Leicester City,Austria,10
Mark Noble,West Ham United,England,10
Sebastian Prödl,Watford,Austria,10
Victor Wanyama,Tottenham Hotspur,Kenya,10
Joe Allen,Stoke City,Wales,9
Marko Arnautovic,-,Austria,9
Sam Clucas,-,England,9
Marouane Fellaini,-,Belgium,9
Leroy Fer,-,Netherlands,9
José Holebas,Watford,Greece,14
Danny Simpson,-,England,12
Harry Arter,-,Ireland,11
Idrissa Gueye,-,Senegal,11
Shkodran Mustafi,Arsenal,Germany,11
Oriol Romeu,-,Spain,11
Gareth Barry,-,England,10
Christian Benteke,Crystal Palace,Belgium,10
Adam Clayton,Middlesbrough,England,10
Diego Costa,-,Spain,10
Craig Dawson,-,England,10
Christian Fuchs,Leicester City,Austria,10
Mark Noble,West Ham United,England,10
Sebastian Prödl,Watford,Austria,10
Victor Wanyama,Tottenham Hotspur,Kenya,10
Joe Allen,Stoke City,Wales,9
Marko Arnautovic,-,Austria,9
Sam Clucas,-,England,9
Marouane Fellaini,-,Belgium,9
Leroy Fer,-,Netherlands,9
Robert Huth,-,Germany,9
N'Golo Kanté,Chelsea,France,9
Manuel Lanzini,West Ham United,Argentina,9
Matthew Lowton,-,England,9
James McClean,-,Ireland,9
Nicolás Otamendi,Manchester City,Argentina,9
Jason Puncheon,-,England,9
Claudio Yacob,-,Argentina,9
Fabio,-,Brazil,8
Marten de Roon,-,Netherlands,8
Damien Delaney,-,Ireland,8
Jonny Evans,-,Northern Ireland,8
Cesc Fàbregas,-,Spain,8
Jordan Henderson,Liverpool,England,8
Billy Jones,-,England,8
Allan-Roméo Nyom,-,Cameroon,8
Gastón Ramírez,-,Uruguay,8
Winston Reid,West Ham United,New Zealand,8
Wayne Rooney,-,England,8
Danny Rose,Tottenham Hotspur,England,8
Kyle Walker,-,England,8
Wilfried Zaha,Crystal Palace,Cote D'Ivoire,8
Charlie Adam,-,Scotland,7
Cédric Soares,-,Portugal,7
Valon Behrami,-,Switzerland,7
Yohan Cabaye,-,France,7
Jack Cork,-,England,7
Troy Deeney,Watford,England,7
Federico Fernández,-,Argentina,7
Zlatan Ibrahimovic,-,Sweden,7
Dean Marney,-,England,7
Alfred N'Diaye,Hull City,Senegal,7
Pedro Obiang,-,Equatorial Guinea,7
Paul Pogba,Manchester United,France,7
Raheem Sterling,Manchester City,England,7
Joel Ward,-,England,7
Ashley Williams,-,Wales,7
Ashley Barnes,Burnley,Austria,6
Miguel Britos,-,Uruguay,6
Emre Can,-,Germany,6
Gabriel Paulista,-,Brazil,6
Eric Dier,Tottenham Hotspur,England,6
Daniel Drinkwater,-,England,6
Dan Gosling,AFC Bournemouth,England,6
Jeff Hendrick,Burnley,Ireland,6
Wahbi Khazri,-,Tunisia,6
Aleksandar Kolarov,-,Serbia,6
Dejan Lovren,-,Croatia,6
David Luiz,-,Brazil,6
Pedro,Chelsea,Spain,6
Alexis Sánchez,-,Chile,6
Ryan Shawcross,Stoke City,England,6
David Silva,Manchester City,Spain,6
Adam Smith,AFC Bournemouth,England,6
Marc Albrighton,Leicester City,England,5
Jordi Amat,-,Spain,5
Roberto Firmino,Liverpool,Brazil,5
Ross Barkley,-,England,5
Antonio Barragán,-,Spain,5
Fabio Borini,-,Italy,5
Sofiane Boufal,-,Morocco,5
Chris Brunt,West Bromwich Albion,Northern Ireland,5
Sam Byram,-,England,5
Gary Cahill,-,England,5
Etienne Capoue,Watford,France,5
Steve Cook,AFC Bournemouth,England,5
Francis Coquelin,-,France,5
Mousa Dembélé,-,Belgium,5
Ander Herrera,-,Spain,5
Tom Huddlestone,-,England,5
Vincent Kompany,-,Belgium,5
Jake Livermore,West Bromwich Albion,England,5
Harry Maguire,-,England,5
Bruno Martins Indi,-,Netherlands,5
James McArthur,Crystal Palace,Scotland,5
Gareth McAuley,-,Northern Ireland,5
Ben Mee,Burnley,England,5
James Milner,Liverpool,England,5
Nacho Monreal,-,Spain,5
Kyle Naughton,-,England,5
Didier Ndong,Sunderland,Gabon,5
Álvaro Negredo,-,Spain,5
John O'Shea,-,Ireland,5
Stefano Okaka,-,Italy,5
Steven Pienaar,Sunderland,South Africa,5
Andrew Robertson,-,Scotland,5
Marcos Rojo,-,Argentina,5
Antonio Valencia,-,Ecuador,5
Jan Vertonghen,Tottenham Hotspur,Belgium,5
Stephen Ward,-,Ireland,5
Glenn Whelan,-,Ireland,5
Granit Xhaka,Arsenal,Switzerland,5
Sergio Agüero,Manchester City,Argentina,4
Dele Alli,Tottenham Hotspur,England,4
Nordin Amrabat,-,Morocco,4
Michail Antonio,-,England,4
César Azpilicueta,Chelsea,Spain,4
Eric Bailly,Manchester United,Cote D'Ivoire,4
Leighton Baines,Everton,England,4
Phil Bardsley,-,Scotland,4
Joey Barton,-,England,4
Héctor Bellerín,Arsenal,Spain,4
Yohan Benalouane,-,Tunisia,4
Lee Cattermole,Sunderland,England,4
Calum Chambers,Middlesbrough,England,4
Tom Cleverley,-,England,4
José Fonte,-,Portugal,4
Tom Davies,Everton,England,4
Curtis Davies,-,England,4
Michael Dawson,-,England,4
Kevin De Bruyne,Manchester City,Belgium,4
Papy Djilobodji,Sunderland,Senegal,4
Abdoulaye Doucouré,Watford,France,4
Edimilson Fernandes,-,Switzerland,4
Adam Forshaw,-,England,4
Simon Francis,AFC Bournemouth,England,4
George Friend,Middlesbrough,England,4
Ben Gibson,-,England,4
Darron Gibson,-,Ireland,4
Phil Jagielka,-,England,4
Michael Keane,-,England,4
Martin Kelly,Crystal Palace,England,4
Andy King,-,Wales,4
Lamine Koné,Sunderland,Cote D'Ivoire,4
Laurent Koscielny,-,France,4
Sebastian Larsson,-,Sweden,4
Lucas Leiva,-,Brazil,4
Fernandinho,Manchester City,Brazil,4
Riyad Mahrez,-,Algeria,4
Sadio Mané,Liverpool,Senegal,4
Lazar Markovic,-,Serbia,4
Ryan Mason,Hull City,England,4
Nemanja Matic,-,Serbia,4
Luka Milivojevic,Crystal Palace,Serbia,4
Victor Moses,-,Nigeria,4
Erik Pieters,-,Netherlands,4
Jack Rodwell,-,England,4
Leroy Sané,Manchester City,Germany,4
Cristhian Stuani,Middlesbrough,Uruguay,4
Dusan Tadic,-,Serbia,4
James Tomkins,Crystal Palace,England,4
Yaya Touré,-,Cote D'Ivoire,4
Andros Townsend,Crystal Palace,England,4
James Ward-Prowse,Southampton,England,4
Jack Wilshere,-,England,4
Nolito,-,Spain,3
Daniel Amartey,-,Ghana,3
Álvaro Arbeloa,-,Spain,3
Scott Arfield,-,Canada,3
Daniel Ayala,Middlesbrough,Spain,3
Ryan Bertrand,-,England,3
Yannick Bolasie,-,The Democratic Republic Of Congo,3
Willian,Chelsea,Brazil,3
George Boyd,-,Scotland,3
Leon Britton,Swansea City,England,3
Andy Carroll,-,England,3
Craig Cathcart,Watford,Northern Ireland,3
Jordy Clasie,-,Netherlands,3
Séamus Coleman,-,Ireland,3
James Collins,-,Wales,3
Peter Crouch,-,England,3
Matteo Darmian,-,Italy,3
Steven Davis,-,Northern Ireland,3
Mame Biram Diouf,Stoke City,Senegal,3
Ahmed El Mohamady,-,Egypt,3
Fraser Forster,-,England,3
Ryan Fraser,AFC Bournemouth,Scotland,3
Rudy Gestede,Middlesbrough,Benin,3
Kieran Gibbs,-,England,3
Lynden Gooch,-,United States,3
Max-Alain Gradel,-,Cote D'Ivoire,3
Eden Hazard,-,Belgium,3
Rob Holding,Arsenal,England,3
Adnan Januzaj,-,Belgium,3
Harry Kane,Tottenham Hotspur,England,3
Ki Sung-yueng,-,South Korea,3
Ragnar Klavan,-,Estonia,3
Cheikhou Kouyaté,-,Senegal,3
Adam Lallana,-,England,3
Jesse Lingard,Manchester United,England,3
Romelu Lukaku,-,Belgium,3
Juan Mata,Manchester United,Spain,3
Joel Matip,Liverpool,Cameroon,3
Wes Morgan,Leicester City,Jamaica,3
James Morrison,West Bromwich Albion,Scotland,3
Oumar Niasse,-,Senegal,3
Jonas Olsson,-,Sweden,3
Bryan Oviedo,-,Costa Rica,3
Aaron Ramsey,-,Wales,3
Marcus Rashford,Manchester United,England,3
Fernando,-,Brazil,3
Hal Robson-Kanu,West Bromwich Albion,Wales,3
Moussa Sissoko,Tottenham Hotspur,France,3
Patrick van Aanholt,Crystal Palace,Netherlands,3
Virgil van Dijk,-,Netherlands,3
Ashley Westwood,Burnley,England,3
Marc Wilson,-,Ireland,3
Kevin Wimmer,-,Austria,3
Marcos Alonso,Chelsea,Spain,2
Victor Anichebe,Sunderland,Nigeria,2
Daley Blind,-,Netherlands,2
Artur Boruc,AFC Bournemouth,Poland,2
Michael Carrick,-,England,2
Santi Cazorla,-,Spain,2
Petr Cech,-,Czech Republic,2
Nacer Chadli,-,Belgium,2
Nathaniel Chalobah,-,England,2
Ben Chilwell,Leicester City,England,2
Gaël Clichy,-,France,2
Philippe Coutinho,-,Brazil,2
Aaron Cresswell,West Ham United,England,2
Scott Dann,-,England,2
David de Gea,Manchester United,Spain,2
Gabriel Jesus,Manchester City,Brazil,2
Jason Denayer,-,Belgium,2
Bernardo Espinosa,Middlesbrough,Colombia,2
Sam Field,-,England,2
Jon Flanagan,-,England,2
Ashley Fletcher,-,England,2
Ben Foster,-,England,2
Jay Fulton,-,Scotland,2
Olivier Giroud,-,France,2
Demarai Gray,-,England,2
Andre Gray,-,England,2
Adlène Guédioura,-,Algeria,2
Mason Holgate,-,England,2
Pierre-Emile Højbjerg,-,Denmark,2
Branislav Ivanovic,-,Serbia,2
Daryl Janmaat,Watford,Netherlands,2
Phil Jones,Manchester United,England,2
Younes Kaboul,-,France,2
Fernando Llorente,-,Spain,2
Shane Long,-,Ireland,2
Javier Manquillo,-,Spain,2
Anthony Martial,Manchester United,France,2
James McCarthy,-,Ireland,2
David Meyler,-,Ireland,2
Kevin Mirallas,-,Belgium,2
Marc Muniesa,-,Spain,2
Jesús Navas,-,Spain,2
M'Baye Niang,-,Senegal,2
Håvard Nordtveit,-,Norway,2
Angelo Ogbonna,West Ham United,Italy,2
Martin Olsson,Swansea City,Sweden,2
Mesut Özil,Arsenal,Germany,2
Dimitri Payet,-,France,2
Roberto Pereyra,Watford,Argentina,2
Matt Phillips,West Bromwich Albion,Scotland,2
Andrea Ranocchia,Hull City,Italy,2
Nathan Redmond,-,England,2
Joel Robles,-,Spain,2
Salomón Rondón,-,Venezuela,2
Bacary Sagna,-,France,2
Morgan Schneiderlin,Everton,France,2
Xherdan Shaqiri,-,Switzerland,2
Gylfi Sigurdsson,-,Iceland,2
Robert Snodgrass,-,Scotland,2
Ramadan Sobhi,-,Egypt,2
Son Heung-Min,Tottenham Hotspur,South Korea,2
Maarten Stekelenburg,Everton,Netherlands,2
Isaac Success,-,Nigeria,2
Jamie Vardy,Leicester City,England,2
Georginio Wijnaldum,Liverpool,Netherlands,2
Maya Yoshida,-,Japan,2
Ashley Young,Manchester United,England,2
Pablo Zabaleta,-,Argentina,2
Simone Zaza,-,Italy,2
Benik Afobe,-,The Democratic Republic Of Congo,1
Nathan Aké,-,Netherlands,1
Toby Alderweireld,Tottenham Hotspur,Belgium,1
Charlie Austin,-,England,1
André Ayew,-,Ghana,1
Jordan Ayew,-,Ghana,1
Patrick Bamford,-,England,1
Modou Barrow,-,Gambia,1
Saido Berahino,-,Burundi,1
Johann Gudmundsson,Burnley,Iceland,1
Wilfried Bony,-,Cote D'Ivoire,1
Robbie Brady,Burnley,Ireland,1
Dominic Calvert-Lewin,Everton,England,1
Geoff Cameron,-,United States,1
Tom Carroll,-,England,1
Lewis Cook,AFC Bournemouth,England,1
Thibaut Courtois,-,Belgium,1
Heurelho Gomes,-,Brazil,1
Charlie Daniels,AFC Bournemouth,England,1
Ben Davies,Tottenham Hotspur,Wales,1
Jermain Defoe,-,England,1
Steven Defour,-,Belgium,1
Fabian Delph,-,England,1
Memphis Depay,-,Netherlands,1
Gerard Deulofeu,-,Spain,1
Adama Diomande,-,Norway,1
Oscar,-,Brazil,1
Stewart Downing,-,England,1
Mohamed Elneny,-,Egypt,1
Lukasz Fabianski,-,Poland,1
Adam Federici,-,Australia,1
Sofiane Feghouli,-,Algeria,1
Manolo Gabbiadini,-,Italy,1
Craig Gardner,-,England,1
Shay Given,-,Ireland,1
Evandro,Hull City,Brazil,1
Lee Grant,-,England,1
Kamil Grosicki,Hull City,Poland,1
Marko Grujic,-,Serbia,1
Tom Heaton,-,England,1
Wayne Hennessey,-,Wales,1
Markus Henriksen,Hull City,Norway,1
Luis Hernández,-,Spain,1
George Honeyman,-,England,1
Odion Ighalo,-,Nigeria,1
Giannelli Imbula,-,The Democratic Republic Of Congo,1
Alex Iwobi,-,Nigeria,1
Glen Johnson,-,England,1
David Jones,-,England,1
Christian Kabasele,Watford,Belgium,1
Joshua King,AFC Bournemouth,Norway,1
Jan Kirchhoff,-,Germany,1
Bojan,-,Spain,1
Erik Lamela,Tottenham Hotspur,Argentina,1
Grant Leadbitter,-,England,1
Joe Ledley,-,Wales,1
Donald Love,-,Scotland,1
Arthur Masuaku,West Ham United,The Democratic Republic Of Congo,1
Alfie Mawson,-,England,1
Scott McTominay,Manchester United,Scotland,1
Nampalys Mendy,-,France,1
Henrikh Mkhitaryan,-,Armenia,1
Alberto Moreno,-,Spain,1
Ahmed Musa,-,Nigeria,1
Shinji Okazaki,-,Japan,1
Alex Oxlade-Chamberlain,-,England,1
Marc Pugh,-,England,1
Darren Randolph,-,Ireland,1
Angel Rangel,-,Spain,1
Wayne Routledge,Swansea City,England,1
Adrián,-,Spain,1
Kasper Schmeichel,Leicester City,Denmark,1
Luke Shaw,Manchester United,England,1
Islam Slimani,-,Algeria,1
Brad Smith,-,Australia,1
Junior Stanislas,AFC Bournemouth,England,1
Jack Stephens,Southampton,England,1
John Stones,Manchester City,England,1
Daniel Sturridge,-,England,1
Andrew Surman,AFC Bournemouth,England,1
James Tarkowski,Burnley,England,1
Neil Taylor,-,Wales,1
John Terry,-,England,1
Adama Traoré,-,Spain,1
Kieran Trippier,-,England,1
Josh Tymon,-,England,1
Víctor Valdés,Middlesbrough,Spain,1
Enner Valencia,-,Ecuador,1
Mike van der Hoorn,Swansea City,Netherlands,1
Theo Walcott,-,England,1
Jonathan Walters,-,Ireland,1
Duncan Watmore,Sunderland,England,1
Connor Wickham,Crystal Palace,England,1