Zlatan Ibrahimovic,-,Sweden,37
Christian Benteke,Crystal Palace,Belgium,36
Jermain Defoe,-,England,36
Romelu Lukaku,-,Belgium,36
Andre Gray,-,England,35
Marko Arnautovic,-,Austria,32
Salomón Rondón,-,Venezuela,29
Alexis Sánchez,-,Chile,27
Diego Costa,-,Spain,26
Jamie Vardy,Leicester City,England,25
Sergio Agüero,Manchester City,Argentina,23
Sam Vokes,-,Wales,23
Son Heung-Min,Tottenham Hotspur,South Korea,22
Ashley Barnes,Burnley,Austria,21
Michail Antonio,-,England,20
Mesut Özil,Arsenal,Germany,20
Roberto Firmino,Liverpool,Brazil,19
Troy Deeney,Watford,England,19
Callum Wilson,AFC Bournemouth,England,18
Harry Kane,Tottenham Hotspur,England,17
Zlatan Ibrahimovic,-,Sweden,37
Christian Benteke,Crystal Palace,Belgium,36
Jermain Defoe,-,England,36
Romelu Lukaku,-,Belgium,36
Andre Gray,-,England,35
Marko Arnautovic,-,Austria,32
Salomón Rondón,-,Venezuela,29
Alexis Sánchez,-,Chile,27
Diego Costa,-,Spain,26
Jamie Vardy,Leicester City,England,25
Sergio Agüero,Manchester City,Argentina,23
Sam Vokes,-,Wales,23
Son Heung-Min,Tottenham Hotspur,South Korea,22
Ashley Barnes,Burnley,Austria,21
Michail Antonio,-,England,20
Mesut Özil,Arsenal,Germany,20
Roberto Firmino,Liverpool,Brazil,19
Troy Deeney,Watford,England,19
Callum Wilson,AFC Bournemouth,England,18
Harry Kane,Tottenham Hotspur,England,17
Álvaro Negredo,-,Spain,17
Theo Walcott,-,England,17
Raheem Sterling,Manchester City,England,16
Benik Afobe,-,The Democratic Republic Of Congo,14
Nathan Redmond,-,England,14
Sadio Mané,Liverpool,Senegal,13
Divock Origi,-,Belgium,13
Olivier Giroud,-,France,12
Adam Lallana,-,England,12
Fernando Llorente,-,Spain,12
Shane Long,-,Ireland,12
Dieudonne Mbokani Bezua,Hull City,The Democratic Republic Of Congo,12
Leroy Sané,Manchester City,Germany,12
Jonathan Walters,-,Ireland,12
Dele Alli,Tottenham Hotspur,England,11
Abel Hernández,-,Uruguay,11
Oumar Niasse,-,Senegal,11
Stefano Okaka,-,Italy,11
Marcus Rashford,Manchester United,England,11
Islam Slimani,-,Algeria,11
Modou Barrow,-,Gambia,10
Gerard Deulofeu,-,Spain,10
Adama Diomande,-,Norway,10
Mame Biram Diouf,Stoke City,Senegal,10
Manolo Gabbiadini,-,Italy,10
Jonathan Calleri,-,Argentina,9
Gabriel Jesus,Manchester City,Brazil,9
Odion Ighalo,-,Nigeria,9
Juan Mata,Manchester United,Spain,9
Jay Rodriguez,-,England,9
Wayne Routledge,Swansea City,England,9
Dusan Tadic,-,Serbia,9
Charlie Austin,-,England,8
Ross Barkley,-,England,8
Saido Berahino,-,Burundi,8
George Boyd,-,Scotland,8
Eden Hazard,-,Belgium,8
Vincent Janssen,-,Netherlands,8
Riyad Mahrez,-,Algeria,8
Henrikh Mkhitaryan,-,Armenia,8
Pedro,Chelsea,Spain,8
Peter Crouch,-,England,7
Wahbi Khazri,-,Tunisia,7
Manuel Lanzini,West Ham United,Argentina,7
Nacho Monreal,-,Spain,7
Wayne Rooney,-,England,7
Robert Snodgrass,-,Scotland,7
Daniel Sturridge,-,England,7
Antonio Valencia,-,Ecuador,7
Victor Anichebe,Sunderland,Nigeria,6
Jordan Ayew,-,Ghana,6
Stewart Downing,-,England,6
Kamil Grosicki,Hull City,Poland,6
Kelechi Iheanacho,-,Nigeria,6
Anthony Martial,Manchester United,France,6
James McClean,-,Ireland,6
Diafra Sakho,-,Senegal,6
Enner Valencia,-,Ecuador,6
Patrick van Aanholt,Crystal Palace,Netherlands,6
Wilfried Zaha,Crystal Palace,Cote D'Ivoire,6
André Ayew,-,Ghana,5
Daryl Janmaat,Watford,Netherlands,5
Joshua King,AFC Bournemouth,Norway,5
Javier Manquillo,-,Spain,5
M'Baye Niang,-,Senegal,5
Hal Robson-Kanu,West Bromwich Albion,Wales,5
David Silva,Manchester City,Spain,5
Junior Stanislas,AFC Bournemouth,England,5
Pablo Zabaleta,-,Argentina,5
Simone Zaza,-,Italy,5
Nolito,-,Spain,4
Michy Batshuayi,-,Belgium,4
Andy Carroll,-,England,4
Séamus Coleman,-,Ireland,4
Philippe Coutinho,-,Brazil,4
Aaron Cresswell,West Ham United,England,4
Fabio,-,Brazil,4
Tom Davies,Everton,England,4
Borja Bastón,-,Spain,4
Jeff Hendrick,Burnley,Ireland,4
Jesse Lingard,Manchester United,England,4
James McArthur,Crystal Palace,Scotland,4
Kevin Mirallas,-,Belgium,4
Didier Ndong,Sunderland,Gabon,4
Shinji Okazaki,-,Japan,4
Xherdan Shaqiri,-,Switzerland,4
Cristhian Stuani,Middlesbrough,Uruguay,4
Leonardo Ulloa,-,Argentina,4
Duncan Watmore,Sunderland,England,4
Marcos Alonso,Chelsea,Spain,3
Scott Arfield,-,Canada,3
Yannick Bolasie,-,The Democratic Republic Of Congo,3
Nacer Chadli,-,Belgium,3
Marten de Roon,-,Netherlands,3
Eric Dier,Tottenham Hotspur,England,3
Marouane Fellaini,-,Belgium,3
Viktor Fischer,-,Denmark,3
Rudy Gestede,Middlesbrough,Benin,3
Alex Iwobi,-,Nigeria,3
Adnan Januzaj,-,Belgium,3
David Luiz,-,Brazil,3
Harry Maguire,-,England,3
Victor Moses,-,Nigeria,3
Jesús Navas,-,Spain,3
Matt Phillips,West Bromwich Albion,Scotland,3
Paul Pogba,Manchester United,France,3
Adam Smith,AFC Bournemouth,England,3
Ramadan Sobhi,-,Egypt,3
Andros Townsend,Crystal Palace,England,3
Kyle Walker,-,England,3
Georginio Wijnaldum,Liverpool,Netherlands,3
Ashley Williams,-,Wales,3
Ibrahim Afellay,-,Netherlands,2
Marc Albrighton,Leicester City,England,2
Cédric Soares,-,Portugal,2
Nordin Amrabat,-,Morocco,2
César Azpilicueta,Chelsea,Spain,2
Patrick Bamford,-,England,2
Ryan Bertrand,-,England,2
Wilfried Bony,-,Cote D'Ivoire,2
Willian,Chelsea,Brazil,2
Miguel Britos,-,Uruguay,2
Chris Brunt,West Bromwich Albion,Northern Ireland,2
Sam Byram,-,England,2
Yohan Cabaye,-,France,2
Gary Cahill,-,England,2
Emre Can,-,Germany,2
Ben Davies,Tottenham Hotspur,Wales,2
Craig Dawson,-,England,2
Kevin De Bruyne,Manchester City,Belgium,2
Steven Defour,-,Belgium,2
Papy Djilobodji,Sunderland,Senegal,2
Christian Eriksen,Tottenham Hotspur,Denmark,2
Ryan Fraser,AFC Bournemouth,Scotland,2
Max-Alain Gradel,-,Cote D'Ivoire,2
Demarai Gray,-,England,2
George Honeyman,-,England,2
Branislav Ivanovic,-,Serbia,2
Will Keane,-,England,2
Lamine Koné,Sunderland,Cote D'Ivoire,2
Laurent Koscielny,-,France,2
Cheikhou Kouyaté,-,Senegal,2
Ademola Lookman,-,England,2
Adrian Mariappa,Watford,Jamaica,2
Lazar Markovic,-,Serbia,2
Bruno Martins Indi,-,Netherlands,2
James Milner,Liverpool,England,2
Jefferson Montero,-,Ecuador,2
James Morrison,West Bromwich Albion,Scotland,2
Allan-Roméo Nyom,-,Cameroon,2
Jonas Olsson,-,Sweden,2
Roberto Pereyra,Watford,Argentina,2
Aaron Ramsey,-,Wales,2
Jordan Rhodes,-,Scotland,2
Ryan Shawcross,Stoke City,England,2
Danny Simpson,-,England,2
Moussa Sissoko,Tottenham Hotspur,France,2
James Tarkowski,Burnley,England,2
Danny Welbeck,-,England,2
Daniel Ayala,Middlesbrough,Spain,1
Antonio Barragán,-,Spain,1
Gareth Barry,-,England,1
Johann Gudmundsson,Burnley,Iceland,1
Sofiane Boufal,-,Morocco,1
Dominic Calvert-Lewin,Everton,England,1
Geoff Cameron,-,United States,1
Etienne Capoue,Watford,France,1
Santi Cazorla,-,Spain,1
Calum Chambers,Middlesbrough,England,1
Ben Chilwell,Leicester City,England,1
Gaël Clichy,-,France,1
Sam Clucas,-,England,1
Nathaniel Clyne,-,England,1
James Collins,-,Wales,1
Jack Cork,-,England,1
Matteo Darmian,-,Italy,1
Steven Davis,-,Northern Ireland,1
Michael Dawson,-,England,1
Memphis Depay,-,Netherlands,1
Daniel Drinkwater,-,England,1
Ahmed El Mohamady,-,Egypt,1
Bernardo Espinosa,Middlesbrough,Colombia,1
Sofiane Feghouli,-,Algeria,1
Leroy Fer,-,Netherlands,1
Edimilson Fernandes,-,Switzerland,1
Darren Fletcher,-,Scotland,1
Ashley Fletcher,-,England,1
Adam Forshaw,-,England,1
Christian Fuchs,Leicester City,Austria,1
Ramiro Funes Mori,-,Argentina,1
Ben Gibson,-,England,1
Dan Gosling,AFC Bournemouth,England,1
Adlène Guédioura,-,Algeria,1
Markus Henriksen,Hull City,Norway,1
José Holebas,Watford,Greece,1
Tom Huddlestone,-,England,1
Jordon Ibe,AFC Bournemouth,England,1
Michael Keane,-,England,1
Ki Sung-yueng,-,South Korea,1
Andy King,-,Wales,1
Erik Lamela,Tottenham Hotspur,Argentina,1
Jake Livermore,West Bromwich Albion,England,1
Dejan Lovren,-,Croatia,1
Fernandinho,Manchester City,Brazil,1
Cuco Martina,-,Curacao,1
Nemanja Matic,-,Serbia,1
David Meyler,-,Ireland,1
Wes Morgan,Leicester City,Jamaica,1
Lys Mousset,-,France,1
Ahmed Musa,-,Nigeria,1
Shkodran Mustafi,Arsenal,Germany,1
Alfred N'Diaye,Hull City,Senegal,1
Luciano Narsingh,-,Netherlands,1
Wilfred Ndidi,Leicester City,Nigeria,1
Josh Onomah,-,England,1
Nicolás Otamendi,Manchester City,Argentina,1
Bryan Oviedo,-,Costa Rica,1
Erik Pieters,-,Netherlands,1
Marc Pugh,-,England,1
Jason Puncheon,-,England,1
Gastón Ramírez,-,Uruguay,1
Angel Rangel,-,Spain,1
Winston Reid,West Ham United,New Zealand,1
Loïc Rémy,-,France,1
Andrew Robertson,-,Scotland,1
Jack Rodwell,-,England,1
Oriol Romeu,-,Spain,1
Danny Rose,Tottenham Hotspur,England,1
Bacary Sagna,-,France,1
Bakary Sako,-,Mali,1
Gylfi Sigurdsson,-,Iceland,1
Chris Smalling,-,England,1
Jack Stephens,Southampton,England,1
Isaac Success,-,Nigeria,1
Gökhan Töre,-,Turkey,1
Adama Traoré,-,Spain,1
Kieran Trippier,-,England,1
James Ward-Prowse,Southampton,England,1
Connor Wickham,Crystal Palace,England,1
Philipp Wollscheid,-,Germany,1