Player,Team ,Nation,ABW
Troy Deeney,Watford,England,268
Salomón Rondón,-,Venezuela,216
Christian Benteke,Crystal Palace,Belgium,215
Sam Vokes,-,Wales,209
Romelu Lukaku,-,Belgium,185
Álvaro Negredo,-,Spain,177
Ashley Barnes,Burnley,Austria,175
Roberto Firmino,Liverpool,Brazil,142
Fernando Llorente,-,Spain,125
Jamie Vardy,Leicester City,England,121
Diego Costa,-,Spain,110
Michail Antonio,-,England,104
Craig Dawson,-,England,93
Andy Carroll,-,England,92
Divock Origi,-,Belgium,89
Shinji Okazaki,-,Japan,87
Zlatan Ibrahimovic,-,Sweden,84
Simon Francis,AFC Bournemouth,England,80
Robert Huth,-,Germany,80
Oriol Romeu,-,Spain,80
Islam Slimani,-,Algeria,79
Michael Keane,-,England,78
Laurent Koscielny,-,France,78
Ben Mee,Burnley,England,77
Wilfred Ndidi,Leicester City,Nigeria,77
Sadio Mané,Liverpool,Senegal,75
Steve Cook,AFC Bournemouth,England,74
Ryan Shawcross,Stoke City,England,73
Peter Crouch,-,England,70
Mame Biram Diouf,Stoke City,Senegal,70
César Azpilicueta,Chelsea,Spain,69
Joshua King,AFC Bournemouth,Norway,69
Jonathan Walters,-,Ireland,68
Ben Gibson,-,England,67
Nicolás Otamendi,Manchester City,Argentina,67
Harry Kane,Tottenham Hotspur,England,66
Danny Simpson,-,England,66
Benik Afobe,-,The Democratic Republic Of Congo,65
James Milner,Liverpool,England,65
Leonardo Ulloa,-,Argentina,65
Billy Jones,-,England,64
Shane Long,-,Ireland,64
Bruno Martins Indi,-,Netherlands,64
Ashley Williams,-,Wales,62
Christian Fuchs,Leicester City,Austria,61
Dieudonne Mbokani Bezua,Hull City,The Democratic Republic Of Congo,61
Nacho Monreal,-,Spain,61
Shkodran Mustafi,Arsenal,Germany,61
Victor Wanyama,Tottenham Hotspur,Kenya,61
Marten de Roon,-,Netherlands,60
Riyad Mahrez,-,Algeria,59
Emre Can,-,Germany,57
Dejan Lovren,-,Croatia,57
Victor Moses,-,Nigeria,57
Stephen Ward,-,Ireland,57
André Ayew,-,Ghana,56
George Boyd,-,Scotland,56
Gary Cahill,-,England,56
Maya Yoshida,-,Japan,56
Damien Delaney,-,Ireland,55
Eric Dier,Tottenham Hotspur,England,55
Phil Jagielka,-,England,54
Paul Pogba,Manchester United,France,54
Stefano Okaka,-,Italy,53
Joe Allen,Stoke City,Wales,52
Cédric Soares,-,Portugal,52
Scott Dann,-,England,52
Curtis Davies,-,England,52
Fernandinho,Manchester City,Brazil,52
Alfie Mawson,-,England,52
Robert Snodgrass,-,Scotland,52
Enner Valencia,-,Ecuador,52
James Ward-Prowse,Southampton,England,52
Matt Phillips,West Bromwich Albion,Scotland,51
Alexis Sánchez,-,Chile,51
Victor Anichebe,Sunderland,Nigeria,50
Charlie Austin,-,England,50
Calum Chambers,Middlesbrough,England,50
Abel Hernández,-,Uruguay,50
Adam Smith,AFC Bournemouth,England,50
Jack Cork,-,England,49
M'Baye Niang,-,Senegal,49
Cheikhou Kouyaté,-,Senegal,47
Gareth McAuley,-,Northern Ireland,47
John O'Shea,-,Ireland,47
Toby Alderweireld,Tottenham Hotspur,Belgium,45
Miguel Britos,-,Uruguay,45
José Fonte,-,Portugal,45
Daniel Drinkwater,-,England,45
Odion Ighalo,-,Nigeria,45
Wes Morgan,Leicester City,Jamaica,45
Ryan Bertrand,-,England,44
Lamine Koné,Sunderland,Cote D'Ivoire,44
Oumar Niasse,-,Senegal,44
Héctor Bellerín,Arsenal,Spain,43
Geoff Cameron,-,United States,43
Nathaniel Clyne,-,England,43
Ben Davies,Tottenham Hotspur,Wales,43
Adam Lallana,-,England,43
James McClean,-,Ireland,43
Jay Rodriguez,-,England,43
Wayne Routledge,Swansea City,England,43
Joel Ward,-,England,43
Leroy Fer,-,Netherlands,42
Jeff Hendrick,Burnley,Ireland,42
Marcos Alonso,Chelsea,Spain,41
Scott Arfield,-,Canada,41
Adam Forshaw,-,England,41
N'Golo Kanté,Chelsea,France,41
Aleksandar Kolarov,-,Serbia,41
James McArthur,Crystal Palace,Scotland,41
Ross Barkley,-,England,40
Gaël Clichy,-,France,40
Olivier Giroud,-,France,40
Joel Matip,Liverpool,Cameroon,40
James Tomkins,Crystal Palace,England,40
Fabio,-,Brazil,39
Charlie Daniels,AFC Bournemouth,England,39
Gabriel Paulista,-,Brazil,39
Adama Diomande,-,Norway,39
Adnan Januzaj,-,Belgium,39
Martin Kelly,Crystal Palace,England,39
David Luiz,-,Brazil,39
Didier Ndong,Sunderland,Gabon,39
Erik Pieters,-,Netherlands,39
Jack Stephens,Southampton,England,39
Cristhian Stuani,Middlesbrough,Uruguay,39
Theo Walcott,-,England,39
Georginio Wijnaldum,Liverpool,Netherlands,39
Sam Clucas,-,England,38
Ahmed El Mohamady,-,Egypt,38
George Friend,Middlesbrough,England,38
Lucas Leiva,-,Brazil,38
Kevin Mirallas,-,Belgium,38
Kyle Naughton,-,England,38
Winston Reid,West Ham United,New Zealand,38
Jordan Ayew,-,Ghana,37
Darren Fletcher,-,Scotland,37
Matthew Lowton,-,England,37
Anthony Martial,Manchester United,France,37
Hal Robson-Kanu,West Bromwich Albion,Wales,37
Jordi Amat,-,Spain,36
Papy Djilobodji,Sunderland,Senegal,36
Federico Fernández,-,Argentina,36
Sebastian Prödl,Watford,Austria,36
Gastón Ramírez,-,Uruguay,36
Wayne Rooney,-,England,36
Etienne Capoue,Watford,France,35
Jason Denayer,-,Belgium,35
Christian Eriksen,Tottenham Hotspur,Denmark,35
Bernardo Espinosa,Middlesbrough,Colombia,35
Younes Kaboul,-,France,35
Andrea Ranocchia,Hull City,Italy,35
Leighton Baines,Everton,England,34
Wilfried Bony,-,Cote D'Ivoire,34
Fabio Borini,-,Italy,34
Eden Hazard,-,Belgium,34
Junior Stanislas,AFC Bournemouth,England,34
Jan Vertonghen,Tottenham Hotspur,Belgium,34
Aaron Cresswell,West Ham United,England,33
Michael Dawson,-,England,33
Rudy Gestede,Middlesbrough,Benin,33
Demarai Gray,-,England,33
Ragnar Klavan,-,Estonia,33
Daniel Amartey,-,Ghana,32
Marko Arnautovic,-,Austria,32
Philippe Coutinho,-,Brazil,32
Dan Gosling,AFC Bournemouth,England,32
Jake Livermore,West Bromwich Albion,England,32
David Silva,Manchester City,Spain,32
Virgil van Dijk,-,Netherlands,32
Nacer Chadli,-,Belgium,31
Ahmed Musa,-,Nigeria,31
Sergio Agüero,Manchester City,Argentina,30
Marc Albrighton,Leicester City,England,30
Eric Bailly,Manchester United,Cote D'Ivoire,30
Alex Oxlade-Chamberlain,-,England,30
Claudio Yacob,-,Argentina,30
Saido Berahino,-,Burundi,29
Steven Davis,-,Northern Ireland,29
Jonny Evans,-,Northern Ireland,29
Marouane Fellaini,-,Belgium,29
Borja Bastón,-,Spain,29
Harry Maguire,-,England,29
Bacary Sagna,-,France,29
Andrew Surman,AFC Bournemouth,England,29
James Collins,-,Wales,28
José Holebas,Watford,Greece,28
Marcos Rojo,-,Argentina,28
Morgan Schneiderlin,Everton,France,28
Yaya Touré,-,Cote D'Ivoire,28
Kyle Walker,-,England,28
Callum Wilson,AFC Bournemouth,England,28
Modou Barrow,-,Gambia,27
Kevin De Bruyne,Manchester City,Belgium,27
Ashley Fletcher,-,England,27
Ramiro Funes Mori,-,Argentina,27
Andre Gray,-,England,27
Raheem Sterling,Manchester City,England,27
John Stones,Manchester City,England,27
Dele Alli,Tottenham Hotspur,England,26
Tom Davies,Everton,England,26
Mason Holgate,-,England,26
Nemanja Matic,-,Serbia,26
Kieran Gibbs,-,England,25
Kelechi Iheanacho,-,Nigeria,25
James Morrison,West Bromwich Albion,Scotland,25
Alfred N'Diaye,Hull City,Senegal,25
Antonio Valencia,-,Ecuador,25
Granit Xhaka,Arsenal,Switzerland,25
Gareth Barry,-,England,24
Luka Milivojevic,Crystal Palace,Serbia,24
Henrikh Mkhitaryan,-,Armenia,24
Pedro Obiang,-,Equatorial Guinea,24
Marcus Rashford,Manchester United,England,24
Jack Rodwell,-,England,24
Duncan Watmore,Sunderland,England,24
Wilfried Zaha,Crystal Palace,Cote D'Ivoire,24
Yohan Benalouane,-,Tunisia,23
Jordan Henderson,Liverpool,England,23
Son Heung-Min,Tottenham Hotspur,South Korea,23
Adama Traoré,-,Mali,23
Antonio Barragán,-,Spain,22
Daley Blind,-,Netherlands,22
Sam Byram,-,England,22
Séamus Coleman,-,Ireland,22
Jay Fulton,-,Scotland,22
Manolo Gabbiadini,-,Italy,22
Joey Barton,-,England,21
Chris Brunt,West Bromwich Albion,Northern Ireland,21
Tom Cleverley,-,England,21
Jermain Defoe,-,England,21
Mousa Dembélé,-,Belgium,21
Abdoulaye Doucouré,Watford,France,21
Daryl Janmaat,Watford,Netherlands,21
Phil Jones,Manchester United,England,21
Martin Olsson,Swansea City,Sweden,21
Pedro,Chelsea,Spain,21
Simone Zaza,-,Italy,21
Sofiane Feghouli,-,Algeria,20
Andy King,-,Wales,20
Leroy Sané,Manchester City,Germany,20
Moussa Sissoko,Tottenham Hotspur,France,20
Daniel Ayala,Middlesbrough,Spain,19
Johann Gudmundsson,Burnley,Iceland,19
Yannick Bolasie,-,The Democratic Republic Of Congo,19
Idrissa Gueye,-,Senegal,19
Rob Holding,Arsenal,England,19
Christian Kabasele,Watford,Belgium,19
David Meyler,-,Ireland,19
Allan-Roméo Nyom,-,Cameroon,19
Nathan Redmond,-,England,19
James Tarkowski,Burnley,England,19
Nathan Aké,-,Netherlands,18
Ben Chilwell,Leicester City,England,18
Stewart Downing,-,England,18
Joe Ledley,-,Wales,18
Angelo Ogbonna,West Ham United,Italy,18
Jeffrey Schlupp,-,Ghana,18
Chris Smalling,-,England,18
Glenn Whelan,-,Ireland,18
Adam Clayton,Middlesbrough,England,17
Francis Coquelin,-,France,17
Ryan Fraser,AFC Bournemouth,Scotland,17
Ander Herrera,-,Spain,17
Donald Love,-,Scotland,17
Marc Pugh,-,England,17
Jordan Rhodes,-,Scotland,17
Mamadou Sakho,-,France,17
Gylfi Sigurdsson,-,Iceland,17
Patrick van Aanholt,Crystal Palace,Netherlands,17
Charlie Adam,-,Scotland,16
Phil Bardsley,-,Scotland,16
Jordy Clasie,-,Netherlands,16
Jesús Navas,-,Spain,16
Mesut Özil,Arsenal,Germany,16
Fernando,-,Brazil,16
Danny Rose,Tottenham Hotspur,England,16
Connor Wickham,Crystal Palace,England,16
Pablo Zabaleta,-,Argentina,16
Craig Cathcart,Watford,Northern Ireland,15
Will Keane,-,England,15
Jesse Lingard,Manchester United,England,15
Arthur Masuaku,West Ham United,The Democratic Republic Of Congo,15
Steven Pienaar,Sunderland,South Africa,15
Valon Behrami,-,Switzerland,14
Jonathan Calleri,-,Argentina,14
Matteo Darmian,-,Italy,14
Gabriel Jesus,Manchester City,Brazil,14
Cesc Fàbregas,-,Spain,14
Markus Henriksen,Hull City,Norway,14
Tom Huddlestone,-,England,14
Vincent Janssen,-,Netherlands,14
Manuel Lanzini,West Ham United,Argentina,14
Javier Manquillo,-,Spain,14
Adrian Mariappa,Watford,Jamaica,14
Tyrone Mings,-,England,14
Luciano Narsingh,-,Netherlands,14
Jason Puncheon,-,England,14
Dusan Tadic,-,Serbia,14
Mike van der Hoorn,Swansea City,Netherlands,14
Danny Welbeck,-,England,14
Sofiane Boufal,-,Morocco,13
Jan Kirchhoff,-,Germany,13
Sebastian Larsson,-,Sweden,13
Grant Leadbitter,-,England,13
Dean Marney,-,England,13
Ryan Mason,Hull City,England,13
Angel Rangel,-,Spain,13
Andrew Robertson,-,Scotland,13
Andros Townsend,Crystal Palace,England,13
Nolito,-,Spain,12
Yohan Cabaye,-,France,12
Edimilson Fernandes,-,Switzerland,12
Pierre-Emile Højbjerg,-,Denmark,12
Branislav Ivanovic,-,Serbia,12
Glen Johnson,-,England,12
Stephen Kingsley,-,Scotland,12
Diafra Sakho,-,Senegal,12
Daniel Sturridge,-,England,12
Willian,Chelsea,Brazil,11
Lewis Cook,AFC Bournemouth,England,11
Evandro,Hull City,Brazil,11
Kamil Grosicki,Hull City,Poland,11
Lazar Markovic,-,Serbia,11
Sam McQueen,-,England,11
Nordin Amrabat,-,Morocco,10
Tom Carroll,-,England,10
Steven Defour,-,Belgium,10
Omar Elabdellaoui,Hull City,Norway,10
Adlène Guédioura,-,Algeria,10
Luis Hernández,-,Spain,10
Alex Iwobi,-,Nigeria,10
Chung-Yong Lee,-,South Korea,10
Oliver McBurnie,-,Scotland,10
Aaron Ramsey,-,Wales,10
Jack Wilshere,-,England,10
Wahbi Khazri,-,Tunisia,9
Vincent Kompany,-,Belgium,9
Patrick McNair,-,Northern Ireland,9
Marc Muniesa,-,Spain,9
Harry Arter,-,Ireland,8
Patrick Bamford,-,England,8
Fraizer Campbell,-,England,8
Michael Carrick,-,England,8
Giannelli Imbula,-,The Democratic Republic Of Congo,8
Cuco Martina,-,Curacao,8
Mark Noble,West Ham United,England,8
Ramadan Sobhi,-,Egypt,8
Isaac Success,-,Nigeria,8
Robbie Brady,Burnley,Ireland,7
Oscar,-,Brazil,7
Lynden Gooch,-,United States,7
Jordon Ibe,AFC Bournemouth,England,7
Lys Mousset,-,France,7
Håvard Nordtveit,-,Norway,7
Dimitri Payet,-,France,7
Josh Sims,-,England,7
Juan Camilo Zuñiga,-,Colombia,7
Dominic Calvert-Lewin,Everton,England,6
Lee Cattermole,Sunderland,England,6
Ki Sung-yueng,-,South Korea,6
Erik Lamela,Tottenham Hotspur,Argentina,6
Juan Mata,Manchester United,Spain,6
Jonas Olsson,-,Sweden,6
Luke Shaw,Manchester United,England,6
John Terry,-,England,6
Philipp Wollscheid,-,Germany,6
Albert Adomah,-,Ghana,5
Michy Batshuayi,-,Belgium,5
Santi Cazorla,-,Spain,5
Mohamed Elneny,-,Egypt,5
Craig Gardner,-,England,5
Ilkay Gündogan,-,Germany,5
Aaron Lennon,-,England,5
James McCarthy,-,Ireland,5
Roberto Pereyra,Watford,Argentina,5
Xherdan Shaqiri,-,Switzerland,5
Jerome Sinclair,-,England,5
Pape Souaré,-,Senegal,5
Matt Targett,-,England,5
Neil Taylor,-,Wales,5
Kieran Trippier,-,England,5
Axel Tuanzebe,-,England,5
Josh Tymon,-,England,5
Ashley Young,Manchester United,England,5
Ibrahim Afellay,-,Netherlands,4
Jarrod Bowen,Hull City,England,4
Gerard Deulofeu,-,Spain,4
Viktor Fischer,-,Denmark,4
Jon Flanagan,-,England,4
Brendan Galloway,-,England,4
Darron Gibson,-,Ireland,4
Max-Alain Gradel,-,Cote D'Ivoire,4
Jonathan Leko,-,England,4
Kevin Long,-,Ireland,4
Ademola Lookman,-,England,4
Nampalys Mendy,-,France,4
Alberto Moreno,-,Spain,4
Jérémy Pied,-,France,4
Gökhan Töre,-,Turkey,4
Ashley Westwood,Burnley,England,4
Harry Winks,Tottenham Hotspur,England,4
Daniel Agyei,-,England,3
Fabian Delph,-,England,3
Sam Field,-,England,3
Timothy Fosu-Mensah,-,Netherlands,3
Ezekiel Fryers,-,England,3
Mile Jedinak,-,Australia,3
Carl Jenkinson,-,England,3
Lukas Jutkiewicz,-,England,3
Bojan,-,Spain,3
Jefferson Montero,-,Ecuador,3
Nsue,-,Equatorial Guinea,3
David Nugent,-,England,3
Bryan Oviedo,-,Costa Rica,3
Kevin Wimmer,-,Austria,3
Ben Woodburn,-,Wales,3
Leon Britton,Swansea City,England,2
Martín Cáceres,-,Uruguay,2
Nathan Dyer,Swansea City,England,2
Michael Kightly,-,England,2
Scott McTominay,Manchester United,Scotland,2
Matthew Pennington,-,England,2
Lucas Pérez,-,Spain,2
Harrison Reed,-,England,2
Bakary Sako,-,Mali,2
Adrián,-,Spain,2
Brad Smith,-,Australia,2
Ben Watson,-,England,2
Marc Wilson,-,Ireland,2
Kurt Zouma,-,France,2
Trent Alexander-Arnold,Liverpool,England,1
Álvaro Arbeloa,-,Spain,1
Joel Asoro,-,Sweden,1
Claudio Bravo,Manchester City,Chile,1
Nathaniel Chalobah,-,England,1
David de Gea,Manchester United,Spain,1
Memphis Depay,-,Netherlands,1
Michael Folivi,-,England,1
Declan Rice,-,England,1
Kevin Stewart,-,England,1
Marcin Wasilewski,-,Poland,1
Matt Worthington,-,England,1
Mauro Zárate,-,Argentina,1
Ron-Robert Zieler,-,Germany,1
Ben Foster,-,England,0
Eldin Jakupovic,Hull City,Switzerland,0