César Azpilicueta,Chelsea,Spain,"3,420"
Steve Cook,AFC Bournemouth,England,"3,420"
Fraser Forster,-,England,"3,420"
Ben Foster,-,England,"3,420"
Ben Gibson,-,England,"3,420"
Joel Ward,-,England,"3,418"
Heurelho Gomes,-,Brazil,"3,339"
Lukasz Fabianski,-,Poland,"3,330"
Gylfi Sigurdsson,-,Iceland,"3,328"
Nathaniel Clyne,-,England,"3,324"
Jermain Defoe,-,England,"3,322"
Gary Cahill,-,England,"3,296"
Craig Dawson,-,England,"3,278"
Romelu Lukaku,-,Belgium,"3,267"
Thibaut Courtois,-,Belgium,"3,240"
Matthew Lowton,-,England,"3,240"
Darren Fletcher,-,Scotland,"3,235"
Stephen Ward,-,Ireland,"3,232"
Alexis Sánchez,-,Chile,"3,223"
Etienne Capoue,Watford,France,"3,212"
César Azpilicueta,Chelsea,Spain,"3,420"
Steve Cook,AFC Bournemouth,England,"3,420"
Fraser Forster,-,England,"3,420"
Ben Foster,-,England,"3,420"
Ben Gibson,-,England,"3,420"
Joel Ward,-,England,"3,418"
Heurelho Gomes,-,Brazil,"3,339"
Lukasz Fabianski,-,Poland,"3,330"
Gylfi Sigurdsson,-,Iceland,"3,328"
Nathaniel Clyne,-,England,"3,324"
Jermain Defoe,-,England,"3,322"
Gary Cahill,-,England,"3,296"
Craig Dawson,-,England,"3,278"
Romelu Lukaku,-,Belgium,"3,267"
Thibaut Courtois,-,Belgium,"3,240"
Matthew Lowton,-,England,"3,240"
Darren Fletcher,-,Scotland,"3,235"
Stephen Ward,-,Ireland,"3,232"
Alexis Sánchez,-,Chile,"3,223"
Etienne Capoue,Watford,France,"3,212"
Sam Clucas,-,England,"3,188"
Christian Eriksen,Tottenham Hotspur,Denmark,"3,164"
James Milner,Liverpool,England,"3,159"
Ashley Williams,-,Wales,"3,158"
Nacho Monreal,-,Spain,"3,153"
Erik Pieters,-,Netherlands,"3,151"
Artur Boruc,AFC Bournemouth,Poland,"3,150"
David de Gea,Manchester United,Spain,"3,150"
Tom Heaton,-,England,"3,150"
Michael Keane,-,England,"3,150"
Ryan Shawcross,Stoke City,England,"3,150"
Bruno Martins Indi,-,Netherlands,"3,147"
Gareth McAuley,-,Northern Ireland,"3,143"
N'Golo Kanté,Chelsea,France,"3,139"
Christian Benteke,Crystal Palace,Belgium,"3,137"
Christian Fuchs,Leicester City,Austria,"3,103"
Adam Smith,AFC Bournemouth,England,"3,099"
Petr Cech,-,Czech Republic,"3,098"
Jason Puncheon,-,England,"3,094"
Diego Costa,-,Spain,"3,089"
Oriol Romeu,-,Spain,"3,072"
Roberto Firmino,Liverpool,Brazil,"3,068"
Charlie Daniels,AFC Bournemouth,England,"3,060"
Eric Dier,Tottenham Hotspur,England,"3,044"
Dele Alli,Tottenham Hotspur,England,"3,043"
Wilfried Zaha,Crystal Palace,Cote D'Ivoire,"3,025"
Ben Mee,Burnley,England,"3,015"
Victor Wanyama,Tottenham Hotspur,Kenya,"3,015"
Hugo Lloris,-,France,"3,005"
Eden Hazard,-,Belgium,"3,002"
Danny Simpson,-,England,"2,990"
Jake Livermore,West Bromwich Albion,England,"2,976"
Georginio Wijnaldum,Liverpool,Netherlands,"2,975"
Harry Arter,-,Ireland,"2,959"
David Luiz,-,Brazil,"2,956"
Troy Deeney,Watford,England,"2,941"
Simon Francis,AFC Bournemouth,England,"2,940"
Joe Allen,Stoke City,Wales,"2,936"
Robert Huth,-,Germany,"2,929"
José Holebas,Watford,Greece,"2,909"
Nathan Redmond,-,England,"2,907"
Ross Barkley,-,England,"2,905"
Jan Vertonghen,Tottenham Hotspur,Belgium,"2,897"
Salomón Rondón,-,Venezuela,"2,895"
Kevin De Bruyne,Manchester City,Belgium,"2,883"
Álvaro Negredo,-,Spain,"2,877"
Mesut Özil,Arsenal,Germany,"2,847"
José Fonte,-,Portugal,"2,845"
George Boyd,-,Scotland,"2,844"
Riyad Mahrez,-,Algeria,"2,835"
Laurent Koscielny,-,France,"2,823"
Leighton Baines,Everton,England,"2,821"
Jamie Vardy,Leicester City,England,"2,808"
Adam Clayton,Middlesbrough,England,"2,806"
Marten de Roon,-,Netherlands,"2,777"
Sebastian Prödl,Watford,Austria,"2,771"
David Silva,Manchester City,Spain,"2,766"
Fernandinho,Manchester City,Brazil,"2,754"
Andrew Robertson,-,Scotland,"2,736"
Cheikhou Kouyaté,-,Senegal,"2,727"
Marko Arnautovic,-,Austria,"2,724"
Joshua King,AFC Bournemouth,Norway,"2,719"
Kyle Naughton,-,England,"2,718"
Manuel Lanzini,West Ham United,Argentina,"2,711"
Kyle Walker,-,England,"2,704"
Adam Forshaw,-,England,"2,700"
Nemanja Matic,-,Serbia,"2,697"
Jeff Hendrick,Burnley,Ireland,"2,695"
Marcos Alonso,Chelsea,Spain,"2,694"
Idrissa Gueye,-,Senegal,"2,685"
Kasper Schmeichel,Leicester City,Denmark,"2,667"
Steven Davis,-,Northern Ireland,"2,644"
Jonny Evans,-,Northern Ireland,"2,638"
Allan-Roméo Nyom,-,Cameroon,"2,637"
Wayne Hennessey,-,Wales,"2,610"
Jordan Pickford,-,England,"2,610"
Paul Pogba,Manchester United,France,"2,608"
Toby Alderweireld,Tottenham Hotspur,Belgium,"2,604"
Nicolás Otamendi,Manchester City,Argentina,"2,592"
Winston Reid,West Ham United,New Zealand,"2,589"
Dejan Lovren,-,Croatia,"2,554"
Robert Snodgrass,-,Scotland,"2,550"
Lamine Koné,Sunderland,Cote D'Ivoire,"2,545"
Aleksandar Kolarov,-,Serbia,"2,533"
Harry Kane,Tottenham Hotspur,England,"2,531"
Andros Townsend,Crystal Palace,England,"2,526"
Cédric Soares,-,Portugal,"2,520"
Ahmed El Mohamady,-,Egypt,"2,520"
Lee Grant,-,England,"2,520"
Simon Mignolet,-,Belgium,"2,520"
Víctor Valdés,Middlesbrough,Spain,"2,520"
Didier Ndong,Sunderland,Gabon,"2,519"
Raheem Sterling,Manchester City,England,"2,515"
Ryan Bertrand,-,England,"2,508"
Héctor Bellerín,Arsenal,Spain,"2,499"
Patrick van Aanholt,Crystal Palace,Netherlands,"2,498"
Victor Moses,-,Nigeria,"2,494"
Granit Xhaka,Arsenal,Switzerland,"2,486"
Antonio Valencia,-,Ecuador,"2,483"
Chris Brunt,West Bromwich Albion,Northern Ireland,"2,478"
Daniel Drinkwater,-,England,"2,467"
Ander Herrera,-,Spain,"2,464"
Joel Matip,Liverpool,Cameroon,"2,456"
Fernando Llorente,-,Spain,"2,453"
Michail Antonio,-,England,"2,439"
Zlatan Ibrahimovic,-,Sweden,"2,437"
Federico Fernández,-,Argentina,"2,430"
Alfie Mawson,-,England,"2,430"
Wes Morgan,Leicester City,Jamaica,"2,430"
Dusan Tadic,-,Serbia,"2,426"
Marc Albrighton,Leicester City,England,"2,423"
Claudio Yacob,-,Argentina,"2,417"
Sergio Agüero,Manchester City,Argentina,"2,403"
Leroy Fer,-,Netherlands,"2,403"
Mark Noble,West Ham United,England,"2,398"
Emre Can,-,Germany,"2,368"
Adam Lallana,-,England,"2,346"
Séamus Coleman,-,Ireland,"2,317"
Harry Maguire,-,England,"2,307"
Miguel Britos,-,Uruguay,"2,283"
Glenn Whelan,-,Ireland,"2,277"
Shkodran Mustafi,Arsenal,Germany,"2,275"
Billy Jones,-,England,"2,270"
Andre Gray,-,England,"2,267"
Calum Chambers,Middlesbrough,England,"2,250"
Phil Jagielka,-,England,"2,249"
Philippe Coutinho,-,Brazil,"2,243"
Sadio Mané,Liverpool,Senegal,"2,240"
Jack Cork,-,England,"2,233"
Stewart Downing,-,England,"2,212"
Antonio Barragán,-,Spain,"2,196"
Matt Phillips,West Bromwich Albion,Scotland,"2,193"
John O'Shea,-,Ireland,"2,160"
Pedro,Chelsea,Spain,"2,151"
Nacer Chadli,-,Belgium,"2,147"
Curtis Davies,-,England,"2,137"
Yohan Cabaye,-,France,"2,132"
Martin Kelly,Crystal Palace,England,"2,128"
Gaël Clichy,-,France,"2,125"
Jordan Henderson,Liverpool,England,"2,118"
Aaron Cresswell,West Ham United,England,"2,117"
Gareth Barry,-,England,"2,112"
Scott Arfield,-,Canada,"2,104"
Nordin Amrabat,-,Morocco,"2,101"
Kevin Mirallas,-,Belgium,"2,080"
Maya Yoshida,-,Japan,"2,070"
Son Heung-Min,Tottenham Hotspur,South Korea,"2,068"
Mousa Dembélé,-,Belgium,"2,065"
Eric Bailly,Manchester United,Cote D'Ivoire,"2,060"
Sam Vokes,-,Wales,"2,055"
Valon Behrami,-,Switzerland,"2,036"
Tom Huddlestone,-,England,"2,024"
John Stones,Manchester City,England,"2,013"
James McArthur,Crystal Palace,Scotland,"2,010"
Damien Delaney,-,Ireland,"2,007"
Eldin Jakupovic,Hull City,Switzerland,"1,980"
Darren Randolph,-,Ireland,"1,980"
James Tomkins,Crystal Palace,England,"1,976"
Claudio Bravo,Manchester City,Chile,"1,969"
George Friend,Middlesbrough,England,"1,960"
Glen Johnson,-,England,"1,955"
Jack Wilshere,-,England,"1,949"
Yaya Touré,-,Cote D'Ivoire,"1,947"
Wayne Routledge,Swansea City,England,"1,927"
Theo Walcott,-,England,"1,925"
Younes Kaboul,-,France,"1,915"
James Ward-Prowse,Southampton,England,"1,884"
Jason Denayer,-,Belgium,"1,878"
Virgil van Dijk,-,Netherlands,"1,854"
Fabio,-,Brazil,"1,849"
Tom Cleverley,-,England,"1,843"
Daley Blind,-,Netherlands,"1,829"
Andrew Surman,AFC Bournemouth,England,"1,792"
Leroy Sané,Manchester City,Germany,"1,786"
Francis Coquelin,-,France,"1,785"
Ashley Barnes,Burnley,Austria,"1,775"
Dean Marney,-,England,"1,770"
Ryan Fraser,AFC Bournemouth,Scotland,"1,767"
Pedro Obiang,-,Equatorial Guinea,"1,766"
Angelo Ogbonna,West Ham United,Italy,"1,755"
Scott Dann,-,England,"1,744"
Fabio Borini,-,Italy,"1,740"
James Morrison,West Bromwich Albion,Scotland,"1,738"
Joel Robles,-,Spain,"1,736"
Ben Davies,Tottenham Hotspur,Wales,"1,735"
Michael Dawson,-,England,"1,721"
Xherdan Shaqiri,-,Switzerland,"1,707"
Marcus Rashford,Manchester United,England,"1,701"
Maarten Stekelenburg,Everton,Netherlands,"1,684"
Daniel Amartey,-,Ghana,"1,666"
Marcos Rojo,-,Argentina,"1,660"
James Collins,-,Wales,"1,654"
Adnan Januzaj,-,Belgium,"1,629"
Geoff Cameron,-,United States,"1,628"
Juan Mata,Manchester United,Spain,"1,628"
Daryl Janmaat,Watford,Netherlands,"1,615"
Michael Carrick,-,England,"1,599"
Marouane Fellaini,-,Belgium,"1,599"
Phil Jones,Manchester United,England,"1,585"
Papy Djilobodji,Sunderland,Senegal,"1,577"
Shinji Okazaki,-,Japan,"1,572"
Alex Oxlade-Chamberlain,-,England,"1,562"
Anthony Martial,Manchester United,France,"1,559"
Gastón Ramírez,-,Uruguay,"1,549"
Tom Davies,Everton,England,"1,543"
Ramiro Funes Mori,-,Argentina,"1,539"
Wayne Rooney,-,England,"1,539"
Adama Traoré,-,Spain,"1,535"
Danny Rose,Tottenham Hotspur,England,"1,533"
Willian,Chelsea,Brazil,"1,529"
Wilfred Ndidi,Leicester City,Nigeria,"1,522"
Gabriel Paulista,-,Brazil,"1,516"
Dimitri Payet,-,France,"1,513"
Charlie Adam,-,Scotland,"1,495"
Jack Rodwell,-,England,"1,493"
Junior Stanislas,AFC Bournemouth,England,"1,476"
Sebastian Larsson,-,Sweden,"1,471"
Jack Stephens,Southampton,England,"1,469"
James McClean,-,Ireland,"1,464"
Alex Iwobi,-,Nigeria,"1,462"
Divock Origi,-,Belgium,"1,459"
Benik Afobe,-,The Democratic Republic Of Congo,"1,454"
Willy Caballero,-,Argentina,"1,451"
Andy King,-,Wales,"1,445"
André Ayew,-,Ghana,"1,440"
David Marshall,-,Scotland,"1,440"
Adrián,-,Spain,"1,440"
Abel Hernández,-,Uruguay,"1,428"
Javier Manquillo,-,Spain,"1,428"
Jordi Amat,-,Spain,"1,408"
Ragnar Klavan,-,Estonia,"1,408"
Tom Carroll,-,England,"1,389"
Mame Biram Diouf,Stoke City,Senegal,"1,382"
Mason Holgate,-,England,"1,371"
Jesse Lingard,Manchester United,England,"1,366"
Callum Wilson,AFC Bournemouth,England,"1,363"
Cristhian Stuani,Middlesbrough,Uruguay,"1,361"
Abdoulaye Doucouré,Watford,France,"1,359"
Dan Gosling,AFC Bournemouth,England,"1,357"
Henrikh Mkhitaryan,-,Armenia,"1,349"
Bacary Sagna,-,France,"1,345"
Peter Crouch,-,England,"1,335"
Matteo Darmian,-,Italy,"1,333"
Marc Pugh,-,England,"1,331"
Andrea Ranocchia,Hull City,Italy,"1,329"
Cesc Fàbregas,-,Spain,"1,327"
Andy Carroll,-,England,"1,313"
Pierre-Emile Højbjerg,-,Denmark,"1,299"
Jonathan Walters,-,Ireland,"1,296"
Odion Ighalo,-,Nigeria,"1,291"
Ki Sung-yueng,-,South Korea,"1,287"
Islam Slimani,-,Algeria,"1,279"
Alfred N'Diaye,Hull City,Senegal,"1,277"
M'Baye Niang,-,Senegal,"1,254"
Martin Olsson,Swansea City,Sweden,"1,253"
Shane Long,-,Ireland,"1,248"
Sam Byram,-,England,"1,247"
Aaron Ramsey,-,Wales,"1,229"
Luka Milivojevic,Crystal Palace,Serbia,"1,227"
Victor Anichebe,Sunderland,Nigeria,"1,216"
Chris Smalling,-,England,"1,215"
Olivier Giroud,-,France,"1,194"
Leon Britton,Swansea City,England,"1,176"
Phil Bardsley,-,Scotland,"1,170"
Adama Diomande,-,Norway,"1,169"
Craig Cathcart,Watford,Northern Ireland,"1,161"
Joe Ledley,-,Wales,"1,161"
Modou Barrow,-,Gambia,"1,149"
Jeffrey Schlupp,-,Ghana,"1,136"
Lucas Leiva,-,Brazil,"1,105"
Joey Barton,-,England,"1,104"
Sofiane Boufal,-,Morocco,"1,101"
Oumar Niasse,-,Senegal,"1,095"
Steven Defour,-,Belgium,"1,078"
Morgan Schneiderlin,Everton,France,"1,070"
Pablo Zabaleta,-,Argentina,"1,059"
Jesús Navas,-,Spain,"1,058"
Jordon Ibe,AFC Bournemouth,England,"1,057"
Bryan Oviedo,-,Costa Rica,"1,056"
Yannick Bolasie,-,The Democratic Republic Of Congo,"1,052"
Roberto Pereyra,Watford,Argentina,"1,040"
Sofiane Feghouli,-,Algeria,"1,038"
Demarai Gray,-,England,"1,038"
Stephen Kingsley,-,Scotland,"1,036"
Duncan Watmore,Sunderland,England,"1,028"
Jordy Clasie,-,Netherlands,"1,026"
Lazar Markovic,-,Serbia,"1,011"
Johann Gudmundsson,Burnley,Iceland,994
Edimilson Fernandes,-,Switzerland,986
Bernardo Espinosa,Middlesbrough,Colombia,975
Arthur Masuaku,West Ham United,The Democratic Republic Of Congo,971
Saido Berahino,-,Burundi,966
Håvard Nordtveit,-,Norway,956
David Meyler,-,Ireland,954
Stefano Okaka,-,Italy,954
Charlie Austin,-,England,939
Ryan Mason,Hull City,England,928
Neil Taylor,-,Wales,922
Enner Valencia,-,Ecuador,921
Yohan Benalouane,-,Tunisia,920
Daniel Ayala,Middlesbrough,Spain,917
Kamil Grosicki,Hull City,Poland,916
Moussa Sissoko,Tottenham Hotspur,France,902
Brad Guzan,-,United States,900
Loris Karius,-,Germany,900
Jay Rodriguez,-,England,881
Jordan Ayew,-,Ghana,863
Ramadan Sobhi,-,Egypt,848
Wahbi Khazri,-,Tunisia,838
Vincent Janssen,-,Netherlands,832
Nathan Aké,-,Netherlands,831
Vincent Kompany,-,Belgium,823
Angel Rangel,-,Spain,823
Juan Camilo Zuñiga,-,Colombia,813
Rob Holding,Arsenal,England,810
Steve Mandanda,-,France,810
Vito Mannone,-,Italy,810
Steven Pienaar,Sunderland,South Africa,808
Adlène Guédioura,-,Algeria,796
Giannelli Imbula,-,The Democratic Republic Of Congo,796
Nolito,-,Spain,778
Daniel Sturridge,-,England,769
Christian Kabasele,Watford,Belgium,767
Dieudonne Mbokani Bezua,Hull City,The Democratic Republic Of Congo,763
Ashley Young,Manchester United,England,756
Ahmed Musa,-,Nigeria,753
Ron-Robert Zieler,-,Germany,753
Danny Welbeck,-,England,746
Manolo Gabbiadini,-,Italy,731
Robbie Brady,Burnley,Ireland,716
Ilkay Gündogan,-,Germany,709
Grant Leadbitter,-,England,707
Kieran Gibbs,-,England,702
Ben Chilwell,Leicester City,England,696
Mohamed Elneny,-,Egypt,694
Jay Fulton,-,Scotland,692
Luke Shaw,Manchester United,England,692
Wilfried Bony,-,Cote D'Ivoire,690
Mamadou Sakho,-,France,687
Hal Robson-Kanu,West Bromwich Albion,Wales,683
Mike van der Hoorn,Swansea City,Netherlands,661
Gabriel Jesus,Manchester City,Brazil,650
Marc Muniesa,-,Spain,648
Darron Gibson,-,Ireland,641
Lee Cattermole,Sunderland,England,640
Markus Henriksen,Hull City,Norway,633
Santi Cazorla,-,Spain,619
Omar Elabdellaoui,Hull City,Norway,616
James McCarthy,-,Ireland,612
Sam McQueen,-,England,608
Donald Love,-,Scotland,607
Erik Lamela,Tottenham Hotspur,Argentina,592
Cuco Martina,-,Curacao,591
Jonas Olsson,-,Sweden,591
Branislav Ivanovic,-,Serbia,584
Evandro,Hull City,Brazil,576
Kieran Trippier,-,England,566
Adrian Mariappa,Watford,Jamaica,561
Fernando,-,Brazil,560
James Tarkowski,Burnley,England,556
Ashley Westwood,Burnley,England,550
Borja Bastón,-,Spain,547
Jonathan Calleri,-,Argentina,537
Kelechi Iheanacho,-,Nigeria,527
Rudy Gestede,Middlesbrough,Benin,525
Aaron Lennon,-,England,509
Tyrone Mings,-,England,506
Isaac Success,-,Nigeria,505
John Terry,-,England,494
Harry Winks,Tottenham Hotspur,England,477
Bojan,-,Spain,475
Chung-Yong Lee,-,South Korea,466
Simone Zaza,-,Italy,460
Gerard Deulofeu,-,Spain,457
Oscar,-,Brazil,456
Jack Butland,-,England,450
Shay Given,-,Ireland,450
Viktor Fischer,-,Denmark,438
Jan Kirchhoff,-,Germany,436
Leonardo Ulloa,-,Argentina,435
Lewis Cook,AFC Bournemouth,England,431
Michel Vorm,-,Netherlands,415
Connor Wickham,Crystal Palace,England,411
Luciano Narsingh,-,Netherlands,410
Ibrahim Afellay,-,Netherlands,377
Jefferson Montero,-,Ecuador,375
Matt Targett,-,England,374
Lynden Gooch,-,United States,364
Jon Flanagan,-,England,359
Kevin Wimmer,-,Austria,356
Ashley Fletcher,-,England,354
Patrick McNair,-,Northern Ireland,354
Dominic Calvert-Lewin,Everton,England,345
Luis Hernández,-,Spain,326
Josh Tymon,-,England,324
Nsue,-,Equatorial Guinea,322
Patrick Bamford,-,England,315
Axel Tuanzebe,-,England,305
Alberto Moreno,-,Spain,298
Ademola Lookman,-,England,290
Will Keane,-,England,282
Shaun Maloney,Hull City,Scotland,279
Sam Field,-,England,276
Brad Smith,-,Australia,272
Nampalys Mendy,-,France,271
Kevin Long,-,Ireland,270
Paul Robinson,-,England,270
Mathieu Flamini,-,France,269
Pape Souaré,-,Senegal,269
Lys Mousset,-,France,265
Lucas Pérez,-,Spain,265
Álvaro Arbeloa,-,Spain,256
Marc Wilson,-,Ireland,255
Brendan Galloway,-,England,248
Kurt Zouma,-,France,246
Michy Batshuayi,-,Belgium,239
Gökhan Töre,-,Turkey,239
George Honeyman,-,England,233
Fabian Delph,-,England,220
Craig Gardner,-,England,213
Nathan Dyer,Swansea City,England,211
Jordan Rhodes,-,Scotland,208
Josh Sims,-,England,206
Mauro Zárate,-,Argentina,206
Ezekiel Fryers,-,England,182
Diafra Sakho,-,Senegal,181
Asmir Begovic,-,Bosnia And Herzegovina,180
Adam Federici,-,Australia,180
Emiliano Martínez,-,Argentina,180
Matthew Pennington,-,England,180
Sergio Romero,Manchester United,Argentina,180
Philipp Wollscheid,-,Germany,180
Jarrod Bowen,Hull City,England,178
Trent Alexander-Arnold,Liverpool,England,165
Nathaniel Chalobah,-,England,159
Fraizer Campbell,-,England,154
David Ospina,-,Colombia,142
Bakary Sako,-,Mali,136
Loïc Rémy,-,France,131
Jérémy Pied,-,France,126
Max-Alain Gradel,-,Cote D'Ivoire,125
Joleon Lescott,Sunderland,England,123
Albert Adomah,-,Ghana,121
Jerome Sinclair,-,England,114
Brandon Mason,-,England,112
Jonathan Leko,-,England,111
Michael Kightly,-,England,103
Timothy Fosu-Mensah,-,Netherlands,96
Scott McTominay,Manchester United,Scotland,96
Ryan Allsop,-,England,90
Martín Cáceres,-,Uruguay,90
Joel Pereira,-,Portugal,90
Josh Harrop,-,England,90
Mile Jedinak,-,Australia,90
Demetri Mitchell,-,England,90
Kristoffer Nordfeldt,-,Sweden,90
Kenedy,-,Brazil,90
Marcin Wasilewski,-,Poland,90
David Jones,-,England,87
Carl Jenkinson,-,England,83
Aiden O'Neill,-,Australia,83
Ben Woodburn,-,Wales,83
Costel Pantilimon,-,Romania,81
Oliver McBurnie,-,Scotland,77
Aleix García,-,Spain,75
Arouna Koné,-,Cote D'Ivoire,72
Jeremain Lens,-,Netherlands,68
Harrison Reed,-,England,62
James Husband,-,England,59
Lewis Grabban,-,England,57
Andrew Eleftheriou,-,England,51
Ben Watson,-,England,51
Jordon Mutch,-,England,50
Georges-Kévin Nkoudou,-,France,49
Julien Ngoy,-,Belgium,44
David Nugent,-,England,40
Marko Grujic,-,Serbia,38
Per Mertesacker,-,Germany,37
Ruben Loftus-Cheek,-,England,31
Ola Aina,-,Nigeria,24
Daniel Agyei,-,England,23
Sullay Kaikai,-,England,23
Dion Pereira,-,England,23
Memphis Depay,-,Netherlands,20
Josh Onomah,-,England,18
Kevin Stewart,-,England,18
Mathieu Debuchy,-,France,16
Matt Worthington,-,England,16
Samir Nasri,-,France,15
Baily Cargill,-,England,12
Jonjoe Kenny,-,England,12
Rickie Lambert,-,England,12
Lukas Jutkiewicz,-,England,11
Ikechi Anya,-,Scotland,9
Joel Asoro,-,Sweden,9
Michael Folivi,-,England,9
Jonathan Benteke,-,Belgium,6
Ovie Ejaria,-,England,6
Filip Lesniak,-,Slovakia,4
Angel Gomes,-,England,2