Kevin De Bruyne,Manchester City,Belgium,18
Christian Eriksen,Tottenham Hotspur,Denmark,15
Gylfi Sigurdsson,-,Iceland,13
Cesc Fàbregas,-,Spain,12
Alexis Sánchez,-,Chile,10
Mesut Özil,Arsenal,Germany,9
Pedro,Chelsea,Spain,9
Georginio Wijnaldum,Liverpool,Netherlands,9
Wilfried Zaha,Crystal Palace,Cote D'Ivoire,9
Ross Barkley,-,England,8
Matt Phillips,West Bromwich Albion,Scotland,8
Dele Alli,Tottenham Hotspur,England,7
Roberto Firmino,Liverpool,Brazil,7
Philippe Coutinho,-,Brazil,7
Diego Costa,-,Spain,7
Harry Kane,Tottenham Hotspur,England,7
Adam Lallana,-,England,7
Nemanja Matic,-,Serbia,7
Alex Oxlade-Chamberlain,-,England,7
David Silva,Manchester City,Spain,7
Marc Albrighton,Leicester City,England,6
Ander Herrera,-,Spain,6
Romelu Lukaku,-,Belgium,6
Anthony Martial,Manchester United,France,6
Kevin Mirallas,-,Belgium,6
Dimitri Payet,-,France,6
Son Heung-Min,Tottenham Hotspur,South Korea,6
Raheem Sterling,Manchester City,England,6
Marko Arnautovic,-,Austria,5
Nacer Chadli,-,Belgium,5
Ryan Fraser,AFC Bournemouth,Scotland,5
Eden Hazard,-,Belgium,5
Zlatan Ibrahimovic,-,Sweden,5
Sadio Mané,Liverpool,Senegal,5
Jason Puncheon,-,England,5
Wayne Rooney,-,England,5
Adam Smith,AFC Bournemouth,England,5
Robert Snodgrass,-,Scotland,5
Junior Stanislas,AFC Bournemouth,England,5
Dusan Tadic,-,Serbia,5
Kieran Trippier,-,England,5
Jamie Vardy,Leicester City,England,5
Kyle Walker,-,England,5
Harry Arter,-,Ireland,4
César Azpilicueta,Chelsea,Spain,4
Héctor Bellerín,Arsenal,Spain,4
Ryan Bertrand,-,England,4
Yannick Bolasie,-,The Democratic Republic Of Congo,4
Chris Brunt,West Bromwich Albion,Northern Ireland,4
Gabriel Jesus,Manchester City,Brazil,4
Troy Deeney,Watford,England,4
Christian Fuchs,Leicester City,Austria,4
Kamil Grosicki,Hull City,Poland,4
Jordan Henderson,Liverpool,England,4
José Holebas,Watford,Greece,4
Álvaro Negredo,-,Spain,4
Paul Pogba,Manchester United,France,4
Aaron Ramsey,-,Wales,4
Islam Slimani,-,Algeria,4
Andros Townsend,Crystal Palace,England,4
James Ward-Prowse,Southampton,England,4
Charlie Adam,-,Scotland,3
Benik Afobe,-,The Democratic Republic Of Congo,3
Sergio Agüero,Manchester City,Argentina,3
Marcos Alonso,Chelsea,Spain,3
Cédric Soares,-,Portugal,3
Nordin Amrabat,-,Morocco,3
Michail Antonio,-,England,3
André Ayew,-,Ghana,3
Jordan Ayew,-,Ghana,3
Leighton Baines,Everton,England,3
Yohan Cabaye,-,France,3
Séamus Coleman,-,Ireland,3
Charlie Daniels,AFC Bournemouth,England,3
Ben Davies,Tottenham Hotspur,Wales,3
Tom Davies,Everton,England,3
Steven Davis,-,Northern Ireland,3
Steven Defour,-,Belgium,3
Stewart Downing,-,England,3
Sofiane Feghouli,-,Algeria,3
Viktor Fischer,-,Denmark,3
Darren Fletcher,-,Scotland,3
Olivier Giroud,-,France,3
Demarai Gray,-,England,3
Andre Gray,-,England,3
Abel Hernández,-,Uruguay,3
Kelechi Iheanacho,-,Nigeria,3
Alex Iwobi,-,Nigeria,3
Adnan Januzaj,-,Belgium,3
Lucas Leiva,-,Brazil,3
Riyad Mahrez,-,Algeria,3
Juan Mata,Manchester United,Spain,3
James McArthur,Crystal Palace,Scotland,3
James Milner,Liverpool,England,3
Luciano Narsingh,-,Netherlands,3
Divock Origi,-,Belgium,3
Gastón Ramírez,-,Uruguay,3
Leroy Sané,Manchester City,Germany,3
Antonio Valencia,-,Ecuador,3
Sam Vokes,-,Wales,3
Ashley Williams,-,Wales,3
Nolito,-,Spain,2
Joe Allen,Stoke City,Wales,2
Ashley Barnes,Burnley,Austria,2
Modou Barrow,-,Gambia,2
Christian Benteke,Crystal Palace,Belgium,2
Johann Gudmundsson,Burnley,Iceland,2
Daley Blind,-,Netherlands,2
Willian,Chelsea,Brazil,2
Robbie Brady,Burnley,Ireland,2
Miguel Britos,-,Uruguay,2
Emre Can,-,Germany,2
Tom Carroll,-,England,2
Santi Cazorla,-,Spain,2
Adam Clayton,Middlesbrough,England,2
Tom Cleverley,-,England,2
Nathaniel Clyne,-,England,2
Lewis Cook,AFC Bournemouth,England,2
Aaron Cresswell,West Ham United,England,2
Peter Crouch,-,England,2
Curtis Davies,-,England,2
Jermain Defoe,-,England,2
Damien Delaney,-,Ireland,2
Mame Biram Diouf,Stoke City,Senegal,2
Ahmed El Mohamady,-,Egypt,2
Leroy Fer,-,Netherlands,2
Federico Fernández,-,Argentina,2
George Friend,Middlesbrough,England,2
Robert Huth,-,Germany,2
Phil Jagielka,-,England,2
Vincent Janssen,-,Netherlands,2
Martin Kelly,Crystal Palace,England,2
Joshua King,AFC Bournemouth,Norway,2
Manuel Lanzini,West Ham United,Argentina,2
Jesse Lingard,Manchester United,England,2
Matthew Lowton,-,England,2
Harry Maguire,-,England,2
Shaun Maloney,Hull City,Scotland,2
Dean Marney,-,England,2
James McClean,-,Ireland,2
Nacho Monreal,-,Spain,2
James Morrison,West Bromwich Albion,Scotland,2
Victor Moses,-,Nigeria,2
Shkodran Mustafi,Arsenal,Germany,2
M'Baye Niang,-,Senegal,2
Allan-Roméo Nyom,-,Cameroon,2
Roberto Pereyra,Watford,Argentina,2
Marc Pugh,-,England,2
Andrea Ranocchia,Hull City,Italy,2
Winston Reid,West Ham United,New Zealand,2
Andrew Robertson,-,Scotland,2
Hal Robson-Kanu,West Bromwich Albion,Wales,2
Jay Rodriguez,-,England,2
Salomón Rondón,-,Venezuela,2
Danny Rose,Tottenham Hotspur,England,2
Xherdan Shaqiri,-,Switzerland,2
Danny Simpson,-,England,2
Moussa Sissoko,Tottenham Hotspur,France,2
Theo Walcott,-,England,2
Jonathan Walters,-,Ireland,2
Duncan Watmore,Sunderland,England,2
Danny Welbeck,-,England,2
Jack Wilshere,-,England,2
Granit Xhaka,Arsenal,Switzerland,2
Nathan Aké,-,Netherlands,1
Daniel Amartey,-,Ghana,1
Charlie Austin,-,England,1
Gareth Barry,-,England,1
Michy Batshuayi,-,Belgium,1
George Boyd,-,Scotland,1
Sam Byram,-,England,1
Geoff Cameron,-,United States,1
Etienne Capoue,Watford,France,1
Andy Carroll,-,England,1
Craig Cathcart,Watford,Northern Ireland,1
Nathaniel Chalobah,-,England,1
Calum Chambers,Middlesbrough,England,1
Jordy Clasie,-,Netherlands,1
Sam Clucas,-,England,1
Scott Dann,-,England,1
Mousa Dembélé,-,Belgium,1
Oscar,-,Brazil,1
Daniel Drinkwater,-,England,1
Nathan Dyer,Swansea City,England,1
Mohamed Elneny,-,Egypt,1
Jonny Evans,-,Northern Ireland,1
Adam Forshaw,-,England,1
Simon Francis,AFC Bournemouth,England,1
Ezekiel Fryers,-,England,1
Ramiro Funes Mori,-,Argentina,1
Craig Gardner,-,England,1
Kieran Gibbs,-,England,1
Ben Gibson,-,England,1
Lewis Grabban,-,England,1
Adlène Guédioura,-,Algeria,1
Idrissa Gueye,-,Senegal,1
Ilkay Gündogan,-,Germany,1
Jeff Hendrick,Burnley,Ireland,1
Mason Holgate,-,England,1
Odion Ighalo,-,Nigeria,1
Daryl Janmaat,Watford,Netherlands,1
N'Golo Kanté,Chelsea,France,1
Michael Keane,-,England,1
Ki Sung-yueng,-,South Korea,1
Aleksandar Kolarov,-,Serbia,1
Erik Lamela,Tottenham Hotspur,Argentina,1
Sebastian Larsson,-,Sweden,1
Chung-Yong Lee,-,South Korea,1
Jonathan Leko,-,England,1
Aaron Lennon,-,England,1
Filip Lesniak,-,Slovakia,1
Jake Livermore,West Bromwich Albion,England,1
Fernando Llorente,-,Spain,1
Shane Long,-,Ireland,1
Donald Love,-,Scotland,1
Dejan Lovren,-,Croatia,1
Fernandinho,Manchester City,Brazil,1
Arthur Masuaku,West Ham United,The Democratic Republic Of Congo,1
Dieudonne Mbokani Bezua,Hull City,The Democratic Republic Of Congo,1
Gareth McAuley,-,Northern Ireland,1
James McCarthy,-,Ireland,1
Henrikh Mkhitaryan,-,Armenia,1
Jefferson Montero,-,Ecuador,1
Alberto Moreno,-,Spain,1
Wilfred Ndidi,Leicester City,Nigeria,1
Oumar Niasse,-,Senegal,1
Håvard Nordtveit,-,Norway,1
John O'Shea,-,Ireland,1
Pedro Obiang,-,Equatorial Guinea,1
Shinji Okazaki,-,Japan,1
Nicolás Otamendi,Manchester City,Argentina,1
Erik Pieters,-,Netherlands,1
Sebastian Prödl,Watford,Austria,1
Marcus Rashford,Manchester United,England,1
Nathan Redmond,-,England,1
Joel Robles,-,Spain,1
Jack Rodwell,-,England,1
Wayne Routledge,Swansea City,England,1
Bacary Sagna,-,France,1
Luke Shaw,Manchester United,England,1
Ryan Shawcross,Stoke City,England,1
Josh Sims,-,England,1
Chris Smalling,-,England,1
Ramadan Sobhi,-,Egypt,1
Jack Stephens,Southampton,England,1
Daniel Sturridge,-,England,1
Isaac Success,-,Nigeria,1
Andrew Surman,AFC Bournemouth,England,1
Gökhan Töre,-,Turkey,1
Adama Traoré,-,Spain,1
Enner Valencia,-,Ecuador,1
Patrick van Aanholt,Crystal Palace,Netherlands,1
Victor Wanyama,Tottenham Hotspur,Kenya,1
Joel Ward,-,England,1
Stephen Ward,-,Ireland,1
Glenn Whelan,-,Ireland,1
Harry Winks,Tottenham Hotspur,England,1
Ashley Young,Manchester United,England,1
Pablo Zabaleta,-,Argentina,1
Kurt Zouma,-,France,1