player,team ,nation ,ABW
Christian Benteke,Crystal Palace,Belgium,322
Sam Vokes,-,Wales,212
Troy Deeney,Watford,England,192
Álvaro Negredo,-,Spain,175
Peter Crouch,-,England,171
Andy Carroll,-,England,164
Fernando Llorente,-,Spain,156
Michael Keane,-,England,152
Steve Cook,AFC Bournemouth,England,145
Romelu Lukaku,-,Belgium,136
Craig Dawson,-,England,131
Ryan Shawcross,Stoke City,England,129
Ben Mee,Burnley,England,126
Nicolás Otamendi,Manchester City,Argentina,117
Laurent Koscielny,-,France,116
Simon Francis,AFC Bournemouth,England,115
Gareth McAuley,-,Northern Ireland,113
Salomón Rondón,-,Venezuela,107
Jan Vertonghen,Tottenham Hotspur,Belgium,106
Dejan Lovren,-,Croatia,103
Shkodran Mustafi,Arsenal,Germany,103
Ashley Barnes,Burnley,Austria,101
Virgil van Dijk,-,Netherlands,98
Billy Jones,-,England,95
Marouane Fellaini,-,Belgium,94
Robert Huth,-,Germany,94
Gary Cahill,-,England,91
Phil Jagielka,-,England,90
Jamie Vardy,Leicester City,England,90
Miguel Britos,-,Uruguay,86
Aleksandar Kolarov,-,Serbia,84
Alfie Mawson,-,England,84
Zlatan Ibrahimovic,-,Sweden,83
Paul Pogba,Manchester United,France,83
Ashley Williams,-,Wales,82
César Azpilicueta,Chelsea,Spain,81
Mame Biram Diouf,Stoke City,Senegal,81
Rudy Gestede,Middlesbrough,Benin,81
Victor Anichebe,Sunderland,Nigeria,79
José Fonte,-,Portugal,79
Cheikhou Kouyaté,-,Senegal,79
Leroy Fer,-,Netherlands,77
Lamine Koné,Sunderland,Cote D'Ivoire,77
Oriol Romeu,-,Spain,75
Maya Yoshida,-,Japan,75
Curtis Davies,-,England,74
Marcos Alonso,Chelsea,Spain,73
Eric Dier,Tottenham Hotspur,England,73
Calum Chambers,Middlesbrough,England,71
Federico Fernández,-,Argentina,69
Christian Fuchs,Leicester City,Austria,69
Harry Maguire,-,England,69
Emre Can,-,Germany,68
Scott Dann,-,England,68
Marten de Roon,-,Netherlands,67
Jonathan Walters,-,Ireland,66
Younes Kaboul,-,France,65
Wes Morgan,Leicester City,Jamaica,65
Kyle Naughton,-,England,65
Roberto Firmino,Liverpool,Brazil,64
Stephen Ward,-,Ireland,64
Joel Matip,Liverpool,Cameroon,63
Sebastian Prödl,Watford,Austria,62
Victor Wanyama,Tottenham Hotspur,Kenya,62
Joel Ward,-,England,62
Ben Gibson,-,England,61
David Luiz,-,Brazil,60
Kyle Walker,-,England,60
James Collins,-,Wales,59
Damien Delaney,-,Ireland,59
Ahmed El Mohamady,-,Egypt,59
Wilfred Ndidi,Leicester City,Nigeria,59
Bruno Martins Indi,-,Netherlands,58
John O'Shea,-,Ireland,58
James Tomkins,Crystal Palace,England,58
Michail Antonio,-,England,57
Nacho Monreal,-,Spain,57
Papy Djilobodji,Sunderland,Senegal,56
Martin Kelly,Crystal Palace,England,56
James Milner,Liverpool,England,56
Geoff Cameron,-,United States,55
Winston Reid,West Ham United,New Zealand,55
Erik Pieters,-,Netherlands,54
Islam Slimani,-,Algeria,54
Matthew Lowton,-,England,53
Lucas Leiva,-,Brazil,52
Fernandinho,Manchester City,Brazil,52
Danny Simpson,-,England,52
Olivier Giroud,-,France,50
Gabriel Paulista,-,Brazil,49
John Stones,Manchester City,England,49
Ben Davies,Tottenham Hotspur,Wales,48
Chris Smalling,-,England,48
Leonardo Ulloa,-,Argentina,48
George Friend,Middlesbrough,England,47
José Holebas,Watford,Greece,47
Cristhian Stuani,Middlesbrough,Uruguay,47
Michael Dawson,-,England,46
Ramiro Funes Mori,-,Argentina,46
Phil Jones,Manchester United,England,46
Harry Kane,Tottenham Hotspur,England,46
Marcos Rojo,-,Argentina,46
Claudio Yacob,-,Argentina,46
Jonny Evans,-,Northern Ireland,45
Shane Long,-,Ireland,45
Diego Costa,-,Spain,44
Angelo Ogbonna,West Ham United,Italy,44
Charlie Austin,-,England,43
Andrea Ranocchia,Hull City,Italy,43
Toby Alderweireld,Tottenham Hotspur,Belgium,42
Ross Barkley,-,England,42
Ryan Bertrand,-,England,42
Fabio,-,Brazil,42
Sadio Mané,Liverpool,Senegal,42
Benik Afobe,-,The Democratic Republic Of Congo,40
Stefano Okaka,-,Italy,40
Jay Rodriguez,-,England,40
Yaya Touré,-,Cote D'Ivoire,40
Sam Clucas,-,England,39
Joshua King,AFC Bournemouth,Norway,39
Nemanja Matic,-,Serbia,39
Dieudonne Mbokani Bezua,Hull City,The Democratic Republic Of Congo,39
Bacary Sagna,-,France,39
Georginio Wijnaldum,Liverpool,Netherlands,39
Daniel Drinkwater,-,England,38
Ragnar Klavan,-,Estonia,38
Eric Bailly,Manchester United,Cote D'Ivoire,37
Jack Cork,-,England,37
Matt Phillips,West Bromwich Albion,Scotland,37
Daniel Ayala,Middlesbrough,Spain,36
Francis Coquelin,-,France,36
Aaron Cresswell,West Ham United,England,36
Adama Diomande,-,Norway,35
Jeff Hendrick,Burnley,Ireland,35
Victor Moses,-,Nigeria,35
Charlie Daniels,AFC Bournemouth,England,34
Charlie Adam,-,Scotland,33
Daniel Amartey,-,Ghana,33
Etienne Capoue,Watford,France,33
Mason Holgate,-,England,33
Jake Livermore,West Bromwich Albion,England,33
Granit Xhaka,Arsenal,Switzerland,33
Gareth Barry,-,England,32
Idrissa Gueye,-,Senegal,32
James McArthur,Crystal Palace,Scotland,32
Jack Rodwell,-,England,32
Héctor Bellerín,Arsenal,Spain,31
James McClean,-,Ireland,31
Divock Origi,-,Belgium,31
Adam Smith,AFC Bournemouth,England,31
Gaël Clichy,-,France,30
Joey Barton,-,England,29
Jack Stephens,Southampton,England,29
Cédric Soares,-,Portugal,27
Leighton Baines,Everton,England,27
Fabio Borini,-,Italy,27
Chris Brunt,West Bromwich Albion,Northern Ireland,27
Ben Chilwell,Leicester City,England,27
Jason Denayer,-,Belgium,27
Bernardo Espinosa,Middlesbrough,Colombia,27
Ander Herrera,-,Spain,27
Rob Holding,Arsenal,England,27
Luka Milivojevic,Crystal Palace,Serbia,27
Danny Rose,Tottenham Hotspur,England,27
Glenn Whelan,-,Ireland,27
Jordan Henderson,Liverpool,England,26
Shinji Okazaki,-,Japan,26
Jason Puncheon,-,England,26
James Tarkowski,Burnley,England,26
Daley Blind,-,Netherlands,25
Matteo Darmian,-,Italy,25
Andy King,-,Wales,25
Oumar Niasse,-,Senegal,25
Jordi Amat,-,Spain,24
Wilfried Bony,-,Cote D'Ivoire,24
Adrian Mariappa,Watford,Jamaica,24
Mike van der Hoorn,Swansea City,Netherlands,24
Pablo Zabaleta,-,Argentina,24
Scott Arfield,-,Canada,23
George Boyd,-,Scotland,23
Sam Byram,-,England,23
Craig Cathcart,Watford,Northern Ireland,23
Mousa Dembélé,-,Belgium,23
Jeffrey Schlupp,-,Ghana,23
Joe Allen,Stoke City,Wales,22
Abel Hernández,-,Uruguay,22
Tom Huddlestone,-,England,22
Glen Johnson,-,England,22
Adam Lallana,-,England,22
Riyad Mahrez,-,Algeria,22
Didier Ndong,Sunderland,Gabon,22
Pedro Obiang,-,Equatorial Guinea,22
Robert Snodgrass,-,Scotland,22
Antonio Valencia,-,Ecuador,22
Nathan Aké,-,Netherlands,21
André Ayew,-,Ghana,21
Antonio Barragán,-,Spain,21
Christian Eriksen,Tottenham Hotspur,Denmark,21
Daryl Janmaat,Watford,Netherlands,21
Anthony Martial,Manchester United,France,21
Sam McQueen,-,England,21
Allan-Roméo Nyom,-,Cameroon,21
Martin Olsson,Swansea City,Sweden,21
Marc Pugh,-,England,21
Theo Walcott,-,England,21
James Ward-Prowse,Southampton,England,21
Valon Behrami,-,Switzerland,20
Adam Clayton,Middlesbrough,England,20
Séamus Coleman,-,Ireland,20
Kieran Gibbs,-,England,20
Eden Hazard,-,Belgium,20
Simone Zaza,-,Italy,20
Nacer Chadli,-,Belgium,19
Adlène Guédioura,-,Algeria,19
Branislav Ivanovic,-,Serbia,19
N'Golo Kanté,Chelsea,France,19
Vincent Kompany,-,Belgium,19
Simon Mignolet,-,Belgium,19
Håvard Nordtveit,-,Norway,19
Hal Robson-Kanu,West Bromwich Albion,Wales,19
Mamadou Sakho,-,France,19
Leroy Sané,Manchester City,Germany,19
Yohan Benalouane,-,Tunisia,18
Darren Fletcher,-,Scotland,18
Christian Kabasele,Watford,Belgium,18
Fernando,-,Brazil,18
Morgan Schneiderlin,Everton,France,18
Enner Valencia,-,Ecuador,18
Yannick Bolasie,-,The Democratic Republic Of Congo,17
Dominic Calvert-Lewin,Everton,England,17
Adam Forshaw,-,England,17
Pierre-Emile Højbjerg,-,Denmark,17
Javier Manquillo,-,Spain,17
Kevin Mirallas,-,Belgium,17
Andrew Surman,AFC Bournemouth,England,17
Danny Welbeck,-,England,17
Jay Fulton,-,Scotland,16
Odion Ighalo,-,Nigeria,16
Arthur Masuaku,West Ham United,The Democratic Republic Of Congo,16
David Silva,Manchester City,Spain,16
Connor Wickham,Crystal Palace,England,16
Lukasz Fabianski,-,Poland,15
M'Baye Niang,-,Senegal,15
Jonas Olsson,-,Sweden,15
Alex Oxlade-Chamberlain,-,England,15
Gastón Ramírez,-,Uruguay,15
Junior Stanislas,AFC Bournemouth,England,15
Adama Traoré,-,Mali,15
Dele Alli,Tottenham Hotspur,England,14
Kevin De Bruyne,Manchester City,Belgium,14
Abdoulaye Doucouré,Watford,France,14
Dan Gosling,AFC Bournemouth,England,14
Adnan Januzaj,-,Belgium,14
Sebastian Larsson,-,Sweden,14
Tyrone Mings,-,England,14
Alfred N'Diaye,Hull City,Senegal,14
Nathan Redmond,-,England,14
Alexis Sánchez,-,Chile,14
John Terry,-,England,14
Marko Arnautovic,-,Austria,13
Johann Gudmundsson,Burnley,Iceland,13
Nathaniel Clyne,-,England,13
Heurelho Gomes,-,Brazil,13
Angel Rangel,-,Spain,13
Wilfried Zaha,Crystal Palace,Cote D'Ivoire,13
Ashley Fletcher,-,England,12
Joe Ledley,-,Wales,12
Dean Marney,-,England,12
Wayne Rooney,-,England,12
Wayne Routledge,Swansea City,England,12
Moussa Sissoko,Tottenham Hotspur,France,12
Raheem Sterling,Manchester City,England,12
Steven Davis,-,Northern Ireland,11
Jan Kirchhoff,-,Germany,11
James McCarthy,-,Ireland,11
Patrick McNair,-,Northern Ireland,11
Marc Muniesa,-,Spain,11
Jordan Pickford,-,England,11
Kasper Schmeichel,Leicester City,Denmark,11
Luke Shaw,Manchester United,England,11
Artur Boruc,AFC Bournemouth,Poland,10
Sofiane Boufal,-,Morocco,10
Michael Carrick,-,England,10
Tom Davies,Everton,England,10
Lee Grant,-,England,10
David Meyler,-,Ireland,10
Henrikh Mkhitaryan,-,Armenia,10
Ahmed Musa,-,Nigeria,10
Son Heung-Min,Tottenham Hotspur,South Korea,10
Patrick van Aanholt,Crystal Palace,Netherlands,10
Juan Camilo Zuñiga,-,Colombia,10
Robbie Brady,Burnley,Ireland,9
Jonathan Calleri,-,Argentina,9
Stewart Downing,-,England,9
Cesc Fàbregas,-,Spain,9
Sofiane Feghouli,-,Algeria,9
Manolo Gabbiadini,-,Italy,9
Donald Love,-,Scotland,9
James Morrison,West Bromwich Albion,Scotland,9
Jesús Navas,-,Spain,9
Andrew Robertson,-,Scotland,9
Jack Wilshere,-,England,9
Nolito,-,Spain,8
Phil Bardsley,-,Scotland,8
Yohan Cabaye,-,France,8
Gabriel Jesus,Manchester City,Brazil,8
Ben Foster,-,England,8
Kevin Long,-,Ireland,8
Bryan Oviedo,-,Costa Rica,8
Matt Targett,-,England,8
Duncan Watmore,Sunderland,England,8
Kevin Wimmer,-,Austria,8
Sergio Agüero,Manchester City,Argentina,7
Marc Albrighton,Leicester City,England,7
Jordan Ayew,-,Ghana,7
Leon Britton,Swansea City,England,7
Lee Cattermole,Sunderland,England,7
Thibaut Courtois,-,Belgium,7
Darron Gibson,-,Ireland,7
Borja Bastón,-,Spain,7
Markus Henriksen,Hull City,Norway,7
Ki Sung-yueng,-,South Korea,7
Stephen Kingsley,-,Scotland,7
Lazar Markovic,-,Serbia,7
Lys Mousset,-,France,7
Mesut Özil,Arsenal,Germany,7
Aaron Ramsey,-,Wales,7
Pedro,Chelsea,Spain,7
Diafra Sakho,-,Senegal,7
Gylfi Sigurdsson,-,Iceland,7
Neil Taylor,-,Wales,7
Modou Barrow,-,Gambia,6
Jordy Clasie,-,Netherlands,6
Philippe Coutinho,-,Brazil,6
Omar Elabdellaoui,Hull City,Norway,6
Tom Heaton,-,England,6
Wayne Hennessey,-,Wales,6
Giannelli Imbula,-,The Democratic Republic Of Congo,6
Eldin Jakupovic,Hull City,Switzerland,6
Hugo Lloris,Tottenham Hotspur,France,6
Nsue,-,Equatorial Guinea,6
Víctor Valdés,Middlesbrough,Spain,6
Marc Wilson,-,Ireland,6
Philipp Wollscheid,-,Germany,6
Harry Arter,-,Ireland,5
Willy Caballero,-,Argentina,5
Tom Carroll,-,England,5
Petr Cech,-,Czech Republic,5
Mohamed Elneny,-,Egypt,5
Ryan Fraser,AFC Bournemouth,Scotland,5
Evandro,Hull City,Brazil,5
Demarai Gray,-,England,5
Marko Grujic,-,Serbia,5
Kelechi Iheanacho,-,Nigeria,5
Mile Jedinak,-,Australia,5
Chung-Yong Lee,-,South Korea,5
Jesse Lingard,Manchester United,England,5
Darren Randolph,-,Ireland,5
Isaac Success,-,Nigeria,5
Ashley Westwood,Burnley,England,5
Callum Wilson,AFC Bournemouth,England,5
Kurt Zouma,-,France,5
Nordin Amrabat,-,Morocco,4
Álvaro Arbeloa,-,Spain,4
Patrick Bamford,-,England,4
Saido Berahino,-,Burundi,4
Claudio Bravo,Manchester City,Chile,4
Nathaniel Chalobah,-,England,4
Tom Cleverley,-,England,4
Fabian Delph,-,England,4
Fraser Forster,-,England,4
Andre Gray,-,England,4
Luis Hernández,-,Spain,4
Alex Iwobi,-,Nigeria,4
Wahbi Khazri,-,Tunisia,4
Manuel Lanzini,West Ham United,Argentina,4
Grant Leadbitter,-,England,4
Cuco Martina,-,Curacao,4
Ryan Mason,Hull City,England,4
Juan Mata,Manchester United,Spain,4
Nampalys Mendy,-,France,4
Steven Pienaar,Sunderland,South Africa,4
Marcus Rashford,Manchester United,England,4
Jordan Rhodes,-,Scotland,4
Maarten Stekelenburg,Everton,Netherlands,4
Dusan Tadic,-,Serbia,4
Kieran Trippier,-,England,4
Josh Tymon,-,England,4
Michy Batshuayi,-,Belgium,3
Fraizer Campbell,-,England,3
Oscar,-,Brazil,3
Edimilson Fernandes,-,Switzerland,3
Sam Field,-,England,3
Viktor Fischer,-,Denmark,3
Jon Flanagan,-,England,3
Brendan Galloway,-,England,3
Vincent Janssen,-,Netherlands,3
Carl Jenkinson,-,England,3
Will Keane,-,England,3
Erik Lamela,Tottenham Hotspur,Argentina,3
Oliver McBurnie,-,Scotland,3
Jordon Mutch,-,England,3
Luciano Narsingh,-,Netherlands,3
Mark Noble,West Ham United,England,3
Dimitri Payet,-,France,3
Joel Robles,-,Spain,3
Bakary Sako,-,Mali,3
Ramadan Sobhi,-,Egypt,3
Kevin Stewart,-,England,3
Daniel Sturridge,-,England,3
Andros Townsend,Crystal Palace,England,3
Ashley Young,Manchester United,England,3
Daniel Agyei,-,England,2
Jack Butland,-,England,2
Martín Cáceres,-,Uruguay,2
Jermain Defoe,-,England,2
Shay Given,-,Ireland,2
Max-Alain Gradel,-,Cote D'Ivoire,2
Ilkay Gündogan,-,Germany,2
James Husband,-,England,2
David Jones,-,England,2
Rickie Lambert,-,England,2
Jeremain Lens,-,Netherlands,2
Steve Mandanda,-,France,2
David Marshall,-,Scotland,2
Alberto Moreno,-,Spain,2
Josh Onomah,-,England,2
Roberto Pereyra,Watford,Argentina,2
Lucas Pérez,-,Spain,2
Harrison Reed,-,England,2
Loïc Rémy,-,France,2
Adrián,-,Spain,2
Xherdan Shaqiri,-,Switzerland,2
Josh Sims,-,England,2
Axel Tuanzebe,-,England,2
Marcin Wasilewski,-,Poland,2
Mauro Zárate,-,Argentina,2
Ibrahim Afellay,-,Netherlands,1
Jonathan Benteke,-,Belgium,1
Willian,Chelsea,Brazil,1
Lewis Cook,AFC Bournemouth,England,1
David de Gea,Manchester United,Spain,1
Steven Defour,-,Belgium,1
Nathan Dyer,Swansea City,England,1
Mathieu Flamini,-,France,1
Timothy Fosu-Mensah,-,Netherlands,1
Aleix García,-,Spain,1
Craig Gardner,-,England,1
Lynden Gooch,-,United States,1
Kamil Grosicki,Hull City,Poland,1
George Honeyman,-,England,1
Lukas Jutkiewicz,-,England,1
Loris Karius,-,Germany,1
Jonjoe Kenny,-,England,1
Michael Kightly,-,England,1
Arouna Koné,-,Cote D'Ivoire,1
Bojan,-,Spain,1
Joleon Lescott,Sunderland,England,1
Ruben Loftus-Cheek,-,England,1
Ademola Lookman,-,England,1