Miguel Britos,-,Uruguay,2
Fernandinho,Manchester City,Brazil,2
Granit Xhaka,Arsenal,Switzerland,2
Nolito,-,Spain,1
Sergio Agüero,Manchester City,Argentina,1
Michail Antonio,-,England,1
Marko Arnautovic,-,Austria,1
Harry Arter,-,Ireland,1
Phil Bardsley,-,Scotland,1
Ashley Barnes,Burnley,Austria,1
Sam Byram,-,England,1
Sam Clucas,-,England,1
Aaron Cresswell,West Ham United,England,1
Papy Djilobodji,Sunderland,Senegal,1
Ahmed El Mohamady,-,Egypt,1
Sofiane Feghouli,-,Algeria,1
Marouane Fellaini,-,Belgium,1
Simon Francis,AFC Bournemouth,England,1
Jeff Hendrick,Burnley,Ireland,1
Ander Herrera,-,Spain,1
Miguel Britos,-,Uruguay,2
Fernandinho,Manchester City,Brazil,2
Granit Xhaka,Arsenal,Switzerland,2
Nolito,-,Spain,1
Sergio Agüero,Manchester City,Argentina,1
Michail Antonio,-,England,1
Marko Arnautovic,-,Austria,1
Harry Arter,-,Ireland,1
Phil Bardsley,-,Scotland,1
Ashley Barnes,Burnley,Austria,1
Sam Byram,-,England,1
Sam Clucas,-,England,1
Aaron Cresswell,West Ham United,England,1
Papy Djilobodji,Sunderland,Senegal,1
Ahmed El Mohamady,-,Egypt,1
Sofiane Feghouli,-,Algeria,1
Marouane Fellaini,-,Belgium,1
Simon Francis,AFC Bournemouth,England,1
Jeff Hendrick,Burnley,Ireland,1
Ander Herrera,-,Spain,1