Alexis Sánchez,-,Chile,48
Kevin De Bruyne,Manchester City,Belgium,31
Paul Pogba,Manchester United,France,28
David Silva,Manchester City,Spain,26
Christian Eriksen,Tottenham Hotspur,Denmark,20
Dusan Tadic,-,Serbia,20
Cesc Fàbregas,-,Spain,18
Mesut Özil,Arsenal,Germany,16
Xherdan Shaqiri,-,Switzerland,16
Philippe Coutinho,-,Brazil,15
Pedro,Chelsea,Spain,15
Fernandinho,Manchester City,Brazil,14
Granit Xhaka,Arsenal,Switzerland,14
Jack Wilshere,-,England,13
Dele Alli,Tottenham Hotspur,England,12
Diego Costa,-,Spain,12
Ander Herrera,-,Spain,12
Zlatan Ibrahimovic,-,Sweden,12
Yaya Touré,-,Cote D'Ivoire,12
Jesse Lingard,Manchester United,England,11
Alexis Sánchez,-,Chile,48
Kevin De Bruyne,Manchester City,Belgium,31
Paul Pogba,Manchester United,France,28
David Silva,Manchester City,Spain,26
Christian Eriksen,Tottenham Hotspur,Denmark,20
Dusan Tadic,-,Serbia,20
Cesc Fàbregas,-,Spain,18
Mesut Özil,Arsenal,Germany,16
Xherdan Shaqiri,-,Switzerland,16
Philippe Coutinho,-,Brazil,15
Pedro,Chelsea,Spain,15
Fernandinho,Manchester City,Brazil,14
Granit Xhaka,Arsenal,Switzerland,14
Jack Wilshere,-,England,13
Dele Alli,Tottenham Hotspur,England,12
Diego Costa,-,Spain,12
Ander Herrera,-,Spain,12
Zlatan Ibrahimovic,-,Sweden,12
Yaya Touré,-,Cote D'Ivoire,12
Jesse Lingard,Manchester United,England,11
Henrikh Mkhitaryan,-,Armenia,11
Alex Oxlade-Chamberlain,-,England,11
César Azpilicueta,Chelsea,Spain,10
Ross Barkley,-,England,10
Joe Allen,Stoke City,Wales,9
Roberto Firmino,Liverpool,Brazil,9
Steven Davis,-,Northern Ireland,9
Romelu Lukaku,-,Belgium,9
Riyad Mahrez,-,Algeria,9
Gastón Ramírez,-,Uruguay,9
Marko Arnautovic,-,Austria,8
Héctor Bellerín,Arsenal,Spain,8
Willian,Chelsea,Brazil,8
Darren Fletcher,-,Scotland,8
Adam Forshaw,-,England,8
N'Golo Kanté,Chelsea,France,8
Nemanja Matic,-,Serbia,8
Dimitri Payet,-,France,8
Charlie Adam,-,Scotland,7
Harry Arter,-,Ireland,7
Tom Huddlestone,-,England,7
Manuel Lanzini,West Ham United,Argentina,7
David Luiz,-,Brazil,7
Robert Snodgrass,-,Scotland,7
Junior Stanislas,AFC Bournemouth,England,7
Gareth Barry,-,England,6
Chris Brunt,West Bromwich Albion,Northern Ireland,6
Emre Can,-,Germany,6
Nacer Chadli,-,Belgium,6
Ilkay Gündogan,-,Germany,6
Eden Hazard,-,Belgium,6
Alex Iwobi,-,Nigeria,6
Aleksandar Kolarov,-,Serbia,6
Anthony Martial,Manchester United,France,6
Juan Mata,Manchester United,Spain,6
Nathan Redmond,-,England,6
Salomón Rondón,-,Venezuela,6
Gylfi Sigurdsson,-,Iceland,6
Adama Traoré,-,Spain,6
Francis Coquelin,-,France,5
Tom Davies,Everton,England,5
Troy Deeney,Watford,England,5
Leroy Fer,-,Netherlands,5
Ryan Fraser,AFC Bournemouth,Scotland,5
Jordan Henderson,Liverpool,England,5
Didier Ndong,Sunderland,Gabon,5
Pedro Obiang,-,Equatorial Guinea,5
Nicolás Otamendi,Manchester City,Argentina,5
Andrew Surman,AFC Bournemouth,England,5
Theo Walcott,-,England,5
Nolito,-,Spain,4
Sergio Agüero,Manchester City,Argentina,4
Scott Arfield,-,Canada,4
Jarrod Bowen,Hull City,England,4
Michael Carrick,-,England,4
Santi Cazorla,-,Spain,4
Olivier Giroud,-,France,4
Pierre-Emile Højbjerg,-,Denmark,4
Adnan Januzaj,-,Belgium,4
Wahbi Khazri,-,Tunisia,4
Adam Lallana,-,England,4
Jake Livermore,West Bromwich Albion,England,4
Matthew Lowton,-,England,4
James McArthur,Crystal Palace,Scotland,4
James Morrison,West Bromwich Albion,Scotland,4
Shkodran Mustafi,Arsenal,Germany,4
Wayne Rooney,-,England,4
Raheem Sterling,Manchester City,England,4
Wilfried Zaha,Crystal Palace,Cote D'Ivoire,4
Marc Albrighton,Leicester City,England,3
Michail Antonio,-,England,3
Ashley Barnes,Burnley,Austria,3
Joey Barton,-,England,3
Yohan Cabaye,-,France,3
Jonathan Calleri,-,Argentina,3
Lee Cattermole,Sunderland,England,3
Gaël Clichy,-,France,3
Charlie Daniels,AFC Bournemouth,England,3
Mousa Dembélé,-,Belgium,3
Adama Diomande,-,Norway,3
Daniel Drinkwater,-,England,3
Sofiane Feghouli,-,Algeria,3
Adlène Guédioura,-,Algeria,3
Kelechi Iheanacho,-,Nigeria,3
Lucas Leiva,-,Brazil,3
Sadio Mané,Liverpool,Senegal,3
Lazar Markovic,-,Serbia,3
Victor Moses,-,Nigeria,3
Álvaro Negredo,-,Spain,3
Mark Noble,West Ham United,England,3
Shinji Okazaki,-,Japan,3
Steven Pienaar,Sunderland,South Africa,3
Aaron Ramsey,-,Wales,3
Jay Rodriguez,-,England,3
Jack Rodwell,-,England,3
Islam Slimani,-,Algeria,3
Daniel Sturridge,-,England,3
Sam Vokes,-,Wales,3
James Ward-Prowse,Southampton,England,3
Georginio Wijnaldum,Liverpool,Netherlands,3
Marcos Alonso,Chelsea,Spain,2
Nordin Amrabat,-,Morocco,2
Charlie Austin,-,England,2
Michy Batshuayi,-,Belgium,2
Ryan Bertrand,-,England,2
Yannick Bolasie,-,The Democratic Republic Of Congo,2
Fabio Borini,-,Italy,2
Sofiane Boufal,-,Morocco,2
Etienne Capoue,Watford,France,2
Ben Chilwell,Leicester City,England,2
Adam Clayton,Middlesbrough,England,2
Tom Cleverley,-,England,2
Sam Clucas,-,England,2
Steve Cook,AFC Bournemouth,England,2
Peter Crouch,-,England,2
Fabio,-,Brazil,2
Gabriel Jesus,Manchester City,Brazil,2
Stewart Downing,-,England,2
Giannelli Imbula,-,The Democratic Republic Of Congo,2
Harry Kane,Tottenham Hotspur,England,2
Joshua King,AFC Bournemouth,Norway,2
Bojan,-,Spain,2
Sebastian Larsson,-,Sweden,2
James McClean,-,Ireland,2
James Milner,Liverpool,England,2
Alfred N'Diaye,Hull City,Senegal,2
Jesús Navas,-,Spain,2
M'Baye Niang,-,Senegal,2
Matt Phillips,West Bromwich Albion,Scotland,2
Marc Pugh,-,England,2
Jason Puncheon,-,England,2
Adam Smith,AFC Bournemouth,England,2
Jack Stephens,Southampton,England,2
Enner Valencia,-,Ecuador,2
Patrick van Aanholt,Crystal Palace,Netherlands,2
Duncan Watmore,Sunderland,England,2
Juan Camilo Zuñiga,-,Colombia,2
Ibrahim Afellay,-,Netherlands,1
Nathan Aké,-,Netherlands,1
Toby Alderweireld,Tottenham Hotspur,Belgium,1
Cédric Soares,-,Portugal,1
Daniel Ayala,Middlesbrough,Spain,1
Leighton Baines,Everton,England,1
Antonio Barragán,-,Spain,1
Valon Behrami,-,Switzerland,1
Christian Benteke,Crystal Palace,Belgium,1
Saido Berahino,-,Burundi,1
Johann Gudmundsson,Burnley,Iceland,1
Daley Blind,-,Netherlands,1
George Boyd,-,Scotland,1
Miguel Britos,-,Uruguay,1
Sam Byram,-,England,1
Gary Cahill,-,England,1
Geoff Cameron,-,United States,1
Andy Carroll,-,England,1
Nathaniel Chalobah,-,England,1
Nathaniel Clyne,-,England,1
Séamus Coleman,-,Ireland,1
Lewis Cook,AFC Bournemouth,England,1
Jack Cork,-,England,1
Ben Davies,Tottenham Hotspur,Wales,1
Craig Dawson,-,England,1
Marten de Roon,-,Netherlands,1
Jermain Defoe,-,England,1
Steven Defour,-,Belgium,1
Damien Delaney,-,Ireland,1
Oscar,-,Brazil,1
Ahmed El Mohamady,-,Egypt,1
Marouane Fellaini,-,Belgium,1
Jay Fulton,-,Scotland,1
Darron Gibson,-,Ireland,1
Evandro,Hull City,Brazil,1
Dan Gosling,AFC Bournemouth,England,1
Idrissa Gueye,-,Senegal,1
Markus Henriksen,Hull City,Norway,1
Abel Hernández,-,Uruguay,1
Odion Ighalo,-,Nigeria,1
Branislav Ivanovic,-,Serbia,1
Daryl Janmaat,Watford,Netherlands,1
Vincent Janssen,-,Netherlands,1
Glen Johnson,-,England,1
Andy King,-,Wales,1
Jan Kirchhoff,-,Germany,1
Ragnar Klavan,-,Estonia,1
Lamine Koné,Sunderland,Cote D'Ivoire,1
Grant Leadbitter,-,England,1
Joe Ledley,-,Wales,1
Jeremain Lens,-,Netherlands,1
Donald Love,-,Scotland,1
Dejan Lovren,-,Croatia,1
Harry Maguire,-,England,1
Dean Marney,-,England,1
Ryan Mason,Hull City,England,1
Joel Matip,Liverpool,Cameroon,1
Alfie Mawson,-,England,1
Dieudonne Mbokani Bezua,Hull City,The Democratic Republic Of Congo,1
David Meyler,-,Ireland,1
Luka Milivojevic,Crystal Palace,Serbia,1
Kevin Mirallas,-,Belgium,1
Demetri Mitchell,-,England,1
Jan Vertonghen,Tottenham Hotspur,Belgium,1
Kyle Walker,-,England,1
Victor Wanyama,Tottenham Hotspur,Kenya,1
Joel Ward,-,England,1
Glenn Whelan,-,Ireland,1
Connor Wickham,Crystal Palace,England,1
Harry Winks,Tottenham Hotspur,England,1
Philipp Wollscheid,-,Germany,1
Ashley Young,Manchester United,England,1
Gerard Deulofeu,-,Spain,0
Nsue,-,Equatorial Guinea,0