Steve Cook,AFC Bournemouth,England,226
Michael Keane,-,England,176
Ben Mee,Burnley,England,176
Ashley Williams,-,Wales,152
Gareth McAuley,-,Northern Ireland,150
Winston Reid,West Ham United,New Zealand,144
Nicolás Otamendi,Manchester City,Argentina,140
Ryan Shawcross,Stoke City,England,135
Simon Francis,AFC Bournemouth,England,134
Jan Vertonghen,Tottenham Hotspur,Belgium,128
Phil Jagielka,-,England,127
Laurent Koscielny,-,France,126
Ben Gibson,-,England,119
Federico Fernández,-,Argentina,117
Robert Huth,-,Germany,116
Lamine Koné,Sunderland,Cote D'Ivoire,112
Dejan Lovren,-,Croatia,112
Gary Cahill,-,England,110
Bruno Martins Indi,-,Netherlands,107
Aleksandar Kolarov,-,Serbia,106
Steve Cook,AFC Bournemouth,England,226
Michael Keane,-,England,176
Ben Mee,Burnley,England,176
Ashley Williams,-,Wales,152
Gareth McAuley,-,Northern Ireland,150
Winston Reid,West Ham United,New Zealand,144
Nicolás Otamendi,Manchester City,Argentina,140
Ryan Shawcross,Stoke City,England,135
Simon Francis,AFC Bournemouth,England,134
Jan Vertonghen,Tottenham Hotspur,Belgium,128
Phil Jagielka,-,England,127
Laurent Koscielny,-,France,126
Ben Gibson,-,England,119
Federico Fernández,-,Argentina,117
Robert Huth,-,Germany,116
Lamine Koné,Sunderland,Cote D'Ivoire,112
Dejan Lovren,-,Croatia,112
Gary Cahill,-,England,110
Bruno Martins Indi,-,Netherlands,107
Aleksandar Kolarov,-,Serbia,106
Calum Chambers,Middlesbrough,England,103
José Fonte,-,Portugal,101
Curtis Davies,-,England,101
David Luiz,-,Brazil,101
Harry Maguire,-,England,101
James Collins,-,Wales,96
Craig Dawson,-,England,96
Matthew Lowton,-,England,96
Christian Fuchs,Leicester City,Austria,95
Alfie Mawson,-,England,95
John O'Shea,-,Ireland,95
Jonny Evans,-,Northern Ireland,91
Sebastian Prödl,Watford,Austria,90
Damien Delaney,-,Ireland,89
Phil Jones,Manchester United,England,88
Eric Dier,Tottenham Hotspur,England,87
Virgil van Dijk,-,Netherlands,87
Miguel Britos,-,Uruguay,85
Shkodran Mustafi,Arsenal,Germany,85
Stephen Ward,-,Ireland,85
Toby Alderweireld,Tottenham Hotspur,Belgium,84
Wes Morgan,Leicester City,Jamaica,84
César Azpilicueta,Chelsea,Spain,83
Papy Djilobodji,Sunderland,Senegal,83
Marcos Rojo,-,Argentina,83
Joel Matip,Liverpool,Cameroon,81
Maya Yoshida,-,Japan,81
Danny Simpson,-,England,80
Michael Dawson,-,England,78
Chris Smalling,-,England,77
Joel Ward,-,England,76
Cheikhou Kouyaté,-,Senegal,74
Martin Kelly,Crystal Palace,England,71
Ramiro Funes Mori,-,Argentina,70
Andrea Ranocchia,Hull City,Italy,70
James Tomkins,Crystal Palace,England,69
Scott Dann,-,England,65
José Holebas,Watford,Greece,65
Billy Jones,-,England,64
John Stones,Manchester City,England,63
Younes Kaboul,-,France,62
Eric Bailly,Manchester United,Cote D'Ivoire,60
Erik Pieters,-,Netherlands,60
Angelo Ogbonna,West Ham United,Italy,58
Allan-Roméo Nyom,-,Cameroon,57
Kyle Naughton,-,England,54
Ahmed El Mohamady,-,Egypt,53
Nacho Monreal,-,Spain,52
James Milner,Liverpool,England,50
Jordi Amat,-,Spain,49
Daley Blind,-,Netherlands,49
George Friend,Middlesbrough,England,49
Gabriel Paulista,-,Brazil,48
Ragnar Klavan,-,Estonia,48
Álvaro Negredo,-,Spain,46
Kyle Walker,-,England,46
Nathan Aké,-,Netherlands,45
Gaël Clichy,-,France,45
Jack Stephens,Southampton,England,45
Jason Denayer,-,Belgium,44
Mason Holgate,-,England,44
Fabio,-,Brazil,42
Ben Davies,Tottenham Hotspur,Wales,41
Marcos Alonso,Chelsea,Spain,40
Daniel Ayala,Middlesbrough,Spain,40
Leighton Baines,Everton,England,40
Séamus Coleman,-,Ireland,40
Cédric Soares,-,Portugal,39
Christian Benteke,Crystal Palace,Belgium,39
Charlie Daniels,AFC Bournemouth,England,39
Bernardo Espinosa,Middlesbrough,Colombia,39
Marouane Fellaini,-,Belgium,39
Victor Wanyama,Tottenham Hotspur,Kenya,38
Troy Deeney,Watford,England,37
Fernandinho,Manchester City,Brazil,37
Adam Smith,AFC Bournemouth,England,36
Antonio Barragán,-,Spain,35
Gareth Barry,-,England,34
Sam Byram,-,England,34
Andy Carroll,-,England,34
Marten de Roon,-,Netherlands,34
Leroy Fer,-,Netherlands,34
Tom Huddlestone,-,England,34
Patrick van Aanholt,Crystal Palace,Netherlands,34
Yohan Benalouane,-,Tunisia,33
Lucas Leiva,-,Brazil,33
Nemanja Matic,-,Serbia,33
Mamadou Sakho,-,France,33
Mike van der Hoorn,Swansea City,Netherlands,33
Jake Livermore,West Bromwich Albion,England,32
Paul Pogba,Manchester United,France,32
Oriol Romeu,-,Spain,32
Salomón Rondón,-,Venezuela,32
Claudio Yacob,-,Argentina,32
Daniel Drinkwater,-,England,31
Ryan Bertrand,-,England,30
Diego Costa,-,Spain,30
Victor Moses,-,Nigeria,30
Martin Olsson,Swansea City,Sweden,30
Ross Barkley,-,England,29
Emre Can,-,Germany,29
Christian Kabasele,Watford,Belgium,29
Wilfred Ndidi,Leicester City,Nigeria,29
Pablo Zabaleta,-,Argentina,29
Vincent Kompany,-,Belgium,28
Adrian Mariappa,Watford,Jamaica,28
Andrew Robertson,-,Scotland,28
Bacary Sagna,-,France,28
Aaron Cresswell,West Ham United,England,27
Rob Holding,Arsenal,England,27
Fernando Llorente,-,Spain,27
Antonio Valencia,-,Ecuador,27
Sam Vokes,-,Wales,27
Geoff Cameron,-,United States,26
Matteo Darmian,-,Italy,26
Steven Davis,-,Northern Ireland,26
Jack Rodwell,-,England,26
Jeffrey Schlupp,-,Ghana,26
Yaya Touré,-,Cote D'Ivoire,26
Craig Cathcart,Watford,Northern Ireland,25
Kieran Gibbs,-,England,25
Joshua King,AFC Bournemouth,Norway,25
Jonas Olsson,-,Sweden,25
Danny Rose,Tottenham Hotspur,England,25
Héctor Bellerín,Arsenal,Spain,24
Sam Clucas,-,England,24
Glen Johnson,-,England,24
Victor Anichebe,Sunderland,Nigeria,23
Jack Cork,-,England,23
Fernando,-,Brazil,23
Andrew Surman,AFC Bournemouth,England,23
Francis Coquelin,-,France,22
Andy King,-,Wales,22
Didier Ndong,Sunderland,Gabon,22
Chris Brunt,West Bromwich Albion,Northern Ireland,21
Peter Crouch,-,England,21
Javier Manquillo,-,Spain,21
Georginio Wijnaldum,Liverpool,Netherlands,21
Daniel Amartey,-,Ghana,20
Jordan Henderson,Liverpool,England,20
Daryl Janmaat,Watford,Netherlands,20
Tyrone Mings,-,England,20
Angel Rangel,-,Spain,20
James Tarkowski,Burnley,England,20
Glenn Whelan,-,Ireland,20
Mame Biram Diouf,Stoke City,Senegal,19
Granit Xhaka,Arsenal,Switzerland,19
Michael Carrick,-,England,18
Nathaniel Clyne,-,England,18
Zlatan Ibrahimovic,-,Sweden,18
Pedro Obiang,-,Equatorial Guinea,18
Michail Antonio,-,England,17
Jon Flanagan,-,England,17
Jeff Hendrick,Burnley,Ireland,17
Ander Herrera,-,Spain,17
Marc Muniesa,-,Spain,17
Jason Puncheon,-,England,17
Benik Afobe,-,The Democratic Republic Of Congo,16
George Boyd,-,Scotland,16
Adam Clayton,Middlesbrough,England,16
Pierre-Emile Højbjerg,-,Denmark,16
Romelu Lukaku,-,Belgium,16
John Terry,-,England,16
Jonathan Walters,-,Ireland,16
James Ward-Prowse,Southampton,England,16
Ashley Barnes,Burnley,Austria,15
Omar Elabdellaoui,Hull City,Norway,15
Darren Fletcher,-,Scotland,15
Idrissa Gueye,-,Senegal,15
Branislav Ivanovic,-,Serbia,15
Harry Kane,Tottenham Hotspur,England,15
N'Golo Kanté,Chelsea,France,15
Arthur Masuaku,West Ham United,The Democratic Republic Of Congo,15
Håvard Nordtveit,-,Norway,15
Dean Marney,-,England,14
Luka Milivojevic,Crystal Palace,Serbia,14
Sam McQueen,-,England,13
Matt Phillips,West Bromwich Albion,Scotland,13
Jay Rodriguez,-,England,13
Morgan Schneiderlin,Everton,France,13
Luke Shaw,Manchester United,England,13
Joe Allen,Stoke City,Wales,12
Roberto Firmino,Liverpool,Brazil,12
Mousa Dembélé,-,Belgium,12
Olivier Giroud,-,France,12
Sebastian Larsson,-,Sweden,12
Shane Long,-,Ireland,12
James McClean,-,Ireland,12
Dele Alli,Tottenham Hotspur,England,11
Scott Arfield,-,Canada,11
Fabio Borini,-,Italy,11
Adnan Januzaj,-,Belgium,11
Oumar Niasse,-,Senegal,11
Alex Oxlade-Chamberlain,-,England,11
Robert Snodgrass,-,Scotland,11
Charlie Austin,-,England,10
Phil Bardsley,-,Scotland,10
Joey Barton,-,England,10
Wilfried Bony,-,Cote D'Ivoire,10
Etienne Capoue,Watford,France,10
Adam Forshaw,-,England,10
Darron Gibson,-,Ireland,10
Adam Lallana,-,England,10
Joe Ledley,-,Wales,10
David Meyler,-,Ireland,10
Marc Pugh,-,England,10
Charlie Adam,-,Scotland,9
Dan Gosling,AFC Bournemouth,England,9
Jan Kirchhoff,-,Germany,9
Joleon Lescott,Sunderland,England,9
Donald Love,-,Scotland,9
Bryan Oviedo,-,Costa Rica,9
Cristhian Stuani,Middlesbrough,Uruguay,9
Neil Taylor,-,Wales,9
Theo Walcott,-,England,9
Marc Wilson,-,Ireland,9
Kevin Wimmer,-,Austria,9
Valon Behrami,-,Switzerland,8
Ben Chilwell,Leicester City,England,8
Cesc Fàbregas,-,Spain,8
Manolo Gabbiadini,-,Italy,8
James McArthur,Crystal Palace,Scotland,8
Alfred N'Diaye,Hull City,Senegal,8
Mark Noble,West Ham United,England,8
Hal Robson-Kanu,West Bromwich Albion,Wales,8
Wayne Routledge,Swansea City,England,8
David Silva,Manchester City,Spain,8
Harry Arter,-,Ireland,7
Yannick Bolasie,-,The Democratic Republic Of Congo,7
Ryan Fraser,AFC Bournemouth,Scotland,7
Rudy Gestede,Middlesbrough,Benin,7
Luis Hernández,-,Spain,7
Stephen Kingsley,-,Scotland,7
Riyad Mahrez,-,Algeria,7
Kevin Mirallas,-,Belgium,7
Nsue,-,Equatorial Guinea,7
Gastón Ramírez,-,Uruguay,7
Moussa Sissoko,Tottenham Hotspur,France,7
Danny Welbeck,-,England,7
Kurt Zouma,-,France,7
Marc Albrighton,Leicester City,England,6
André Ayew,-,Ghana,6
Johann Gudmundsson,Burnley,Iceland,6
Leon Britton,Swansea City,England,6
Lee Cattermole,Sunderland,England,6
Tom Cleverley,-,England,6
Abdoulaye Doucouré,Watford,France,6
Christian Eriksen,Tottenham Hotspur,Denmark,6
Jay Fulton,-,Scotland,6
Ki Sung-yueng,-,South Korea,6
Kevin Long,-,Ireland,6
Cuco Martina,-,Curacao,6
Alberto Moreno,-,Spain,6
Wayne Rooney,-,England,6
Andros Townsend,Crystal Palace,England,6
Axel Tuanzebe,-,England,6
Josh Tymon,-,England,6
Enner Valencia,-,Ecuador,6
Connor Wickham,Crystal Palace,England,6
Ashley Young,Manchester United,England,6
Juan Camilo Zuñiga,-,Colombia,6
Yohan Cabaye,-,France,5
Dominic Calvert-Lewin,Everton,England,5
Tom Davies,Everton,England,5
Adama Diomande,-,Norway,5
Stewart Downing,-,England,5
Adlène Guédioura,-,Algeria,5
Markus Henriksen,Hull City,Norway,5
Giannelli Imbula,-,The Democratic Republic Of Congo,5
Hugo Lloris,Tottenham Hotspur,France,5
Sadio Mané,Liverpool,Senegal,5
Lazar Markovic,-,Serbia,5
Anthony Martial,Manchester United,France,5
James McCarthy,-,Ireland,5
Stefano Okaka,-,Italy,5
Shinji Okazaki,-,Japan,5
Junior Stanislas,AFC Bournemouth,England,5
Isaac Success,-,Nigeria,5
Matt Targett,-,England,5
Leonardo Ulloa,-,Argentina,5
Philipp Wollscheid,-,Germany,5
Álvaro Arbeloa,-,Spain,4
Marko Arnautovic,-,Austria,4
Robbie Brady,Burnley,Ireland,4
Martín Cáceres,-,Uruguay,4
Edimilson Fernandes,-,Switzerland,4
Dieudonne Mbokani Bezua,Hull City,The Democratic Republic Of Congo,4
Henrikh Mkhitaryan,-,Armenia,4
Lys Mousset,-,France,4
M'Baye Niang,-,Senegal,4
Matthew Pennington,-,England,4
Diafra Sakho,-,Senegal,4
Gylfi Sigurdsson,-,Iceland,4
Brad Smith,-,Australia,4
Kieran Trippier,-,England,4
Jamie Vardy,Leicester City,England,4
Nordin Amrabat,-,Morocco,3
Kevin De Bruyne,Manchester City,Belgium,3
Sofiane Feghouli,-,Algeria,3
Ashley Fletcher,-,England,3
Borja Bastón,-,Spain,3
Demarai Gray,-,England,3
Kamil Grosicki,Hull City,Poland,3
James Morrison,West Bromwich Albion,Scotland,3
Mesut Özil,Arsenal,Germany,3
Aaron Ramsey,-,Wales,3
Pedro,Chelsea,Spain,3
Leroy Sané,Manchester City,Germany,3
Kasper Schmeichel,Leicester City,Denmark,3
Son Heung-Min,Tottenham Hotspur,South Korea,3
Pape Souaré,-,Senegal,3
Jack Wilshere,-,England,3
Nolito,-,Spain,2
Trent Alexander-Arnold,Liverpool,England,2
Jordan Ayew,-,Ghana,2
Willian,Chelsea,Brazil,2
Jonathan Calleri,-,Argentina,2
Tom Carroll,-,England,2
Petr Cech,-,Czech Republic,2
Nacer Chadli,-,Belgium,2
Nathaniel Chalobah,-,England,2
Jordy Clasie,-,Netherlands,2
Oscar,-,Brazil,2
Mohamed Elneny,-,Egypt,2
Mathieu Flamini,-,France,2
Timothy Fosu-Mensah,-,Netherlands,2
Ezekiel Fryers,-,England,2
Brendan Galloway,-,England,2
Max-Alain Gradel,-,Cote D'Ivoire,2
Ilkay Gündogan,-,Germany,2
Kelechi Iheanacho,-,Nigeria,2
Vincent Janssen,-,Netherlands,2
Carl Jenkinson,-,England,2
Bojan,-,Spain,2
Manuel Lanzini,West Ham United,Argentina,2
Grant Leadbitter,-,England,2
Jesse Lingard,Manchester United,England,2
Shaun Maloney,Hull City,Scotland,2
Scott McTominay,Manchester United,Scotland,2
Per Mertesacker,-,Germany,2
Jefferson Montero,-,Ecuador,2
Ahmed Musa,-,Nigeria,2
Georges-Kévin Nkoudou,-,France,2
Steven Pienaar,Sunderland,South Africa,2
Harrison Reed,-,England,2
Jordan Rhodes,-,Scotland,2
Islam Slimani,-,Algeria,2
Dusan Tadic,-,Serbia,2
Marcin Wasilewski,-,Poland,2
Duncan Watmore,Sunderland,England,2
Wilfried Zaha,Crystal Palace,Cote D'Ivoire,2
Sergio Agüero,Manchester City,Argentina,1
Patrick Bamford,-,England,1
Modou Barrow,-,Gambia,1
Michy Batshuayi,-,Belgium,1
Jonathan Benteke,-,Belgium,1
Saido Berahino,-,Burundi,1
Sofiane Boufal,-,Morocco,1
Fraizer Campbell,-,England,1
Santi Cazorla,-,Spain,1
Thibaut Courtois,-,Belgium,1
Philippe Coutinho,-,Brazil,1
Heurelho Gomes,-,Brazil,1
Steven Defour,-,Belgium,1
Fabian Delph,-,England,1
Nathan Dyer,Swansea City,England,1
Sam Field,-,England,1
Craig Gardner,-,England,1
Evandro,Hull City,Brazil,1
Lynden Gooch,-,United States,1
Lee Grant,-,England,1
Abel Hernández,-,Uruguay,1
James Husband,-,England,1
Jordon Ibe,AFC Bournemouth,England,1
Odion Ighalo,-,Nigeria,1
Alex Iwobi,-,Nigeria,1
Eldin Jakupovic,Hull City,Switzerland,1
Loris Karius,-,Germany,1
Will Keane,-,England,1
Chung-Yong Lee,-,South Korea,1
Aaron Lennon,-,England,1
Ademola Lookman,-,England,1
Brandon Mason,-,England,1
Ryan Mason,Hull City,England,1
Nampalys Mendy,-,France,1
Jordon Mutch,-,England,1
Jesús Navas,-,Spain,1
Aiden O'Neill,-,Australia,1
Divock Origi,-,Belgium,1
Roberto Pereyra,Watford,Argentina,1
Jérémy Pied,-,France,1
Nathan Redmond,-,England,1
Joel Robles,-,Spain,1
Xherdan Shaqiri,-,Switzerland,1
Kevin Stewart,-,England,1
Adama Traoré,-,Mali,1
Víctor Valdés,Middlesbrough,Spain,1
Callum Wilson,AFC Bournemouth,England,1
Harry Winks,Tottenham Hotspur,England,1
Simone Zaza,-,Italy,1