Jack Cork,-,England,2
Robert Huth,-,Germany,2
Alfie Mawson,-,England,2
Ben Mee,Burnley,England,2
Tyrone Mings,-,England,2
Ryan Shawcross,Stoke City,England,2
Gary Cahill,-,England,1
Petr Cech,-,Czech Republic,1
Steve Cook,AFC Bournemouth,England,1
Heurelho Gomes,-,Brazil,1
Curtis Davies,-,England,1
Steven Davis,-,Northern Ireland,1
Michael Dawson,-,England,1
Troy Deeney,Watford,England,1
Jason Denayer,-,Belgium,1
Ahmed El Mohamady,-,Egypt,1
Shay Given,-,Ireland,1
Tom Huddlestone,-,England,1
Giannelli Imbula,-,The Democratic Republic Of Congo,1
Aleksandar Kolarov,-,Serbia,1
Jack Cork,-,England,2
Robert Huth,-,Germany,2
Alfie Mawson,-,England,2
Ben Mee,Burnley,England,2
Tyrone Mings,-,England,2
Ryan Shawcross,Stoke City,England,2
Gary Cahill,-,England,1
Petr Cech,-,Czech Republic,1
Steve Cook,AFC Bournemouth,England,1
Heurelho Gomes,-,Brazil,1
Curtis Davies,-,England,1
Steven Davis,-,Northern Ireland,1
Michael Dawson,-,England,1
Troy Deeney,Watford,England,1
Jason Denayer,-,Belgium,1
Ahmed El Mohamady,-,Egypt,1
Shay Given,-,Ireland,1
Tom Huddlestone,-,England,1
Giannelli Imbula,-,The Democratic Republic Of Congo,1
Aleksandar Kolarov,-,Serbia,1